date,day,day_of_week,day_of_week_cos,day_of_week_sin,day_of_year,day_of_year_cos,day_of_year_sin,days_until_holiday,estoque_atual,is_holiday,is_payday,is_weekend,item,lag_1,lag_14,lag_2,lag_21,lag_28,lag_3,lag_7,lag_91,month,month_cos,month_sin,pedido_final,rolling_mean_28,rolling_mean_7,rolling_mean_91,rolling_std_28,rolling_std_7,rolling_std_91,sales_diff_lag1,sales_diff_lag7,store,timestamp_captura,y_pred
2024-01-15,15,0,1.0,0.0,15,0.9668478136052775,0.255353295116187,74,0,0,0,False,25,4.48863636973214,4.59511985013459,4.477336814478207,4.59511985013459,4.663439094112067,4.406719247264253,4.68213122712422,4.709530201312334,1,0.8660254037844387,0.49999999999999994,0,4.463595541325947,4.453493615461432,4.546840982703313,0.12605749553497622,0.11424322894960665,0.16617662021209664,0,0,1,2025-12-19T07:12:37.520535,4.335534572601318
2024-01-15,15,0,1.0,0.0,15,0.9668478136052775,0.255353295116187,74,0,0,0,False,25,4.48863636973214,4.59511985013459,4.477336814478207,4.59511985013459,4.663439094112067,4.406719247264253,4.68213122712422,4.709530201312334,1,0.8660254037844387,0.49999999999999994,0,4.463595541325947,4.453493615461432,4.546840982703313,0.12605749553497622,0.11424322894960665,0.16617662021209664,0,0,1,2025-12-19T15:07:58.219169,4.335534572601318
2024-01-15,15,0,1.0,0.0,15,0.9668478136052775,0.255353295116187,74,10,0,0,False,25,4.48863636973214,4.59511985013459,4.477336814478207,4.59511985013459,4.663439094112067,4.406719247264253,4.68213122712422,4.709530201312334,1,0.8660254037844387,0.49999999999999994,7,4.4635955413259465,4.453493615461433,4.546840982703313,0.1260574955349619,0.11424322894960116,0.16617662021207588,0,0,1,2025-12-19T15:08:26.023116,4.3355346
2024-01-15,15,0,1.0,0.0,15,0.9668478136052775,0.255353295116187,74,5,0,0,False,30,3.970291913552122,3.9512437185814275,3.6635616461296463,3.9318256327243257,3.7376696182833684,3.9889840465642745,3.970291913552122,3.9512437185814275,1,0.8660254037844387,0.49999999999999994,11,3.7815237405129247,3.7478435583655014,3.879401084893614,0.18535167945809028,0.23625105431515103,0.2018589216578871,0,0,1,2025-12-19T15:08:26.023116,3.4910505
2017-10-01,1,6,0.6234898018587334,-0.7818314824680299,274,0.004303538296243821,-0.9999907397361901,11,0,0,1,True,1,3.4339872044851463,3.4339872044851463,3.367295829986474,3.4339872044851463,3.1780538303479458,3.1780538303479458,3.2188758248682006,3.6635616461296463,10,0.5000000000000001,-0.8660254037844386,0,3.188463555765254,3.168986625733089,3.2697709932975503,0.2607527153992202,0.2587299443281496,0.24576239152649595,0,0,1,2025-12-19T16:05:46.177418,3.271141767501831
2017-10-02,2,0,1.0,0.0,275,0.021516097436222233,-0.9997685019798909,10,1,0,1,False,1,3.4339872044851463,3.4339872044851463,3.367295829986474,3.4339872044851463,3.1780538303479458,3.1780538303479458,3.2188758248682006,3.6635616461296463,10,0.5000000000000001,-0.8660254037844386,14,3.188463555765254,3.168986625733089,3.2697709932975503,0.2607527153992185,0.2587299443281552,0.24576239152651405,0,0,1,2025-12-19T16:05:48.308095,2.901446
2017-10-03,3,1,0.6234898018587336,0.7818314824680298,276,0.03872228089217399,-0.9992500112396835,9,0,0,1,False,1,3.4339872044851463,3.4339872044851463,3.367295829986474,3.4339872044851463,3.1780538303479458,3.1780538303479458,3.2188758248682006,3.6635616461296463,10,0.5000000000000001,-0.8660254037844386,0,3.188463555765254,3.168986625733089,3.2697709932975503,0.2607527153992202,0.2587299443281496,0.24576239152649595,0,0,1,2025-12-19T16:05:50.382438,3.041431427001953
2017-10-04,4,2,-0.22252093395631434,0.9749279121818236,277,0.05591699010060302,-0.9984354211555643,8,8,0,1,False,1,3.4339872044851463,3.4339872044851463,3.367295829986474,3.4339872044851463,3.1780538303479458,3.1780538303479458,3.2188758248682006,3.6635616461296463,10,0.5000000000000001,-0.8660254037844386,8,3.188463555765254,3.168986625733089,3.2697709932975503,0.2607527153992185,0.2587299443281552,0.24576239152651405,0,0,1,2025-12-19T16:05:52.486514,3.0427818
2017-10-05,5,3,-0.900968867902419,0.43388373911755823,278,0.07309512989807776,-0.9973249731081555,7,0,0,1,False,1,3.4339872044851463,3.4339872044851463,3.367295829986474,3.4339872044851463,3.1780538303479458,3.1780538303479458,3.2188758248682006,3.6635616461296463,10,0.5000000000000001,-0.8660254037844386,0,3.188463555765254,3.168986625733089,3.2697709932975503,0.2607527153992202,0.2587299443281496,0.24576239152649595,0,0,1,2025-12-19T16:05:54.557442,3.1087653636932373
2017-10-06,6,4,-0.9009688679024191,-0.433883739117558,279,0.0902516100310407,-0.9959189961471792,6,17,0,1,False,1,3.4339872044851463,3.4339872044851463,3.367295829986474,3.4339872044851463,3.1780538303479458,3.1780538303479458,3.2188758248682006,3.6635616461296463,10,0.5000000000000001,-0.8660254037844386,0,3.188463555765254,3.168986625733089,3.2697709932975503,0.2607527153992185,0.2587299443281552,0.24576239152651405,0,0,1,2025-12-19T16:05:56.649322,3.1686823
2017-10-07,7,5,-0.2225209339563146,-0.9749279121818236,280,0.10738134666416306,-0.994217906893952,5,0,0,1,True,1,3.4339872044851463,3.4339872044851463,3.367295829986474,3.4339872044851463,3.1780538303479458,3.1780538303479458,3.2188758248682006,3.6635616461296463,10,0.5000000000000001,-0.8660254037844386,0,3.188463555765254,3.168986625733089,3.2697709932975503,0.2607527153992202,0.2587299443281496,0.24576239152649595,0,0,1,2025-12-19T16:05:58.713253,3.2327980995178223
2017-10-08,8,6,0.6234898018587334,-0.7818314824680299,281,0.12447926388678869,-0.9922222094179324,4,30,0,1,True,1,3.4339872044851463,3.4339872044851463,3.367295829986474,3.4339872044851463,3.1780538303479458,3.1780538303479458,3.2188758248682006,3.6635616461296463,10,0.5000000000000001,-0.8660254037844386,0,3.188463555765254,3.168986625733089,3.2697709932975503,0.2607527153992185,0.2587299443281552,0.24576239152651405,0,0,1,2025-12-19T16:06:00.830575,3.284954
2017-10-09,9,0,1.0,0.0,282,0.141540295217043,-0.989932495087353,3,0,0,1,False,1,3.4339872044851463,3.4339872044851463,3.367295829986474,3.4339872044851463,3.1780538303479458,3.1780538303479458,3.2188758248682006,3.6635616461296463,10,0.5000000000000001,-0.8660254037844386,0,3.188463555765254,3.168986625733089,3.2697709932975503,0.2607527153992202,0.2587299443281496,0.24576239152649595,0,0,1,2025-12-19T16:06:02.913251,2.906764507293701
2017-10-10,10,1,0.6234898018587336,0.7818314824680298,283,0.15855938510313475,-0.9873494423939864,2,3,0,1,False,1,3.4339872044851463,3.4339872044851463,3.367295829986474,3.4339872044851463,3.1780538303479458,3.1780538303479458,3.2188758248682006,3.6635616461296463,10,0.5000000000000001,-0.8660254037844386,13,3.188463555765254,3.168986625733089,3.2697709932975503,0.2607527153992185,0.2587299443281552,0.24576239152651405,0,0,1,2025-12-19T16:06:05.044751,3.0499988
2017-10-11,11,2,-0.22252093395631434,0.9749279121818236,284,0.17553149042142777,-0.9844738167520923,1,0,0,0,False,1,3.4339872044851463,3.4339872044851463,3.367295829986474,3.4339872044851463,3.1780538303479458,3.1780538303479458,3.2188758248682006,3.6635616461296463,10,0.5000000000000001,-0.8660254037844386,0,3.188463555765254,3.168986625733089,3.2697709932975503,0.2607527153992202,0.2587299443281496,0.24576239152649595,0,0,1,2025-12-19T16:06:07.109743,3.0489938259124756
2017-10-12,12,3,-0.900968867902419,0.43388373911755823,285,0.19245158197082995,-0.9813064702716093,0,36,1,0,False,1,3.4339872044851463,3.4339872044851463,3.367295829986474,3.4339872044851463,3.1780538303479458,3.1780538303479458,3.2188758248682006,3.6635616461296463,10,0.5000000000000001,-0.8660254037844386,0,3.188463555765254,3.168986625733089,3.2697709932975503,0.2607527153992185,0.2587299443281552,0.24576239152651405,0,0,1,2025-12-19T16:06:09.226485,3.1187687
2017-10-13,13,4,-0.9009688679024191,-0.433883739117558,286,0.20931464596304888,-0.9778483415056567,20,0,0,0,False,1,3.4339872044851463,3.4339872044851463,3.367295829986474,3.4339872044851463,3.1780538303479458,3.1780538303479458,3.2188758248682006,3.6635616461296463,10,0.5000000000000001,-0.8660254037844386,0,3.188463555765254,3.168986625733089,3.2697709932975503,0.2607527153992202,0.2587299443281496,0.24576239152649595,0,0,1,2025-12-19T16:06:11.305808,3.1949236392974854
2017-10-14,14,5,-0.2225209339563146,-0.9749279121818236,287,0.22611568550828803,-0.9741004551724206,19,19,0,0,True,1,3.4339872044851463,3.4339872044851463,3.367295829986474,3.4339872044851463,3.1780538303479458,3.1780538303479458,3.2188758248682006,3.6635616461296463,10,0.5000000000000001,-0.8660254037844386,0,3.188463555765254,3.168986625733089,3.2697709932975503,0.2607527153992185,0.2587299443281552,0.24576239152651405,0,0,1,2025-12-19T16:06:13.453860,3.2501113
2017-10-15,15,6,0.6234898018587334,-0.7818314824680299,288,0.2428497220959358,-0.970063921851507,18,0,0,0,True,1,3.4339872044851463,3.4339872044851463,3.367295829986474,3.4339872044851463,3.1780538303479458,3.1780538303479458,3.2188758248682006,3.6635616461296463,10,0.5000000000000001,-0.8660254037844386,0,3.188463555765254,3.168986625733089,3.2697709932975503,0.2607527153992202,0.2587299443281496,0.24576239152649595,0,0,1,2025-12-19T16:06:15.529786,3.3025829792022705
2017-10-16,16,0,1.0,0.0,289,0.25951179706979943,-0.965739937654855,17,5,0,0,False,1,3.4339872044851463,3.4339872044851463,3.367295829986474,3.4339872044851463,3.1780538303479458,3.1780538303479458,3.2188758248682006,3.6635616461296463,10,0.5000000000000001,-0.8660254037844386,10,3.188463555765254,3.168986625733089,3.2697709932975503,0.2607527153992185,0.2587299443281552,0.24576239152651405,0,0,1,2025-12-19T16:06:17.649840,2.9348493
2017-10-17,17,1,0.6234898018587336,0.7818314824680298,290,0.27609697309746883,-0.9611297838723007,16,0,0,0,False,1,3.4339872044851463,3.4339872044851463,3.367295829986474,3.4339872044851463,3.1780538303479458,3.1780538303479458,3.2188758248682006,3.6635616461296463,10,0.5000000000000001,-0.8660254037844386,0,3.188463555765254,3.168986625733089,3.2697709932975503,0.2607527153992202,0.2587299443281496,0.24576239152649595,0,0,1,2025-12-19T16:06:19.765937,3.0716702938079834
2017-10-18,18,2,-0.22252093395631434,0.9749279121818236,291,0.2926003356333479,-0.9562348265919058,15,46,0,0,False,1,3.4339872044851463,3.4339872044851463,3.367295829986474,3.4339872044851463,3.1780538303479458,3.1780538303479458,3.2188758248682006,3.6635616461296463,10,0.5000000000000001,-0.8660254037844386,0,3.188463555765254,3.168986625733089,3.2697709932975503,0.2607527153992185,0.2587299443281552,0.24576239152651405,0,0,1,2025-12-19T16:06:21.854759,3.076759
2017-10-19,19,3,-0.900968867902419,0.43388373911755823,292,0.30901699437494723,-0.9510565162951536,14,0,0,0,False,1,3.4339872044851463,3.4339872044851463,3.367295829986474,3.4339872044851463,3.1780538303479458,3.1780538303479458,3.2188758248682006,3.6635616461296463,10,0.5000000000000001,-0.8660254037844386,0,3.188463555765254,3.168986625733089,3.2697709932975503,0.2607527153992202,0.2587299443281496,0.24576239152649595,0,0,1,2025-12-19T16:06:23.926382,3.1473381519317627
2017-10-20,20,4,-0.9009688679024191,-0.433883739117558,293,0.3253420847119795,-0.9455963874271428,13,48,0,0,False,1,3.4339872044851463,3.4339872044851463,3.367295829986474,3.4339872044851463,3.1780538303479458,3.1780538303479458,3.2188758248682006,3.6635616461296463,10,0.5000000000000001,-0.8660254037844386,0,3.188463555765254,3.168986625733089,3.2697709932975503,0.2607527153992185,0.2587299443281552,0.24576239152651405,0,0,1,2025-12-19T16:06:26.003101,3.208409
2017-10-21,21,5,-0.2225209339563146,-0.9749279121818236,294,0.341570769167856,-0.9398560579418953,12,0,0,0,True,1,3.4339872044851463,3.4339872044851463,3.367295829986474,3.4339872044851463,3.1780538303479458,3.1780538303479458,3.2188758248682006,3.6635616461296463,10,0.5000000000000001,-0.8660254037844386,0,3.188463555765254,3.168986625733089,3.2697709932975503,0.2607527153992202,0.2587299443281496,0.24576239152649595,0,0,1,2025-12-19T16:06:28.091756,3.281365156173706
2017-10-22,22,6,0.6234898018587334,-0.7818314824680299,295,0.35769823883312546,-0.9338372288229252,11,10,0,0,True,1,3.4339872044851463,3.4339872044851463,3.367295829986474,3.4339872044851463,3.1780538303479458,3.1780538303479458,3.2188758248682006,3.6635616461296463,10,0.5000000000000001,-0.8660254037844386,6,3.188463555765254,3.168986625733089,3.2697709932975503,0.2607527153992185,0.2587299443281552,0.24576239152651405,0,0,1,2025-12-19T16:06:30.211004,3.327486
2017-10-23,23,0,1.0,0.0,296,0.3737197147904692,-0.9275416835791965,10,0,0,0,False,1,3.4339872044851463,3.4339872044851463,3.367295829986474,3.4339872044851463,3.1780538303479458,3.1780538303479458,3.2188758248682006,3.6635616461296463,10,0.5000000000000001,-0.8660254037844386,0,3.188463555765254,3.168986625733089,3.2697709932975503,0.2607527153992202,0.2587299443281496,0.24576239152649595,0,0,1,2025-12-19T16:06:32.311260,2.954897880554199
2017-10-24,24,1,0.6234898018587336,0.7818314824680298,297,0.38963044953078774,-0.9209712877166347,9,8,0,0,False,1,3.4339872044851463,3.4339872044851463,3.367295829986474,3.4339872044851463,3.1780538303479458,3.1780538303479458,3.2188758248682006,3.6635616461296463,10,0.5000000000000001,-0.8660254037844386,8,3.188463555765254,3.168986625733089,3.2697709932975503,0.2607527153992185,0.2587299443281552,0.24576239152651405,0,0,1,2025-12-19T16:06:34.517806,3.094256
2017-10-25,25,2,-0.22252093395631434,0.9749279121818236,298,0.4054257283599973,-0.9141279881853337,8,0,0,0,False,1,3.4339872044851463,3.4339872044851463,3.367295829986474,3.4339872044851463,3.1780538303479458,3.1780538303479458,3.2188758248682006,3.6635616461296463,10,0.5000000000000001,-0.8660254037844386,0,3.188463555765254,3.168986625733089,3.2697709932975503,0.2607527153992202,0.2587299443281496,0.24576239152649595,0,0,1,2025-12-19T16:06:36.585319,3.0957858562469482
2017-10-26,26,3,-0.900968867902419,0.43388373911755823,299,0.42110087079608916,-0.9070138128026362,7,14,0,0,False,1,3.4339872044851463,3.4339872044851463,3.367295829986474,3.4339872044851463,3.1780538303479458,3.1780538303479458,3.2188758248682006,3.6635616461296463,10,0.5000000000000001,-0.8660254037844386,2,3.188463555765254,3.168986625733089,3.2697709932975503,0.2607527153992185,0.2587299443281552,0.24576239152651405,0,0,1,2025-12-19T16:06:38.699645,3.1639893
2017-10-27,27,4,-0.9009688679024191,-0.433883739117558,300,0.4366512319560638,-0.8996308696522434,6,0,0,0,False,1,3.4339872044851463,3.4339872044851463,3.367295829986474,3.4339872044851463,3.1780538303479458,3.1780538303479458,3.2188758248682006,3.6635616461296463,10,0.5000000000000001,-0.8660254037844386,0,3.188463555765254,3.168986625733089,3.2697709932975503,0.2607527153992202,0.2587299443281496,0.24576239152649595,0,0,1,2025-12-19T16:06:40.823078,3.23266863822937
2017-10-28,28,5,-0.2225209339563146,-0.9749279121818236,301,0.45207220393230374,-0.8919813464595487,5,35,0,0,True,1,3.4339872044851463,3.4339872044851463,3.367295829986474,3.4339872044851463,3.1780538303479458,3.1780538303479458,3.2188758248682006,3.6635616461296463,10,0.5000000000000001,-0.8660254037844386,0,3.188463555765254,3.168986625733089,3.2697709932975503,0.2607527153992185,0.2587299443281552,0.24576239152651405,0,0,1,2025-12-19T16:06:42.950147,3.2943325
2017-10-29,29,6,0.6234898018587334,-0.7818314824680299,302,0.46735921715800205,-0.8840675099433637,4,0,0,0,True,1,3.4339872044851463,3.4339872044851463,3.367295829986474,3.4339872044851463,3.1780538303479458,3.1780538303479458,3.2188758248682006,3.6635616461296463,10,0.5000000000000001,-0.8660254037844386,0,3.188463555765254,3.168986625733089,3.2697709932975503,0.2607527153992202,0.2587299443281496,0.24576239152649595,0,0,1,2025-12-19T16:06:45.040655,3.344815254211426
2017-10-30,30,0,1.0,0.0,303,0.48250774176121763,-0.8758917051442433,3,5,0,0,False,1,3.4339872044851463,3.4339872044851463,3.367295829986474,3.4339872044851463,3.1780538303479458,3.1780538303479458,3.2188758248682006,3.6635616461296463,10,0.5000000000000001,-0.8660254037844386,10,3.188463555765254,3.168986625733089,3.2697709932975503,0.2607527153992185,0.2587299443281552,0.24576239152651405,0,0,1,2025-12-19T16:06:47.165798,2.9738324
2017-10-31,31,1,0.6234898018587336,0.7818314824680298,304,0.4975132889071803,-0.8674563547295971,2,0,0,0,False,1,3.4339872044851463,3.4339872044851463,3.367295829986474,3.4339872044851463,3.1780538303479458,3.1780538303479458,3.2188758248682006,3.6635616461296463,10,0.5000000000000001,-0.8660254037844386,0,3.188463555765254,3.168986625733089,3.2697709932975503,0.2607527153992202,0.2587299443281496,0.24576239152649595,0,0,1,2025-12-19T16:06:49.265415,3.112278938293457
2017-11-01,1,2,-0.22252093395631434,0.9749279121818236,305,0.5123714121284235,-0.858763958275803,1,50,0,1,False,1,3.4339872044851463,3.4339872044851463,3.367295829986474,3.4339872044851463,3.1780538303479458,3.1780538303479458,3.2188758248682006,3.6635616461296463,11,0.8660254037844384,-0.5000000000000004,0,3.188463555765254,3.168986625733089,3.2697709932975503,0.2607527153992185,0.2587299443281552,0.24576239152651405,0,0,1,2025-12-19T16:06:51.406112,3.1883695
2017-11-02,2,3,-0.900968867902419,0.43388373911755823,306,0.5270777086423724,-0.8498170915275277,0,0,1,1,False,1,3.4339872044851463,3.4339872044851463,3.367295829986474,3.4339872044851463,3.1780538303479458,3.1780538303479458,3.2188758248682006,3.6635616461296463,11,0.8660254037844384,-0.5000000000000004,0,3.188463555765254,3.168986625733089,3.2697709932975503,0.2607527153992202,0.2587299443281496,0.24576239152649595,0,0,1,2025-12-19T16:06:53.466404,3.2517151832580566
2017-11-03,3,4,-0.9009688679024191,-0.433883739117558,307,0.5416278206559811,-0.8406184056344783,12,28,0,1,False,1,3.4339872044851463,3.4339872044851463,3.367295829986474,3.4339872044851463,3.1780538303479458,3.1780538303479458,3.2188758248682006,3.6635616461296463,11,0.8660254037844384,-0.5000000000000004,0,3.188463555765254,3.168986625733089,3.2697709932975503,0.2607527153992185,0.2587299443281552,0.24576239152651405,0,0,1,2025-12-19T16:06:55.562300,3.3177433
2017-11-04,4,5,-0.2225209339563146,-0.9749279121818236,308,0.5560174366570446,-0.8311706263658079,11,0,0,1,True,1,3.4339872044851463,3.4339872044851463,3.367295829986474,3.4339872044851463,3.1780538303479458,3.1780538303479458,3.2188758248682006,3.6635616461296463,11,0.8660254037844384,-0.5000000000000004,0,3.188463555765254,3.168986625733089,3.2697709932975503,0.2607527153992202,0.2587299443281496,0.24576239152649595,0,0,1,2025-12-19T16:06:57.681460,3.3713583946228027
2017-11-05,5,6,0.6234898018587334,-0.7818314824680299,309,0.5702422926917867,-0.8214765533024145,10,41,0,1,True,1,3.4339872044851463,3.4339872044851463,3.367295829986474,3.4339872044851463,3.1780538303479458,3.1780538303479458,3.2188758248682006,3.6635616461296463,11,0.8660254037844384,-0.5000000000000004,0,3.188463555765254,3.168986625733089,3.2697709932975503,0.2607527153992185,0.2587299443281552,0.24576239152651405,0,0,1,2025-12-19T16:06:59.785857,3.4115648
2017-11-06,6,0,1.0,0.0,310,0.5842981736283683,-0.8115390590073611,9,0,0,1,False,1,3.4339872044851463,3.4339872044851463,3.367295829986474,3.4339872044851463,3.1780538303479458,3.1780538303479458,3.2188758248682006,3.6635616461296463,11,0.8660254037844384,-0.5000000000000004,0,3.188463555765254,3.168986625733089,3.2697709932975503,0.2607527153992202,0.2587299443281496,0.24576239152649595,0,0,1,2025-12-19T16:07:01.878373,3.0401782989501953
2017-11-07,7,1,0.6234898018587336,0.7818314824680298,311,0.5981809144059158,-0.801361088174677,8,10,0,1,False,1,3.4339872044851463,3.4339872044851463,3.367295829986474,3.4339872044851463,3.1780538303479458,3.1780538303479458,3.2188758248682006,3.6635616461296463,11,0.8660254037844384,-0.5000000000000004,6,3.188463555765254,3.168986625733089,3.2697709932975503,0.2607527153992185,0.2587299443281552,0.24576239152651405,0,0,1,2025-12-19T16:07:03.994397,3.175934
2017-11-08,8,2,-0.22252093395631434,0.9749279121818236,312,0.6118864012687242,-0.7909456567567774,7,0,0,1,False,1,3.4339872044851463,3.4339872044851463,3.367295829986474,3.4339872044851463,3.1780538303479458,3.1780538303479458,3.2188758248682006,3.6635616461296463,11,0.8660254037844384,-0.5000000000000004,0,3.188463555765254,3.168986625733089,3.2697709932975503,0.2607527153992202,0.2587299443281496,0.24576239152649595,0,0,1,2025-12-19T16:07:06.101814,3.173156261444092
2017-11-09,9,3,-0.900968867902419,0.43388373911755823,313,0.6254105729852457,-0.780295851070776,6,47,0,1,False,1,3.4339872044851463,3.4339872044851463,3.367295829986474,3.4339872044851463,3.1780538303479458,3.1780538303479458,3.2188758248682006,3.6635616461296463,11,0.8660254037844384,-0.5000000000000004,0,3.188463555765254,3.168986625733089,3.2697709932975503,0.2607527153992185,0.2587299443281552,0.24576239152651405,0,0,1,2025-12-19T16:07:08.221396,3.2411783
2017-11-10,10,4,-0.9009688679024191,-0.433883739117558,314,0.6387494220515268,-0.7694148268839381,5,0,0,1,False,1,3.4339872044851463,3.4339872044851463,3.367295829986474,3.4339872044851463,3.1780538303479458,3.1780538303479458,3.2188758248682006,3.6635616461296463,11,0.8660254037844384,-0.5000000000000004,0,3.188463555765254,3.168986625733089,3.2697709932975503,0.2607527153992202,0.2587299443281496,0.24576239152649595,0,0,1,2025-12-19T16:07:10.338959,3.3075037002563477
2017-11-11,11,5,-0.2225209339563146,-0.9749279121818236,315,0.6518989958787125,-0.7583058084785625,4,47,0,0,True,1,3.4339872044851463,3.4339872044851463,3.367295829986474,3.4339872044851463,3.1780538303479458,3.1780538303479458,3.2188758248682006,3.6635616461296463,11,0.8660254037844384,-0.5000000000000004,0,3.188463555765254,3.168986625733089,3.2697709932975503,0.2607527153992185,0.2587299443281552,0.24576239152651405,0,0,1,2025-12-19T16:07:12.465142,3.3637578
2017-11-12,12,6,0.6234898018587334,-0.7818314824680299,316,0.6648553979642866,-0.7469720876965551,3,0,0,0,True,1,3.4339872044851463,3.4339872044851463,3.367295829986474,3.4339872044851463,3.1780538303479458,3.1780538303479458,3.2188758248682006,3.6635616461296463,11,0.8660254037844384,-0.5000000000000004,0,3.188463555765254,3.168986625733089,3.2697709932975503,0.2607527153992202,0.2587299443281496,0.24576239152649595,0,0,1,2025-12-19T16:07:14.572190,3.4094326496124268
2017-11-13,13,0,1.0,0.0,317,0.6776147890466887,-0.7354170229639858,2,13,0,0,False,1,3.4339872044851463,3.4339872044851463,3.367295829986474,3.4339872044851463,3.1780538303479458,3.1780538303479458,3.2188758248682006,3.6635616461296463,11,0.8660254037844384,-0.5000000000000004,3,3.188463555765254,3.168986625733089,3.2697709932975503,0.2607527153992185,0.2587299443281552,0.24576239152651405,0,0,1,2025-12-19T16:07:16.712997,3.033099
2017-11-14,14,1,0.6234898018587336,0.7818314824680298,318,0.690173388242972,-0.7236440382959124,1,0,0,0,False,1,3.4339872044851463,3.4339872044851463,3.367295829986474,3.4339872044851463,3.1780538303479458,3.1780538303479458,3.2188758248682006,3.6635616461296463,11,0.8660254037844384,-0.5000000000000004,0,3.188463555765254,3.168986625733089,3.2697709932975503,0.2607527153992202,0.2587299443281496,0.24576239152649595,0,0,1,2025-12-19T16:07:18.805664,3.174826145172119
2017-11-15,15,2,-0.22252093395631434,0.9749279121818236,319,0.7025274741691566,-0.711656622281775,0,24,1,0,False,1,3.4339872044851463,3.4339872044851463,3.367295829986474,3.4339872044851463,3.1780538303479458,3.1780538303479458,3.2188758248682006,3.6635616461296463,11,0.8660254037844384,-0.5000000000000004,0,3.188463555765254,3.168986625733089,3.2697709932975503,0.2607527153992185,0.2587299443281552,0.24576239152651405,0,0,1,2025-12-19T16:07:20.913673,3.178123
2017-11-16,16,3,-0.900968867902419,0.43388373911755823,320,0.7146733860429608,-0.6994583270516471,39,0,0,0,False,1,3.4339872044851463,3.4339872044851463,3.367295829986474,3.4339872044851463,3.1780538303479458,3.1780538303479458,3.2188758248682006,3.6635616461296463,11,0.8660254037844384,-0.5000000000000004,0,3.188463555765254,3.168986625733089,3.2697709932975503,0.2607527153992202,0.2587299443281496,0.24576239152649595,0,0,1,2025-12-19T16:07:22.988418,3.2438907623291016
2017-11-17,17,4,-0.9009688679024191,-0.433883739117558,321,0.7266075247685652,-0.6870527672236675,38,47,0,0,False,1,3.4339872044851463,3.4339872044851463,3.367295829986474,3.4339872044851463,3.1780538303479458,3.1780538303479458,3.2188758248682006,3.6635616461296463,11,0.8660254037844384,-0.5000000000000004,0,3.188463555765254,3.168986625733089,3.2697709932975503,0.2607527153992185,0.2587299443281552,0.24576239152651405,0,0,1,2025-12-19T16:07:25.109498,3.3102784
2017-11-18,18,5,-0.2225209339563146,-0.9749279121818236,322,0.7383263540031063,-0.6744436188329457,37,0,0,0,True,1,3.4339872044851463,3.4339872044851463,3.367295829986474,3.4339872044851463,3.1780538303479458,3.1780538303479458,3.2188758248682006,3.6635616461296463,11,0.8660254037844384,-0.5000000000000004,0,3.188463555765254,3.168986625733089,3.2697709932975503,0.2607527153992202,0.2587299443281496,0.24576239152649595,0,0,1,2025-12-19T16:07:27.171406,3.364459753036499
2017-11-19,19,6,0.6234898018587334,-0.7818314824680299,323,0.749826401204568,-0.661634618242279,36,14,0,0,True,1,3.4339872044851463,3.4339872044851463,3.367295829986474,3.4339872044851463,3.1780538303479458,3.1780538303479458,3.2188758248682006,3.6635616461296463,11,0.8660254037844384,-0.5000000000000004,2,3.188463555765254,3.168986625733089,3.2697709932975503,0.2607527153992185,0.2587299443281552,0.24576239152651405,0,0,1,2025-12-19T16:07:29.279435,3.4147828
2017-11-20,20,0,1.0,0.0,324,0.7611042586607742,-0.6486295610349818,35,0,0,0,False,1,3.4339872044851463,3.4339872044851463,3.367295829986474,3.4339872044851463,3.1780538303479458,3.1780538303479458,3.2188758248682006,3.6635616461296463,11,0.8660254037844384,-0.5000000000000004,0,3.188463555765254,3.168986625733089,3.2697709932975503,0.2607527153992202,0.2587299443281496,0.24576239152649595,0,0,1,2025-12-19T16:07:31.351128,3.0430619716644287
2017-11-21,21,1,0.6234898018587336,0.7818314824680298,325,0.7721565844991641,-0.6354323008901775,34,43,0,0,False,1,3.4339872044851463,3.4339872044851463,3.367295829986474,3.4339872044851463,3.1780538303479458,3.1780538303479458,3.2188758248682006,3.6635616461296463,11,0.8660254037844384,-0.5000000000000004,0,3.188463555765254,3.168986625733089,3.2697709932975503,0.2607527153992185,0.2587299443281552,0.24576239152651405,0,0,1,2025-12-19T16:07:33.484737,3.181071
2017-11-22,22,2,-0.22252093395631434,0.9749279121818236,326,0.7829801036770624,-0.622046748440868,33,0,0,0,False,1,3.4339872044851463,3.4339872044851463,3.367295829986474,3.4339872044851463,3.1780538303479458,3.1780538303479458,3.2188758248682006,3.6635616461296463,11,0.8660254037844384,-0.5000000000000004,0,3.188463555765254,3.168986625733089,3.2697709932975503,0.2607527153992202,0.2587299443281496,0.24576239152649595,0,0,1,2025-12-19T16:07:35.555896,3.1749539375305176
2017-11-23,23,3,-0.900968867902419,0.43388373911755823,327,0.7935716089521472,-0.6084768701151264,32,37,0,0,False,1,3.4339872044851463,3.4339872044851463,3.367295829986474,3.4339872044851463,3.1780538303479458,3.1780538303479458,3.2188758248682006,3.6635616461296463,11,0.8660254037844384,-0.5000000000000004,0,3.188463555765254,3.168986625733089,3.2697709932975503,0.2607527153992185,0.2587299443281552,0.24576239152651405,0,0,1,2025-12-19T16:07:37.668465,3.2463107
2017-11-24,24,4,-0.9009688679024191,-0.433883739117558,328,0.8039279618328208,-0.594726686960764,31,0,0,0,False,1,3.4339872044851463,3.4339872044851463,3.367295829986474,3.4339872044851463,3.1780538303479458,3.1780538303479458,3.2188758248682006,3.6635616461296463,11,0.8660254037844384,-0.5000000000000004,0,3.188463555765254,3.168986625733089,3.2697709932975503,0.2607527153992202,0.2587299443281496,0.24576239152649595,0,0,1,2025-12-19T16:07:39.746146,3.3138930797576904
2017-11-25,25,5,-0.2225209339563146,-0.9749279121818236,329,0.8140460935082175,-0.5808002734538013,30,31,0,0,True,1,3.4339872044851463,3.4339872044851463,3.367295829986474,3.4339872044851463,3.1780538303479458,3.1780538303479458,3.2188758248682006,3.6635616461296463,11,0.8660254037844384,-0.5000000000000004,0,3.188463555765254,3.168986625733089,3.2697709932975503,0.2607527153992185,0.2587299443281552,0.24576239152651405,0,0,1,2025-12-19T16:07:41.862865,3.3620124
2017-11-26,26,6,0.6234898018587334,-0.7818314824680299,330,0.8239230057575536,-0.5667017562911184,29,0,0,0,True,1,3.4339872044851463,3.4339872044851463,3.367295829986474,3.4339872044851463,3.1780538303479458,3.1780538303479458,3.2188758248682006,3.6635616461296463,11,0.8660254037844384,-0.5000000000000004,0,3.188463555765254,3.168986625733089,3.2697709932975503,0.2607527153992202,0.2587299443281496,0.24576239152649595,0,0,1,2025-12-19T16:07:43.964440,3.399545192718506
2017-11-27,27,0,1.0,0.0,331,0.8335557718385695,-0.5524353131676203,28,33,0,0,False,1,3.4339872044851463,3.4339872044851463,3.367295829986474,3.4339872044851463,3.1780538303479458,3.1780538303479458,3.2188758248682006,3.6635616461296463,11,0.8660254037844384,-0.5000000000000004,0,3.188463555765254,3.168986625733089,3.2697709932975503,0.2607527153992185,0.2587299443281552,0.24576239152651405,0,0,1,2025-12-19T16:07:46.086997,3.0233648
2017-11-28,28,1,0.6234898018587336,0.7818314824680298,332,0.8429415373547832,-0.5380051715382992,27,0,0,0,False,1,3.4339872044851463,3.4339872044851463,3.367295829986474,3.4339872044851463,3.1780538303479458,3.1780538303479458,3.2188758248682006,3.6635616461296463,11,0.8660254037844384,-0.5000000000000004,0,3.188463555765254,3.168986625733089,3.2697709932975503,0.2607527153992202,0.2587299443281496,0.24576239152649595,0,0,1,2025-12-19T16:07:48.175037,3.1701998710632324
2017-11-29,29,2,-0.22252093395631434,0.9749279121818236,333,0.8520775211013093,-0.5234156073655503,26,2,0,0,False,1,3.4339872044851463,3.4339872044851463,3.367295829986474,3.4339872044851463,3.1780538303479458,3.1780538303479458,3.2188758248682006,3.6635616461296463,11,0.8660254037844384,-0.5000000000000004,14,3.188463555765254,3.168986625733089,3.2697709932975503,0.2607527153992185,0.2587299443281552,0.24576239152651405,0,0,1,2025-12-19T16:07:50.331653,3.160759
2017-11-30,30,3,-0.900968867902419,0.43388373911755823,334,0.8609610158889945,-0.5086709438521042,25,0,0,0,False,1,3.4339872044851463,3.4339872044851463,3.367295829986474,3.4339872044851463,3.1780538303479458,3.1780538303479458,3.2188758248682006,3.6635616461296463,11,0.8660254037844384,-0.5000000000000004,0,3.188463555765254,3.168986625733089,3.2697709932975503,0.2607527153992202,0.2587299443281496,0.24576239152649595,0,0,1,2025-12-19T16:07:52.422545,3.236907958984375
2017-12-01,1,4,-0.9009688679024191,-0.433883739117558,335,0.8695893893466109,-0.49377555015997737,24,24,0,1,False,1,3.4339872044851463,3.4339872044851463,3.367295829986474,3.4339872044851463,3.1780538303479458,3.1780538303479458,3.2188758248682006,3.6635616461296463,12,1.0,-2.4492935982947064e-16,0,3.188463555765254,3.168986625733089,3.2697709932975503,0.2607527153992185,0.2587299443281552,0.24576239152651405,0,0,1,2025-12-19T16:07:54.523057,3.0096395
2017-12-02,2,5,-0.2225209339563146,-0.9749279121818236,336,0.8779600847008883,-0.4787338401157883,23,0,0,1,True,1,3.4339872044851463,3.4339872044851463,3.367295829986474,3.4339872044851463,3.1780538303479458,3.1780538303479458,3.2188758248682006,3.6635616461296463,12,1.0,-2.4492935982947064e-16,0,3.188463555765254,3.168986625733089,3.2697709932975503,0.2607527153992202,0.2587299443281496,0.24576239152649595,0,0,1,2025-12-19T16:07:56.623229,3.050471544265747
2017-12-03,3,6,0.6234898018587334,-0.7818314824680299,337,0.8860706215341378,-0.4635502709028512,22,0,0,1,True,1,3.4339872044851463,3.4339872044851463,3.367295829986474,3.4339872044851463,3.1780538303479458,3.1780538303479458,3.2188758248682006,3.6635616461296463,12,1.0,-2.4492935982947064e-16,16,3.188463555765254,3.168986625733089,3.2697709932975503,0.2607527153992185,0.2587299443281552,0.24576239152651405,0,0,1,2025-12-19T16:07:58.775249,3.0839787
2017-12-04,4,0,1.0,0.0,338,0.893918596519257,-0.4482293417404106,21,0,0,1,False,1,3.4339872044851463,3.4339872044851463,3.367295829986474,3.4339872044851463,3.1780538303479458,3.1780538303479458,3.2188758248682006,3.6635616461296463,12,1.0,-2.4492935982947064e-16,0,3.188463555765254,3.168986625733089,3.2697709932975503,0.2607527153992202,0.2587299443281496,0.24576239152649595,0,0,1,2025-12-19T16:08:00.883422,2.7635443210601807
2017-12-05,5,1,0.6234898018587336,0.7818314824680298,339,0.9015016841318838,-0.4327755925504317,20,50,0,1,False,1,3.4339872044851463,3.4339872044851463,3.367295829986474,3.4339872044851463,3.1780538303479458,3.1780538303479458,3.2188758248682006,3.6635616461296463,12,1.0,-2.4492935982947064e-16,0,3.188463555765254,3.168986625733089,3.2697709932975503,0.2607527153992185,0.2587299443281552,0.24576239152651405,0,0,1,2025-12-19T16:08:03.018453,2.8759568
2017-12-06,6,2,-0.22252093395631434,0.9749279121818236,340,0.9088176373395028,-0.41719360261231697,19,0,0,1,False,1,3.4339872044851463,3.4339872044851463,3.367295829986474,3.4339872044851463,3.1780538303479458,3.1780538303479458,3.2188758248682006,3.6635616461296463,12,1.0,-2.4492935982947064e-16,0,3.188463555765254,3.168986625733089,3.2697709932975503,0.2607527153992202,0.2587299443281496,0.24576239152649595,0,0,1,2025-12-19T16:08:05.088188,2.873643159866333
2017-12-07,7,3,-0.900968867902419,0.43388373911755823,341,0.9158642882672868,-0.4014879892059737,18,33,0,1,False,1,3.4339872044851463,3.4339872044851463,3.367295829986474,3.4339872044851463,3.1780538303479458,3.1780538303479458,3.2188758248682006,3.6635616461296463,12,1.0,-2.4492935982947064e-16,0,3.188463555765254,3.168986625733089,3.2697709932975503,0.2607527153992185,0.2587299443281552,0.24576239152651405,0,0,1,2025-12-19T16:08:07.216577,2.925245
2017-12-08,8,4,-0.9009688679024191,-0.433883739117558,342,0.9226395488404875,-0.38566340624360745,17,0,0,1,False,1,3.4339872044851463,3.4339872044851463,3.367295829986474,3.4339872044851463,3.1780538303479458,3.1780538303479458,3.2188758248682006,3.6635616461296463,12,1.0,-2.4492935982947064e-16,0,3.188463555765254,3.168986625733089,3.2697709932975503,0.2607527153992202,0.2587299443281496,0.24576239152649595,0,0,1,2025-12-19T16:08:09.305289,3.023470401763916
2017-12-09,9,5,-0.2225209339563146,-0.9749279121818236,343,0.9291414114031743,-0.3697245428906732,16,25,0,1,True,1,3.4339872044851463,3.4339872044851463,3.367295829986474,3.4339872044851463,3.1780538303479458,3.1780538303479458,3.2188758248682006,3.6635616461296463,12,1.0,-2.4492935982947064e-16,0,3.188463555765254,3.168986625733089,3.2697709932975503,0.2607527153992185,0.2587299443281552,0.24576239152651405,0,0,1,2025-12-19T16:08:11.394406,3.0654373
2017-12-10,10,6,0.6234898018587334,-0.7818314824680299,344,0.935367949313148,-0.3536761221763721,15,0,0,1,True,1,3.4339872044851463,3.4339872044851463,3.367295829986474,3.4339872044851463,3.1780538303479458,3.1780538303479458,3.2188758248682006,3.6635616461296463,12,1.0,-2.4492935982947064e-16,0,3.188463555765254,3.168986625733089,3.2697709932975503,0.2607527153992202,0.2587299443281496,0.24576239152649595,0,0,1,2025-12-19T16:08:13.494749,3.115706205368042
2017-12-11,11,0,1.0,0.0,345,0.941317317512847,-0.33752289959411347,14,1,0,0,False,1,3.4339872044851463,3.4339872044851463,3.367295829986474,3.4339872044851463,3.1780538303479458,3.1780538303479458,3.2188758248682006,3.6635616461296463,12,1.0,-2.4492935982947064e-16,14,3.188463555765254,3.168986625733089,3.2697709932975503,0.2607527153992185,0.2587299443281552,0.24576239152651405,0,0,1,2025-12-19T16:08:15.616272,2.7843573
2017-12-12,12,1,0.6234898018587336,0.7818314824680298,346,0.9469877530760751,-0.32126966169236515,13,0,0,0,False,1,3.4339872044851463,3.4339872044851463,3.367295829986474,3.4339872044851463,3.1780538303479458,3.1780538303479458,3.2188758248682006,3.6635616461296463,12,1.0,-2.4492935982947064e-16,0,3.188463555765254,3.168986625733089,3.2697709932975503,0.2607527153992202,0.2587299443281496,0.24576239152649595,0,0,1,2025-12-19T16:08:17.700625,2.912367820739746
2017-12-13,13,2,-0.22252093395631434,0.9749279121818236,347,0.9523775757303973,-0.3049212246562894,12,47,0,0,False,1,3.4339872044851463,3.4339872044851463,3.367295829986474,3.4339872044851463,3.1780538303479458,3.1780538303479458,3.2188758248682006,3.6635616461296463,12,1.0,-2.4492935982947064e-16,0,3.188463555765254,3.168986625733089,3.2697709932975503,0.2607527153992185,0.2587299443281552,0.24576239152651405,0,0,1,2025-12-19T16:08:19.854961,2.9129925
2017-12-14,14,3,-0.900968867902419,0.43388373911755823,348,0.9574851883550389,-0.2884824328806098,11,0,0,0,False,1,3.4339872044851463,3.4339872044851463,3.367295829986474,3.4339872044851463,3.1780538303479458,3.1780538303479458,3.2188758248682006,3.6635616461296463,12,1.0,-2.4492935982947064e-16,0,3.188463555765254,3.168986625733089,3.2697709932975503,0.2607527153992202,0.2587299443281496,0.24576239152649595,0,0,1,2025-12-19T16:08:21.944780,2.977350950241089
2017-12-15,15,4,-0.9009688679024191,-0.433883739117558,349,0.9623090774541487,-0.27195815753410524,10,38,0,0,False,1,3.4339872044851463,3.4339872044851463,3.367295829986474,3.4339872044851463,3.1780538303479458,3.1780538303479458,3.2188758248682006,3.6635616461296463,12,1.0,-2.4492935982947064e-16,0,3.188463555765254,3.168986625733089,3.2697709932975503,0.2607527153992185,0.2587299443281552,0.24576239152651405,0,0,1,2025-12-19T16:08:24.103549,3.0694947
2017-12-16,16,5,-0.2225209339563146,-0.9749279121818236,350,0.9668478136052773,-0.2553532951161881,9,0,0,0,True,1,3.4339872044851463,3.4339872044851463,3.367295829986474,3.4339872044851463,3.1780538303479458,3.1780538303479458,3.2188758248682006,3.6635616461296463,12,1.0,-2.4492935982947064e-16,0,3.188463555765254,3.168986625733089,3.2697709932975503,0.2607527153992202,0.2587299443281496,0.24576239152649595,0,0,1,2025-12-19T16:08:26.210372,3.117666721343994
2017-12-17,17,6,0.6234898018587334,-0.7818314824680299,351,0.9711000518829505,-0.23867276600594997,8,40,0,0,True,1,3.4339872044851463,3.4339872044851463,3.367295829986474,3.4339872044851463,3.1780538303479458,3.1780538303479458,3.2188758248682006,3.6635616461296463,12,1.0,-2.4492935982947064e-16,0,3.188463555765254,3.168986625733089,3.2697709932975503,0.2607527153992185,0.2587299443281552,0.24576239152651405,0,0,1,2025-12-19T16:08:28.320245,3.1606164
2017-12-18,18,0,1.0,0.0,352,0.9750645322571945,-0.22192151300416674,7,0,0,0,False,1,3.4339872044851463,3.4339872044851463,3.367295829986474,3.4339872044851463,3.1780538303479458,3.1780538303479458,3.2188758248682006,3.6635616461296463,12,1.0,-2.4492935982947064e-16,0,3.188463555765254,3.168986625733089,3.2697709932975503,0.2607527153992202,0.2587299443281496,0.24576239152649595,0,0,1,2025-12-19T16:08:30.396434,2.836435079574585
2017-12-19,19,1,0.6234898018587336,0.7818314824680298,353,0.9787400799669153,-0.20510449986861926,6,43,0,0,False,1,3.4339872044851463,3.4339872044851463,3.367295829986474,3.4339872044851463,3.1780538303479458,3.1780538303479458,3.2188758248682006,3.6635616461296463,12,1.0,-2.4492935982947064e-16,0,3.188463555765254,3.168986625733089,3.2697709932975503,0.2607527153992185,0.2587299443281552,0.24576239152651405,0,0,1,2025-12-19T16:08:32.522757,2.9505367
2017-12-20,20,2,-0.22252093395631434,0.9749279121818236,354,0.9821256058680006,-0.1882267098432439,5,0,0,0,False,1,3.4339872044851463,3.4339872044851463,3.367295829986474,3.4339872044851463,3.1780538303479458,3.1780538303479458,3.2188758248682006,3.6635616461296463,12,1.0,-2.4492935982947064e-16,0,3.188463555765254,3.168986625733089,3.2697709932975503,0.2607527153992202,0.2587299443281496,0.24576239152649595,0,0,1,2025-12-19T16:08:34.587206,2.952674388885498
2017-12-21,21,3,-0.900968867902419,0.43388373911755823,355,0.9852201067560606,-0.1712931441814778,4,39,0,0,False,1,3.4339872044851463,3.4339872044851463,3.367295829986474,3.4339872044851463,3.1780538303479458,3.1780538303479458,3.2188758248682006,3.6635616461296463,12,1.0,-2.4492935982947064e-16,0,3.188463555765254,3.168986625733089,3.2697709932975503,0.2607527153992185,0.2587299443281552,0.24576239152651405,0,0,1,2025-12-19T16:08:36.705434,3.0168176
2017-12-22,22,4,-0.9009688679024191,-0.433883739117558,356,0.9880226656636976,-0.154308820664281,3,0,0,0,False,1,3.4339872044851463,3.4339872044851463,3.367295829986474,3.4339872044851463,3.1780538303479458,3.1780538303479458,3.2188758248682006,3.6635616461296463,12,1.0,-2.4492935982947064e-16,0,3.188463555765254,3.168986625733089,3.2697709932975503,0.2607527153992202,0.2587299443281496,0.24576239152649595,0,0,1,2025-12-19T16:08:38.796866,3.1036102771759033
2017-12-23,23,5,-0.2225209339563146,-0.9749279121818236,357,0.9905324521322227,-0.13727877211326517,2,46,0,0,True,1,3.4339872044851463,3.4339872044851463,3.367295829986474,3.4339872044851463,3.1780538303479458,3.1780538303479458,3.2188758248682006,3.6635616461296463,12,1.0,-2.4492935982947064e-16,0,3.188463555765254,3.168986625733089,3.2697709932975503,0.2607527153992185,0.2587299443281552,0.24576239152651405,0,0,1,2025-12-19T16:08:40.927782,3.1383255
2017-12-24,24,6,0.6234898018587334,-0.7818314824680299,358,0.9927487224577402,-0.12020804489935275,1,0,0,0,True,1,3.4339872044851463,3.4339872044851463,3.367295829986474,3.4339872044851463,3.1780538303479458,3.1780538303479458,3.2188758248682006,3.6635616461296463,12,1.0,-2.4492935982947064e-16,0,3.188463555765254,3.168986625733089,3.2697709932975503,0.2607527153992202,0.2587299443281496,0.24576239152649595,0,0,1,2025-12-19T16:08:43.036416,3.2109391689300537
2017-12-25,25,0,1.0,0.0,359,0.9946708199115211,-0.10310169744743544,0,30,1,0,False,1,3.4339872044851463,3.4339872044851463,3.367295829986474,3.4339872044851463,3.1780538303479458,3.1780538303479458,3.2188758248682006,3.6635616461296463,12,1.0,-2.4492935982947064e-16,0,3.188463555765254,3.168986625733089,3.2697709932975503,0.2607527153992185,0.2587299443281552,0.24576239152651405,0,0,1,2025-12-19T16:08:45.154169,2.8783362
2017-12-26,26,1,0.6234898018587336,0.7818314824680298,360,0.9962981749346077,-0.0859647987374467,6,0,0,0,False,1,3.4339872044851463,3.4339872044851463,3.367295829986474,3.4339872044851463,3.1780538303479458,3.1780538303479458,3.2188758248682006,3.6635616461296463,12,1.0,-2.4492935982947064e-16,0,3.188463555765254,3.168986625733089,3.2697709932975503,0.2607527153992202,0.2587299443281496,0.24576239152649595,0,0,1,2025-12-19T16:08:47.265910,2.9890758991241455
2017-12-27,27,2,-0.22252093395631434,0.9749279121818236,361,0.9976303053065857,-0.06880242680232064,5,30,0,0,False,1,3.4339872044851463,3.4339872044851463,3.367295829986474,3.4339872044851463,3.1780538303479458,3.1780538303479458,3.2188758248682006,3.6635616461296463,12,1.0,-2.4492935982947064e-16,0,3.188463555765254,3.168986625733089,3.2697709932975503,0.2607527153992185,0.2587299443281552,0.24576239152651405,0,0,1,2025-12-19T16:08:49.365638,2.9887297
2017-12-28,28,3,-0.900968867902419,0.43388373911755823,362,0.9986668162884759,-0.05161966722325418,4,0,0,0,False,1,3.4339872044851463,3.4339872044851463,3.367295829986474,3.4339872044851463,3.1780538303479458,3.1780538303479458,3.2188758248682006,3.6635616461296463,12,1.0,-2.4492935982947064e-16,0,3.188463555765254,3.168986625733089,3.2697709932975503,0.2607527153992202,0.2587299443281496,0.24576239152649595,0,0,1,2025-12-19T16:08:51.481632,3.0597984790802
2017-12-29,29,4,-0.9009688679024191,-0.433883739117558,363,0.9994074007397048,-0.034421611622745804,3,30,0,0,False,1,3.4339872044851463,3.4339872044851463,3.367295829986474,3.4339872044851463,3.1780538303479458,3.1780538303479458,3.2188758248682006,3.6635616461296463,12,1.0,-2.4492935982947064e-16,0,3.188463555765254,3.168986625733089,3.2697709932975503,0.2607527153992185,0.2587299443281552,0.24576239152651405,0,0,1,2025-12-19T16:08:53.572654,3.1414025
2017-12-30,30,5,-0.2225209339563146,-0.9749279121818236,364,0.9998518392091162,-0.01721335615583528,2,0,0,0,True,1,3.4339872044851463,3.4339872044851463,3.367295829986474,3.4339872044851463,3.1780538303479458,3.1780538303479458,3.2188758248682006,3.6635616461296463,12,1.0,-2.4492935982947064e-16,0,3.188463555765254,3.168986625733089,3.2697709932975503,0.2607527153992202,0.2587299443281496,0.24576239152649595,0,0,1,2025-12-19T16:08:55.659567,3.1882946491241455
2017-12-31,31,6,0.6234898018587334,-0.7818314824680299,365,1.0,6.432490598706546e-16,1,37,0,0,True,1,3.4339872044851463,3.4339872044851463,3.367295829986474,3.4339872044851463,3.1780538303479458,3.1780538303479458,3.2188758248682006,3.6635616461296463,12,1.0,-2.4492935982947064e-16,0,3.188463555765254,3.168986625733089,3.2697709932975503,0.2607527153992185,0.2587299443281552,0.24576239152651405,0,0,1,2025-12-19T16:08:57.791595,3.225722
2017-10-01,1,6,0.6234898018587334,-0.7818314824680299,274,0.004303538296243821,-0.9999907397361901,11,0,0,1,True,1,3.4965075614664802,3.871201010907891,3.7612001156935624,3.58351893845611,3.6888794541139363,3.4011973816621555,3.6635616461296463,3.8918202981106265,10,0.5000000000000001,-0.8660254037844386,0,3.5046043532928906,3.49597675653881,3.6269192361189666,0.18321705814852765,0.1770308117093312,0.20658119045696302,0,0,2,2025-12-19T16:08:59.883690,3.6206703186035156
2017-10-02,2,0,1.0,0.0,275,0.021516097436222233,-0.9997685019798909,10,14,0,1,False,1,3.4965075614664802,3.871201010907891,3.7612001156935624,3.58351893845611,3.6888794541139363,3.4011973816621555,3.6635616461296463,3.8918202981106265,10,0.5000000000000001,-0.8660254037844386,2,3.504604353292891,3.49597675653881,3.626919236118967,0.18321705814852587,0.17703081170933072,0.20658119045697218,0,0,2,2025-12-19T16:09:02.019745,3.2409375
2017-10-03,3,1,0.6234898018587336,0.7818314824680298,276,0.03872228089217399,-0.9992500112396835,9,0,0,1,False,1,3.4965075614664802,3.871201010907891,3.7612001156935624,3.58351893845611,3.6888794541139363,3.4011973816621555,3.6635616461296463,3.8918202981106265,10,0.5000000000000001,-0.8660254037844386,0,3.5046043532928906,3.49597675653881,3.6269192361189666,0.18321705814852765,0.1770308117093312,0.20658119045696302,0,0,2,2025-12-19T16:09:04.090082,3.3811569213867188
2017-10-04,4,2,-0.22252093395631434,0.9749279121818236,277,0.05591699010060302,-0.9984354211555643,8,31,0,1,False,1,3.4965075614664802,3.871201010907891,3.7612001156935624,3.58351893845611,3.6888794541139363,3.4011973816621555,3.6635616461296463,3.8918202981106265,10,0.5000000000000001,-0.8660254037844386,0,3.504604353292891,3.49597675653881,3.626919236118967,0.18321705814852587,0.17703081170933072,0.20658119045697218,0,0,2,2025-12-19T16:09:06.309846,3.3791103
2017-10-05,5,3,-0.900968867902419,0.43388373911755823,278,0.07309512989807776,-0.9973249731081555,7,0,0,1,False,1,3.4965075614664802,3.871201010907891,3.7612001156935624,3.58351893845611,3.6888794541139363,3.4011973816621555,3.6635616461296463,3.8918202981106265,10,0.5000000000000001,-0.8660254037844386,0,3.5046043532928906,3.49597675653881,3.6269192361189666,0.18321705814852765,0.1770308117093312,0.20658119045696302,0,0,2,2025-12-19T16:09:08.392103,3.456453323364258
2017-10-06,6,4,-0.9009688679024191,-0.433883739117558,279,0.0902516100310407,-0.9959189961471792,6,19,0,1,False,1,3.4965075614664802,3.871201010907891,3.7612001156935624,3.58351893845611,3.6888794541139363,3.4011973816621555,3.6635616461296463,3.8918202981106265,10,0.5000000000000001,-0.8660254037844386,0,3.504604353292891,3.49597675653881,3.626919236118967,0.18321705814852587,0.17703081170933072,0.20658119045697218,0,0,2,2025-12-19T16:09:10.514759,3.514119
2017-10-07,7,5,-0.2225209339563146,-0.9749279121818236,280,0.10738134666416306,-0.994217906893952,5,0,0,1,True,1,3.4965075614664802,3.871201010907891,3.7612001156935624,3.58351893845611,3.6888794541139363,3.4011973816621555,3.6635616461296463,3.8918202981106265,10,0.5000000000000001,-0.8660254037844386,0,3.5046043532928906,3.49597675653881,3.6269192361189666,0.18321705814852765,0.1770308117093312,0.20658119045696302,0,0,2,2025-12-19T16:09:12.584019,3.5741994380950928
2017-10-08,8,6,0.6234898018587334,-0.7818314824680299,281,0.12447926388678869,-0.9922222094179324,4,49,0,1,True,1,3.4965075614664802,3.871201010907891,3.7612001156935624,3.58351893845611,3.6888794541139363,3.4011973816621555,3.6635616461296463,3.8918202981106265,10,0.5000000000000001,-0.8660254037844386,0,3.504604353292891,3.49597675653881,3.626919236118967,0.18321705814852587,0.17703081170933072,0.20658119045697218,0,0,2,2025-12-19T16:09:14.725043,3.641425
2017-10-09,9,0,1.0,0.0,282,0.141540295217043,-0.989932495087353,3,0,0,1,False,1,3.4965075614664802,3.871201010907891,3.7612001156935624,3.58351893845611,3.6888794541139363,3.4011973816621555,3.6635616461296463,3.8918202981106265,10,0.5000000000000001,-0.8660254037844386,0,3.5046043532928906,3.49597675653881,3.6269192361189666,0.18321705814852765,0.1770308117093312,0.20658119045696302,0,0,2,2025-12-19T16:09:16.791267,3.2552826404571533
2017-10-10,10,1,0.6234898018587336,0.7818314824680298,283,0.15855938510313475,-0.9873494423939864,2,46,0,1,False,1,3.4965075614664802,3.871201010907891,3.7612001156935624,3.58351893845611,3.6888794541139363,3.4011973816621555,3.6635616461296463,3.8918202981106265,10,0.5000000000000001,-0.8660254037844386,0,3.504604353292891,3.49597675653881,3.626919236118967,0.18321705814852587,0.17703081170933072,0.20658119045697218,0,0,2,2025-12-19T16:09:18.900465,3.3954532
2017-10-11,11,2,-0.22252093395631434,0.9749279121818236,284,0.17553149042142777,-0.9844738167520923,1,0,0,0,False,1,3.4965075614664802,3.871201010907891,3.7612001156935624,3.58351893845611,3.6888794541139363,3.4011973816621555,3.6635616461296463,3.8918202981106265,10,0.5000000000000001,-0.8660254037844386,0,3.5046043532928906,3.49597675653881,3.6269192361189666,0.18321705814852765,0.1770308117093312,0.20658119045696302,0,0,2,2025-12-19T16:09:20.978640,3.3964850902557373
2017-10-12,12,3,-0.900968867902419,0.43388373911755823,285,0.19245158197082995,-0.9813064702716093,0,15,1,0,False,1,3.4965075614664802,3.871201010907891,3.7612001156935624,3.58351893845611,3.6888794541139363,3.4011973816621555,3.6635616461296463,3.8918202981106265,10,0.5000000000000001,-0.8660254037844386,1,3.504604353292891,3.49597675653881,3.626919236118967,0.18321705814852587,0.17703081170933072,0.20658119045697218,0,0,2,2025-12-19T16:09:23.099859,3.477163
2017-10-13,13,4,-0.9009688679024191,-0.433883739117558,286,0.20931464596304888,-0.9778483415056567,20,0,0,0,False,1,3.4965075614664802,3.871201010907891,3.7612001156935624,3.58351893845611,3.6888794541139363,3.4011973816621555,3.6635616461296463,3.8918202981106265,10,0.5000000000000001,-0.8660254037844386,0,3.5046043532928906,3.49597675653881,3.6269192361189666,0.18321705814852765,0.1770308117093312,0.20658119045696302,0,0,2,2025-12-19T16:09:25.203693,3.534461259841919
2017-10-14,14,5,-0.2225209339563146,-0.9749279121818236,287,0.22611568550828803,-0.9741004551724206,19,41,0,0,True,1,3.4965075614664802,3.871201010907891,3.7612001156935624,3.58351893845611,3.6888794541139363,3.4011973816621555,3.6635616461296463,3.8918202981106265,10,0.5000000000000001,-0.8660254037844386,0,3.504604353292891,3.49597675653881,3.626919236118967,0.18321705814852587,0.17703081170933072,0.20658119045697218,0,0,2,2025-12-19T16:09:27.319834,3.5887067
2017-10-15,15,6,0.6234898018587334,-0.7818314824680299,288,0.2428497220959358,-0.970063921851507,18,0,0,0,True,1,3.4965075614664802,3.871201010907891,3.7612001156935624,3.58351893845611,3.6888794541139363,3.4011973816621555,3.6635616461296463,3.8918202981106265,10,0.5000000000000001,-0.8660254037844386,0,3.5046043532928906,3.49597675653881,3.6269192361189666,0.18321705814852765,0.1770308117093312,0.20658119045696302,0,0,2,2025-12-19T16:09:29.405934,3.6509909629821777
2017-10-16,16,0,1.0,0.0,289,0.25951179706979943,-0.965739937654855,17,14,0,0,False,1,3.4965075614664802,3.871201010907891,3.7612001156935624,3.58351893845611,3.6888794541139363,3.4011973816621555,3.6635616461296463,3.8918202981106265,10,0.5000000000000001,-0.8660254037844386,2,3.504604353292891,3.49597675653881,3.626919236118967,0.18321705814852587,0.17703081170933072,0.20658119045697218,0,0,2,2025-12-19T16:09:31.531600,3.2728033
2017-10-17,17,1,0.6234898018587336,0.7818314824680298,290,0.27609697309746883,-0.9611297838723007,16,0,0,0,False,1,3.4965075614664802,3.871201010907891,3.7612001156935624,3.58351893845611,3.6888794541139363,3.4011973816621555,3.6635616461296463,3.8918202981106265,10,0.5000000000000001,-0.8660254037844386,0,3.5046043532928906,3.49597675653881,3.6269192361189666,0.18321705814852765,0.1770308117093312,0.20658119045696302,0,0,2,2025-12-19T16:09:33.606960,3.4212610721588135
2017-10-18,18,2,-0.22252093395631434,0.9749279121818236,291,0.2926003356333479,-0.9562348265919058,15,4,0,0,False,1,3.4965075614664802,3.871201010907891,3.7612001156935624,3.58351893845611,3.6888794541139363,3.4011973816621555,3.6635616461296463,3.8918202981106265,10,0.5000000000000001,-0.8660254037844386,12,3.504604353292891,3.49597675653881,3.626919236118967,0.18321705814852587,0.17703081170933072,0.20658119045697218,0,0,2,2025-12-19T16:09:35.723531,3.4192765
2017-10-19,19,3,-0.900968867902419,0.43388373911755823,292,0.30901699437494723,-0.9510565162951536,14,0,0,0,False,1,3.4965075614664802,3.871201010907891,3.7612001156935624,3.58351893845611,3.6888794541139363,3.4011973816621555,3.6635616461296463,3.8918202981106265,10,0.5000000000000001,-0.8660254037844386,0,3.5046043532928906,3.49597675653881,3.6269192361189666,0.18321705814852765,0.1770308117093312,0.20658119045696302,0,0,2,2025-12-19T16:09:37.828732,3.4998886585235596
2017-10-20,20,4,-0.9009688679024191,-0.433883739117558,293,0.3253420847119795,-0.9455963874271428,13,49,0,0,False,1,3.4965075614664802,3.871201010907891,3.7612001156935624,3.58351893845611,3.6888794541139363,3.4011973816621555,3.6635616461296463,3.8918202981106265,10,0.5000000000000001,-0.8660254037844386,0,3.504604353292891,3.49597675653881,3.626919236118967,0.18321705814852587,0.17703081170933072,0.20658119045697218,0,0,2,2025-12-19T16:09:39.961802,3.554999
2017-10-21,21,5,-0.2225209339563146,-0.9749279121818236,294,0.341570769167856,-0.9398560579418953,12,0,0,0,True,1,3.4965075614664802,3.871201010907891,3.7612001156935624,3.58351893845611,3.6888794541139363,3.4011973816621555,3.6635616461296463,3.8918202981106265,10,0.5000000000000001,-0.8660254037844386,0,3.5046043532928906,3.49597675653881,3.6269192361189666,0.18321705814852765,0.1770308117093312,0.20658119045696302,0,0,2,2025-12-19T16:09:42.099179,3.615457534790039
2017-10-22,22,6,0.6234898018587334,-0.7818314824680299,295,0.35769823883312546,-0.9338372288229252,11,30,0,0,True,1,3.4965075614664802,3.871201010907891,3.7612001156935624,3.58351893845611,3.6888794541139363,3.4011973816621555,3.6635616461296463,3.8918202981106265,10,0.5000000000000001,-0.8660254037844386,0,3.504604353292891,3.49597675653881,3.626919236118967,0.18321705814852587,0.17703081170933072,0.20658119045697218,0,0,2,2025-12-19T16:09:44.254575,3.6701906
2017-10-23,23,0,1.0,0.0,296,0.3737197147904692,-0.9275416835791965,10,0,0,0,False,1,3.4965075614664802,3.871201010907891,3.7612001156935624,3.58351893845611,3.6888794541139363,3.4011973816621555,3.6635616461296463,3.8918202981106265,10,0.5000000000000001,-0.8660254037844386,0,3.5046043532928906,3.49597675653881,3.6269192361189666,0.18321705814852765,0.1770308117093312,0.20658119045696302,0,0,2,2025-12-19T16:09:46.324601,3.2902464866638184
2017-10-24,24,1,0.6234898018587336,0.7818314824680298,297,0.38963044953078774,-0.9209712877166347,9,22,0,0,False,1,3.4965075614664802,3.871201010907891,3.7612001156935624,3.58351893845611,3.6888794541139363,3.4011973816621555,3.6635616461296463,3.8918202981106265,10,0.5000000000000001,-0.8660254037844386,0,3.504604353292891,3.49597675653881,3.626919236118967,0.18321705814852587,0.17703081170933072,0.20658119045697218,0,0,2,2025-12-19T16:09:48.427837,3.4374914
2017-10-25,25,2,-0.22252093395631434,0.9749279121818236,298,0.4054257283599973,-0.9141279881853337,8,0,0,0,False,1,3.4965075614664802,3.871201010907891,3.7612001156935624,3.58351893845611,3.6888794541139363,3.4011973816621555,3.6635616461296463,3.8918202981106265,10,0.5000000000000001,-0.8660254037844386,0,3.5046043532928906,3.49597675653881,3.6269192361189666,0.18321705814852765,0.1770308117093312,0.20658119045696302,0,0,2,2025-12-19T16:09:50.516041,3.4331796169281006
2017-10-26,26,3,-0.900968867902419,0.43388373911755823,299,0.42110087079608916,-0.9070138128026362,7,43,0,0,False,1,3.4965075614664802,3.871201010907891,3.7612001156935624,3.58351893845611,3.6888794541139363,3.4011973816621555,3.6635616461296463,3.8918202981106265,10,0.5000000000000001,-0.8660254037844386,0,3.504604353292891,3.49597675653881,3.626919236118967,0.18321705814852587,0.17703081170933072,0.20658119045697218,0,0,2,2025-12-19T16:09:52.663592,3.5118072
2017-10-27,27,4,-0.9009688679024191,-0.433883739117558,300,0.4366512319560638,-0.8996308696522434,6,0,0,0,False,1,3.4965075614664802,3.871201010907891,3.7612001156935624,3.58351893845611,3.6888794541139363,3.4011973816621555,3.6635616461296463,3.8918202981106265,10,0.5000000000000001,-0.8660254037844386,0,3.5046043532928906,3.49597675653881,3.6269192361189666,0.18321705814852765,0.1770308117093312,0.20658119045696302,0,0,2,2025-12-19T16:09:54.730746,3.573967933654785
2017-10-28,28,5,-0.2225209339563146,-0.9749279121818236,301,0.45207220393230374,-0.8919813464595487,5,21,0,0,True,1,3.4965075614664802,3.871201010907891,3.7612001156935624,3.58351893845611,3.6888794541139363,3.4011973816621555,3.6635616461296463,3.8918202981106265,10,0.5000000000000001,-0.8660254037844386,0,3.504604353292891,3.49597675653881,3.626919236118967,0.18321705814852587,0.17703081170933072,0.20658119045697218,0,0,2,2025-12-19T16:09:56.856193,3.630049
2017-10-29,29,6,0.6234898018587334,-0.7818314824680299,302,0.46735921715800205,-0.8840675099433637,4,0,0,0,True,1,3.4965075614664802,3.871201010907891,3.7612001156935624,3.58351893845611,3.6888794541139363,3.4011973816621555,3.6635616461296463,3.8918202981106265,10,0.5000000000000001,-0.8660254037844386,0,3.5046043532928906,3.49597675653881,3.6269192361189666,0.18321705814852765,0.1770308117093312,0.20658119045696302,0,0,2,2025-12-19T16:09:58.957646,3.6926157474517822
2017-10-30,30,0,1.0,0.0,303,0.48250774176121763,-0.8758917051442433,3,25,0,0,False,1,3.4965075614664802,3.871201010907891,3.7612001156935624,3.58351893845611,3.6888794541139363,3.4011973816621555,3.6635616461296463,3.8918202981106265,10,0.5000000000000001,-0.8660254037844386,0,3.504604353292891,3.49597675653881,3.626919236118967,0.18321705814852587,0.17703081170933072,0.20658119045697218,0,0,2,2025-12-19T16:10:01.111594,3.3162792
2017-10-31,31,1,0.6234898018587336,0.7818314824680298,304,0.4975132889071803,-0.8674563547295971,2,0,0,0,False,1,3.4965075614664802,3.871201010907891,3.7612001156935624,3.58351893845611,3.6888794541139363,3.4011973816621555,3.6635616461296463,3.8918202981106265,10,0.5000000000000001,-0.8660254037844386,0,3.5046043532928906,3.49597675653881,3.6269192361189666,0.18321705814852765,0.1770308117093312,0.20658119045696302,0,0,2,2025-12-19T16:10:03.226272,3.4670052528381348
2017-11-01,1,2,-0.22252093395631434,0.9749279121818236,305,0.5123714121284235,-0.858763958275803,1,14,0,1,False,1,3.4965075614664802,3.871201010907891,3.7612001156935624,3.58351893845611,3.6888794541139363,3.4011973816621555,3.6635616461296463,3.8918202981106265,11,0.8660254037844384,-0.5000000000000004,2,3.504604353292891,3.49597675653881,3.626919236118967,0.18321705814852587,0.17703081170933072,0.20658119045697218,0,0,2,2025-12-19T16:10:05.376954,3.529768
2017-11-02,2,3,-0.900968867902419,0.43388373911755823,306,0.5270777086423724,-0.8498170915275277,0,0,1,1,False,1,3.4965075614664802,3.871201010907891,3.7612001156935624,3.58351893845611,3.6888794541139363,3.4011973816621555,3.6635616461296463,3.8918202981106265,11,0.8660254037844384,-0.5000000000000004,0,3.5046043532928906,3.49597675653881,3.6269192361189666,0.18321705814852765,0.1770308117093312,0.20658119045696302,0,0,2,2025-12-19T16:10:07.509723,3.5983989238739014
2017-11-03,3,4,-0.9009688679024191,-0.433883739117558,307,0.5416278206559811,-0.8406184056344783,12,23,0,1,False,1,3.4965075614664802,3.871201010907891,3.7612001156935624,3.58351893845611,3.6888794541139363,3.4011973816621555,3.6635616461296463,3.8918202981106265,11,0.8660254037844384,-0.5000000000000004,0,3.504604353292891,3.49597675653881,3.626919236118967,0.18321705814852587,0.17703081170933072,0.20658119045697218,0,0,2,2025-12-19T16:10:09.632677,3.6518946
2017-11-04,4,5,-0.2225209339563146,-0.9749279121818236,308,0.5560174366570446,-0.8311706263658079,11,0,0,1,True,1,3.4965075614664802,3.871201010907891,3.7612001156935624,3.58351893845611,3.6888794541139363,3.4011973816621555,3.6635616461296463,3.8918202981106265,11,0.8660254037844384,-0.5000000000000004,0,3.5046043532928906,3.49597675653881,3.6269192361189666,0.18321705814852765,0.1770308117093312,0.20658119045696302,0,0,2,2025-12-19T16:10:11.718093,3.7038774490356445
2017-11-05,5,6,0.6234898018587334,-0.7818314824680299,309,0.5702422926917867,-0.8214765533024145,10,34,0,1,True,1,3.4965075614664802,3.871201010907891,3.7612001156935624,3.58351893845611,3.6888794541139363,3.4011973816621555,3.6635616461296463,3.8918202981106265,11,0.8660254037844384,-0.5000000000000004,0,3.504604353292891,3.49597675653881,3.626919236118967,0.18321705814852587,0.17703081170933072,0.20658119045697218,0,0,2,2025-12-19T16:10:13.862279,3.759955
2017-11-06,6,0,1.0,0.0,310,0.5842981736283683,-0.8115390590073611,9,0,0,1,False,1,3.4965075614664802,3.871201010907891,3.7612001156935624,3.58351893845611,3.6888794541139363,3.4011973816621555,3.6635616461296463,3.8918202981106265,11,0.8660254037844384,-0.5000000000000004,0,3.5046043532928906,3.49597675653881,3.6269192361189666,0.18321705814852765,0.1770308117093312,0.20658119045696302,0,0,2,2025-12-19T16:10:15.929874,3.3626279830932617
2017-11-07,7,1,0.6234898018587336,0.7818314824680298,311,0.5981809144059158,-0.801361088174677,8,36,0,1,False,1,3.4965075614664802,3.871201010907891,3.7612001156935624,3.58351893845611,3.6888794541139363,3.4011973816621555,3.6635616461296463,3.8918202981106265,11,0.8660254037844384,-0.5000000000000004,0,3.504604353292891,3.49597675653881,3.626919236118967,0.18321705814852587,0.17703081170933072,0.20658119045697218,0,0,2,2025-12-19T16:10:18.037144,3.5102894
2017-11-08,8,2,-0.22252093395631434,0.9749279121818236,312,0.6118864012687242,-0.7909456567567774,7,0,0,1,False,1,3.4965075614664802,3.871201010907891,3.7612001156935624,3.58351893845611,3.6888794541139363,3.4011973816621555,3.6635616461296463,3.8918202981106265,11,0.8660254037844384,-0.5000000000000004,0,3.5046043532928906,3.49597675653881,3.6269192361189666,0.18321705814852765,0.1770308117093312,0.20658119045696302,0,0,2,2025-12-19T16:10:20.106146,3.5081090927124023
2017-11-09,9,3,-0.900968867902419,0.43388373911755823,313,0.6254105729852457,-0.780295851070776,6,43,0,1,False,1,3.4965075614664802,3.871201010907891,3.7612001156935624,3.58351893845611,3.6888794541139363,3.4011973816621555,3.6635616461296463,3.8918202981106265,11,0.8660254037844384,-0.5000000000000004,0,3.504604353292891,3.49597675653881,3.626919236118967,0.18321705814852587,0.17703081170933072,0.20658119045697218,0,0,2,2025-12-19T16:10:22.186437,3.5854251
2017-11-10,10,4,-0.9009688679024191,-0.433883739117558,314,0.6387494220515268,-0.7694148268839381,5,0,0,1,False,1,3.4965075614664802,3.871201010907891,3.7612001156935624,3.58351893845611,3.6888794541139363,3.4011973816621555,3.6635616461296463,3.8918202981106265,11,0.8660254037844384,-0.5000000000000004,0,3.5046043532928906,3.49597675653881,3.6269192361189666,0.18321705814852765,0.1770308117093312,0.20658119045696302,0,0,2,2025-12-19T16:10:24.265068,3.643221139907837
2017-11-11,11,5,-0.2225209339563146,-0.9749279121818236,315,0.6518989958787125,-0.7583058084785625,4,13,0,0,True,1,3.4965075614664802,3.871201010907891,3.7612001156935624,3.58351893845611,3.6888794541139363,3.4011973816621555,3.6635616461296463,3.8918202981106265,11,0.8660254037844384,-0.5000000000000004,3,3.504604353292891,3.49597675653881,3.626919236118967,0.18321705814852587,0.17703081170933072,0.20658119045697218,0,0,2,2025-12-19T16:10:26.390361,3.694388
2017-11-12,12,6,0.6234898018587334,-0.7818314824680299,316,0.6648553979642866,-0.7469720876965551,3,0,0,0,True,1,3.4965075614664802,3.871201010907891,3.7612001156935624,3.58351893845611,3.6888794541139363,3.4011973816621555,3.6635616461296463,3.8918202981106265,11,0.8660254037844384,-0.5000000000000004,0,3.5046043532928906,3.49597675653881,3.6269192361189666,0.18321705814852765,0.1770308117093312,0.20658119045696302,0,0,2,2025-12-19T16:10:28.463934,3.756732702255249
2017-11-13,13,0,1.0,0.0,317,0.6776147890466887,-0.7354170229639858,2,37,0,0,False,1,3.4965075614664802,3.871201010907891,3.7612001156935624,3.58351893845611,3.6888794541139363,3.4011973816621555,3.6635616461296463,3.8918202981106265,11,0.8660254037844384,-0.5000000000000004,0,3.504604353292891,3.49597675653881,3.626919236118967,0.18321705814852587,0.17703081170933072,0.20658119045697218,0,0,2,2025-12-19T16:10:30.737472,3.3619304
2017-11-14,14,1,0.6234898018587336,0.7818314824680298,318,0.690173388242972,-0.7236440382959124,1,0,0,0,False,1,3.4965075614664802,3.871201010907891,3.7612001156935624,3.58351893845611,3.6888794541139363,3.4011973816621555,3.6635616461296463,3.8918202981106265,11,0.8660254037844384,-0.5000000000000004,0,3.5046043532928906,3.49597675653881,3.6269192361189666,0.18321705814852765,0.1770308117093312,0.20658119045696302,0,0,2,2025-12-19T16:10:32.867475,3.5118722915649414
2017-11-15,15,2,-0.22252093395631434,0.9749279121818236,319,0.7025274741691566,-0.711656622281775,0,4,1,0,False,1,3.4965075614664802,3.871201010907891,3.7612001156935624,3.58351893845611,3.6888794541139363,3.4011973816621555,3.6635616461296463,3.8918202981106265,11,0.8660254037844384,-0.5000000000000004,12,3.504604353292891,3.49597675653881,3.626919236118967,0.18321705814852587,0.17703081170933072,0.20658119045697218,0,0,2,2025-12-19T16:10:34.978729,3.5048432
2017-11-16,16,3,-0.900968867902419,0.43388373911755823,320,0.7146733860429608,-0.6994583270516471,39,0,0,0,False,1,3.4965075614664802,3.871201010907891,3.7612001156935624,3.58351893845611,3.6888794541139363,3.4011973816621555,3.6635616461296463,3.8918202981106265,11,0.8660254037844384,-0.5000000000000004,0,3.5046043532928906,3.49597675653881,3.6269192361189666,0.18321705814852765,0.1770308117093312,0.20658119045696302,0,0,2,2025-12-19T16:10:37.055675,3.5776114463806152
2017-11-17,17,4,-0.9009688679024191,-0.433883739117558,321,0.7266075247685652,-0.6870527672236675,38,18,0,0,False,1,3.4965075614664802,3.871201010907891,3.7612001156935624,3.58351893845611,3.6888794541139363,3.4011973816621555,3.6635616461296463,3.8918202981106265,11,0.8660254037844384,-0.5000000000000004,0,3.504604353292891,3.49597675653881,3.626919236118967,0.18321705814852587,0.17703081170933072,0.20658119045697218,0,0,2,2025-12-19T16:10:39.162811,3.6364968
2017-11-18,18,5,-0.2225209339563146,-0.9749279121818236,322,0.7383263540031063,-0.6744436188329457,37,0,0,0,True,1,3.4965075614664802,3.871201010907891,3.7612001156935624,3.58351893845611,3.6888794541139363,3.4011973816621555,3.6635616461296463,3.8918202981106265,11,0.8660254037844384,-0.5000000000000004,0,3.5046043532928906,3.49597675653881,3.6269192361189666,0.18321705814852765,0.1770308117093312,0.20658119045696302,0,0,2,2025-12-19T16:10:41.258474,3.6902318000793457
2017-11-19,19,6,0.6234898018587334,-0.7818314824680299,323,0.749826401204568,-0.661634618242279,36,11,0,0,True,1,3.4965075614664802,3.871201010907891,3.7612001156935624,3.58351893845611,3.6888794541139363,3.4011973816621555,3.6635616461296463,3.8918202981106265,11,0.8660254037844384,-0.5000000000000004,5,3.504604353292891,3.49597675653881,3.626919236118967,0.18321705814852587,0.17703081170933072,0.20658119045697218,0,0,2,2025-12-19T16:10:43.380683,3.7488503
2017-11-20,20,0,1.0,0.0,324,0.7611042586607742,-0.6486295610349818,35,0,0,0,False,1,3.4965075614664802,3.871201010907891,3.7612001156935624,3.58351893845611,3.6888794541139363,3.4011973816621555,3.6635616461296463,3.8918202981106265,11,0.8660254037844384,-0.5000000000000004,0,3.5046043532928906,3.49597675653881,3.6269192361189666,0.18321705814852765,0.1770308117093312,0.20658119045696302,0,0,2,2025-12-19T16:10:45.477413,3.3563129901885986
2017-11-21,21,1,0.6234898018587336,0.7818314824680298,325,0.7721565844991641,-0.6354323008901775,34,22,0,0,False,1,3.4965075614664802,3.871201010907891,3.7612001156935624,3.58351893845611,3.6888794541139363,3.4011973816621555,3.6635616461296463,3.8918202981106265,11,0.8660254037844384,-0.5000000000000004,0,3.504604353292891,3.49597675653881,3.626919236118967,0.18321705814852587,0.17703081170933072,0.20658119045697218,0,0,2,2025-12-19T16:10:47.586048,3.5043182
2017-11-22,22,2,-0.22252093395631434,0.9749279121818236,326,0.7829801036770624,-0.622046748440868,33,0,0,0,False,1,3.4965075614664802,3.871201010907891,3.7612001156935624,3.58351893845611,3.6888794541139363,3.4011973816621555,3.6635616461296463,3.8918202981106265,11,0.8660254037844384,-0.5000000000000004,0,3.5046043532928906,3.49597675653881,3.6269192361189666,0.18321705814852765,0.1770308117093312,0.20658119045696302,0,0,2,2025-12-19T16:10:49.693508,3.499361038208008
2017-11-23,23,3,-0.900968867902419,0.43388373911755823,327,0.7935716089521472,-0.6084768701151264,32,41,0,0,False,1,3.4965075614664802,3.871201010907891,3.7612001156935624,3.58351893845611,3.6888794541139363,3.4011973816621555,3.6635616461296463,3.8918202981106265,11,0.8660254037844384,-0.5000000000000004,0,3.504604353292891,3.49597675653881,3.626919236118967,0.18321705814852587,0.17703081170933072,0.20658119045697218,0,0,2,2025-12-19T16:10:51.787422,3.5720184
2017-11-24,24,4,-0.9009688679024191,-0.433883739117558,328,0.8039279618328208,-0.594726686960764,31,0,0,0,False,1,3.4965075614664802,3.871201010907891,3.7612001156935624,3.58351893845611,3.6888794541139363,3.4011973816621555,3.6635616461296463,3.8918202981106265,11,0.8660254037844384,-0.5000000000000004,0,3.5046043532928906,3.49597675653881,3.6269192361189666,0.18321705814852765,0.1770308117093312,0.20658119045696302,0,0,2,2025-12-19T16:10:53.856468,3.631527900695801
2017-11-25,25,5,-0.2225209339563146,-0.9749279121818236,329,0.8140460935082175,-0.5808002734538013,30,1,0,0,True,1,3.4965075614664802,3.871201010907891,3.7612001156935624,3.58351893845611,3.6888794541139363,3.4011973816621555,3.6635616461296463,3.8918202981106265,11,0.8660254037844384,-0.5000000000000004,15,3.504604353292891,3.49597675653881,3.626919236118967,0.18321705814852587,0.17703081170933072,0.20658119045697218,0,0,2,2025-12-19T16:10:56.003313,3.6755195
2017-11-26,26,6,0.6234898018587334,-0.7818314824680299,330,0.8239230057575536,-0.5667017562911184,29,0,0,0,True,1,3.4965075614664802,3.871201010907891,3.7612001156935624,3.58351893845611,3.6888794541139363,3.4011973816621555,3.6635616461296463,3.8918202981106265,11,0.8660254037844384,-0.5000000000000004,0,3.5046043532928906,3.49597675653881,3.6269192361189666,0.18321705814852765,0.1770308117093312,0.20658119045696302,0,0,2,2025-12-19T16:10:58.088897,3.726469039916992
2017-11-27,27,0,1.0,0.0,331,0.8335557718385695,-0.5524353131676203,28,15,0,0,False,1,3.4965075614664802,3.871201010907891,3.7612001156935624,3.58351893845611,3.6888794541139363,3.4011973816621555,3.6635616461296463,3.8918202981106265,11,0.8660254037844384,-0.5000000000000004,1,3.504604353292891,3.49597675653881,3.626919236118967,0.18321705814852587,0.17703081170933072,0.20658119045697218,0,0,2,2025-12-19T16:11:00.282554,3.3449545
2017-11-28,28,1,0.6234898018587336,0.7818314824680298,332,0.8429415373547832,-0.5380051715382992,27,0,0,0,False,1,3.4965075614664802,3.871201010907891,3.7612001156935624,3.58351893845611,3.6888794541139363,3.4011973816621555,3.6635616461296463,3.8918202981106265,11,0.8660254037844384,-0.5000000000000004,0,3.5046043532928906,3.49597675653881,3.6269192361189666,0.18321705814852765,0.1770308117093312,0.20658119045696302,0,0,2,2025-12-19T16:11:02.392289,3.5000932216644287
2017-11-29,29,2,-0.22252093395631434,0.9749279121818236,333,0.8520775211013093,-0.5234156073655503,26,18,0,0,False,1,3.4965075614664802,3.871201010907891,3.7612001156935624,3.58351893845611,3.6888794541139363,3.4011973816621555,3.6635616461296463,3.8918202981106265,11,0.8660254037844384,-0.5000000000000004,0,3.504604353292891,3.49597675653881,3.626919236118967,0.18321705814852587,0.17703081170933072,0.20658119045697218,0,0,2,2025-12-19T16:11:04.548683,3.497071
2017-11-30,30,3,-0.900968867902419,0.43388373911755823,334,0.8609610158889945,-0.5086709438521042,25,0,0,0,False,1,3.4965075614664802,3.871201010907891,3.7612001156935624,3.58351893845611,3.6888794541139363,3.4011973816621555,3.6635616461296463,3.8918202981106265,11,0.8660254037844384,-0.5000000000000004,0,3.5046043532928906,3.49597675653881,3.6269192361189666,0.18321705814852765,0.1770308117093312,0.20658119045696302,0,0,2,2025-12-19T16:11:06.635931,3.5682172775268555
2017-12-01,1,4,-0.9009688679024191,-0.433883739117558,335,0.8695893893466109,-0.49377555015997737,24,50,0,1,False,1,3.4965075614664802,3.871201010907891,3.7612001156935624,3.58351893845611,3.6888794541139363,3.4011973816621555,3.6635616461296463,3.8918202981106265,12,1.0,-2.4492935982947064e-16,0,3.504604353292891,3.49597675653881,3.626919236118967,0.18321705814852587,0.17703081170933072,0.20658119045697218,0,0,2,2025-12-19T16:11:08.786928,3.3078253
2017-12-02,2,5,-0.2225209339563146,-0.9749279121818236,336,0.8779600847008883,-0.4787338401157883,23,0,0,1,True,1,3.4965075614664802,3.871201010907891,3.7612001156935624,3.58351893845611,3.6888794541139363,3.4011973816621555,3.6635616461296463,3.8918202981106265,12,1.0,-2.4492935982947064e-16,0,3.5046043532928906,3.49597675653881,3.6269192361189666,0.18321705814852765,0.1770308117093312,0.20658119045696302,0,0,2,2025-12-19T16:11:10.880653,3.3664073944091797
2017-12-03,3,6,0.6234898018587334,-0.7818314824680299,337,0.8860706215341378,-0.4635502709028512,22,26,0,1,True,1,3.4965075614664802,3.871201010907891,3.7612001156935624,3.58351893845611,3.6888794541139363,3.4011973816621555,3.6635616461296463,3.8918202981106265,12,1.0,-2.4492935982947064e-16,0,3.504604353292891,3.49597675653881,3.626919236118967,0.18321705814852587,0.17703081170933072,0.20658119045697218,0,0,2,2025-12-19T16:11:13.081049,3.3945513
2017-12-04,4,0,1.0,0.0,338,0.893918596519257,-0.4482293417404106,21,0,0,1,False,1,3.4965075614664802,3.871201010907891,3.7612001156935624,3.58351893845611,3.6888794541139363,3.4011973816621555,3.6635616461296463,3.8918202981106265,12,1.0,-2.4492935982947064e-16,0,3.5046043532928906,3.49597675653881,3.6269192361189666,0.18321705814852765,0.1770308117093312,0.20658119045696302,0,0,2,2025-12-19T16:11:15.217806,3.05672287940979
2017-12-05,5,1,0.6234898018587336,0.7818314824680298,339,0.9015016841318838,-0.4327755925504317,20,36,0,1,False,1,3.4965075614664802,3.871201010907891,3.7612001156935624,3.58351893845611,3.6888794541139363,3.4011973816621555,3.6635616461296463,3.8918202981106265,12,1.0,-2.4492935982947064e-16,0,3.504604353292891,3.49597675653881,3.626919236118967,0.18321705814852587,0.17703081170933072,0.20658119045697218,0,0,2,2025-12-19T16:11:17.370278,3.2295828
2017-12-06,6,2,-0.22252093395631434,0.9749279121818236,340,0.9088176373395028,-0.41719360261231697,19,0,0,1,False,1,3.4965075614664802,3.871201010907891,3.7612001156935624,3.58351893845611,3.6888794541139363,3.4011973816621555,3.6635616461296463,3.8918202981106265,12,1.0,-2.4492935982947064e-16,0,3.5046043532928906,3.49597675653881,3.6269192361189666,0.18321705814852765,0.1770308117093312,0.20658119045696302,0,0,2,2025-12-19T16:11:19.470774,3.2253918647766113
2017-12-07,7,3,-0.900968867902419,0.43388373911755823,341,0.9158642882672868,-0.4014879892059737,18,34,0,1,False,1,3.4965075614664802,3.871201010907891,3.7612001156935624,3.58351893845611,3.6888794541139363,3.4011973816621555,3.6635616461296463,3.8918202981106265,12,1.0,-2.4492935982947064e-16,0,3.504604353292891,3.49597675653881,3.626919236118967,0.18321705814852587,0.17703081170933072,0.20658119045697218,0,0,2,2025-12-19T16:11:21.618009,3.3039176
2017-12-08,8,4,-0.9009688679024191,-0.433883739117558,342,0.9226395488404875,-0.38566340624360745,17,0,0,1,False,1,3.4965075614664802,3.871201010907891,3.7612001156935624,3.58351893845611,3.6888794541139363,3.4011973816621555,3.6635616461296463,3.8918202981106265,12,1.0,-2.4492935982947064e-16,0,3.5046043532928906,3.49597675653881,3.6269192361189666,0.18321705814852765,0.1770308117093312,0.20658119045696302,0,0,2,2025-12-19T16:11:23.736993,3.3873941898345947
2017-12-09,9,5,-0.2225209339563146,-0.9749279121818236,343,0.9291414114031743,-0.3697245428906732,16,31,0,1,True,1,3.4965075614664802,3.871201010907891,3.7612001156935624,3.58351893845611,3.6888794541139363,3.4011973816621555,3.6635616461296463,3.8918202981106265,12,1.0,-2.4492935982947064e-16,0,3.504604353292891,3.49597675653881,3.626919236118967,0.18321705814852587,0.17703081170933072,0.20658119045697218,0,0,2,2025-12-19T16:11:25.868132,3.437788
2017-12-10,10,6,0.6234898018587334,-0.7818314824680299,344,0.935367949313148,-0.3536761221763721,15,0,0,1,True,1,3.4965075614664802,3.871201010907891,3.7612001156935624,3.58351893845611,3.6888794541139363,3.4011973816621555,3.6635616461296463,3.8918202981106265,12,1.0,-2.4492935982947064e-16,0,3.5046043532928906,3.49597675653881,3.6269192361189666,0.18321705814852765,0.1770308117093312,0.20658119045696302,0,0,2,2025-12-19T16:11:28.070870,3.4887983798980713
2017-12-11,11,0,1.0,0.0,345,0.941317317512847,-0.33752289959411347,14,47,0,0,False,1,3.4965075614664802,3.871201010907891,3.7612001156935624,3.58351893845611,3.6888794541139363,3.4011973816621555,3.6635616461296463,3.8918202981106265,12,1.0,-2.4492935982947064e-16,0,3.504604353292891,3.49597675653881,3.626919236118967,0.18321705814852587,0.17703081170933072,0.20658119045697218,0,0,2,2025-12-19T16:11:30.217888,3.1261919
2017-12-12,12,1,0.6234898018587336,0.7818314824680298,346,0.9469877530760751,-0.32126966169236515,13,0,0,0,False,1,3.4965075614664802,3.871201010907891,3.7612001156935624,3.58351893845611,3.6888794541139363,3.4011973816621555,3.6635616461296463,3.8918202981106265,12,1.0,-2.4492935982947064e-16,0,3.5046043532928906,3.49597675653881,3.6269192361189666,0.18321705814852765,0.1770308117093312,0.20658119045696302,0,0,2,2025-12-19T16:11:32.299975,3.2912285327911377
2017-12-13,13,2,-0.22252093395631434,0.9749279121818236,347,0.9523775757303973,-0.3049212246562894,12,49,0,0,False,1,3.4965075614664802,3.871201010907891,3.7612001156935624,3.58351893845611,3.6888794541139363,3.4011973816621555,3.6635616461296463,3.8918202981106265,12,1.0,-2.4492935982947064e-16,0,3.504604353292891,3.49597675653881,3.626919236118967,0.18321705814852587,0.17703081170933072,0.20658119045697218,0,0,2,2025-12-19T16:11:34.408797,3.2879226
2017-12-14,14,3,-0.900968867902419,0.43388373911755823,348,0.9574851883550389,-0.2884824328806098,11,0,0,0,False,1,3.4965075614664802,3.871201010907891,3.7612001156935624,3.58351893845611,3.6888794541139363,3.4011973816621555,3.6635616461296463,3.8918202981106265,12,1.0,-2.4492935982947064e-16,0,3.5046043532928906,3.49597675653881,3.6269192361189666,0.18321705814852765,0.1770308117093312,0.20658119045696302,0,0,2,2025-12-19T16:11:36.533033,3.3392484188079834
2017-12-15,15,4,-0.9009688679024191,-0.433883739117558,349,0.9623090774541487,-0.27195815753410524,10,30,0,0,False,1,3.4965075614664802,3.871201010907891,3.7612001156935624,3.58351893845611,3.6888794541139363,3.4011973816621555,3.6635616461296463,3.8918202981106265,12,1.0,-2.4492935982947064e-16,0,3.504604353292891,3.49597675653881,3.626919236118967,0.18321705814852587,0.17703081170933072,0.20658119045697218,0,0,2,2025-12-19T16:11:38.653131,3.4075112
2017-12-16,16,5,-0.2225209339563146,-0.9749279121818236,350,0.9668478136052773,-0.2553532951161881,9,0,0,0,True,1,3.4965075614664802,3.871201010907891,3.7612001156935624,3.58351893845611,3.6888794541139363,3.4011973816621555,3.6635616461296463,3.8918202981106265,12,1.0,-2.4492935982947064e-16,0,3.5046043532928906,3.49597675653881,3.6269192361189666,0.18321705814852765,0.1770308117093312,0.20658119045696302,0,0,2,2025-12-19T16:11:40.776388,3.4650683403015137
2017-12-17,17,6,0.6234898018587334,-0.7818314824680299,351,0.9711000518829505,-0.23867276600594997,8,49,0,0,True,1,3.4965075614664802,3.871201010907891,3.7612001156935624,3.58351893845611,3.6888794541139363,3.4011973816621555,3.6635616461296463,3.8918202981106265,12,1.0,-2.4492935982947064e-16,0,3.504604353292891,3.49597675653881,3.626919236118967,0.18321705814852587,0.17703081170933072,0.20658119045697218,0,0,2,2025-12-19T16:11:42.902521,3.5314894
2017-12-18,18,0,1.0,0.0,352,0.9750645322571945,-0.22192151300416674,7,0,0,0,False,1,3.4965075614664802,3.871201010907891,3.7612001156935624,3.58351893845611,3.6888794541139363,3.4011973816621555,3.6635616461296463,3.8918202981106265,12,1.0,-2.4492935982947064e-16,0,3.5046043532928906,3.49597675653881,3.6269192361189666,0.18321705814852765,0.1770308117093312,0.20658119045696302,0,0,2,2025-12-19T16:11:44.983357,3.1636221408843994
2017-12-19,19,1,0.6234898018587336,0.7818314824680298,353,0.9787400799669153,-0.20510449986861926,6,11,0,0,False,1,3.4965075614664802,3.871201010907891,3.7612001156935624,3.58351893845611,3.6888794541139363,3.4011973816621555,3.6635616461296463,3.8918202981106265,12,1.0,-2.4492935982947064e-16,5,3.504604353292891,3.49597675653881,3.626919236118967,0.18321705814852587,0.17703081170933072,0.20658119045697218,0,0,2,2025-12-19T16:11:47.119030,3.3110318
2017-12-20,20,2,-0.22252093395631434,0.9749279121818236,354,0.9821256058680006,-0.1882267098432439,5,0,0,0,False,1,3.4965075614664802,3.871201010907891,3.7612001156935624,3.58351893845611,3.6888794541139363,3.4011973816621555,3.6635616461296463,3.8918202981106265,12,1.0,-2.4492935982947064e-16,0,3.5046043532928906,3.49597675653881,3.6269192361189666,0.18321705814852765,0.1770308117093312,0.20658119045696302,0,0,2,2025-12-19T16:11:49.197287,3.3098809719085693
2017-12-21,21,3,-0.900968867902419,0.43388373911755823,355,0.9852201067560606,-0.1712931441814778,4,4,0,0,False,1,3.4965075614664802,3.871201010907891,3.7612001156935624,3.58351893845611,3.6888794541139363,3.4011973816621555,3.6635616461296463,3.8918202981106265,12,1.0,-2.4492935982947064e-16,12,3.504604353292891,3.49597675653881,3.626919236118967,0.18321705814852587,0.17703081170933072,0.20658119045697218,0,0,2,2025-12-19T16:11:51.309726,3.3781812
2017-12-22,22,4,-0.9009688679024191,-0.433883739117558,356,0.9880226656636976,-0.154308820664281,3,0,0,0,False,1,3.4965075614664802,3.871201010907891,3.7612001156935624,3.58351893845611,3.6888794541139363,3.4011973816621555,3.6635616461296463,3.8918202981106265,12,1.0,-2.4492935982947064e-16,0,3.5046043532928906,3.49597675653881,3.6269192361189666,0.18321705814852765,0.1770308117093312,0.20658119045696302,0,0,2,2025-12-19T16:11:53.400671,3.4468648433685303
2017-12-23,23,5,-0.2225209339563146,-0.9749279121818236,357,0.9905324521322227,-0.13727877211326517,2,21,0,0,True,1,3.4965075614664802,3.871201010907891,3.7612001156935624,3.58351893845611,3.6888794541139363,3.4011973816621555,3.6635616461296463,3.8918202981106265,12,1.0,-2.4492935982947064e-16,0,3.504604353292891,3.49597675653881,3.626919236118967,0.18321705814852587,0.17703081170933072,0.20658119045697218,0,0,2,2025-12-19T16:11:55.558252,3.5017455
2017-12-24,24,6,0.6234898018587334,-0.7818314824680299,358,0.9927487224577402,-0.12020804489935275,1,0,0,0,True,1,3.4965075614664802,3.871201010907891,3.7612001156935624,3.58351893845611,3.6888794541139363,3.4011973816621555,3.6635616461296463,3.8918202981106265,12,1.0,-2.4492935982947064e-16,0,3.5046043532928906,3.49597675653881,3.6269192361189666,0.18321705814852765,0.1770308117093312,0.20658119045696302,0,0,2,2025-12-19T16:11:57.686392,3.557698965072632
2017-12-25,25,0,1.0,0.0,359,0.9946708199115211,-0.10310169744743544,0,16,1,0,False,1,3.4965075614664802,3.871201010907891,3.7612001156935624,3.58351893845611,3.6888794541139363,3.4011973816621555,3.6635616461296463,3.8918202981106265,12,1.0,-2.4492935982947064e-16,0,3.504604353292891,3.49597675653881,3.626919236118967,0.18321705814852587,0.17703081170933072,0.20658119045697218,0,0,2,2025-12-19T16:11:59.854138,3.1881032
2017-12-26,26,1,0.6234898018587336,0.7818314824680298,360,0.9962981749346077,-0.0859647987374467,6,0,0,0,False,1,3.4965075614664802,3.871201010907891,3.7612001156935624,3.58351893845611,3.6888794541139363,3.4011973816621555,3.6635616461296463,3.8918202981106265,12,1.0,-2.4492935982947064e-16,0,3.5046043532928906,3.49597675653881,3.6269192361189666,0.18321705814852765,0.1770308117093312,0.20658119045696302,0,0,2,2025-12-19T16:12:01.977932,3.3462307453155518
2017-12-27,27,2,-0.22252093395631434,0.9749279121818236,361,0.9976303053065857,-0.06880242680232064,5,33,0,0,False,1,3.4965075614664802,3.871201010907891,3.7612001156935624,3.58351893845611,3.6888794541139363,3.4011973816621555,3.6635616461296463,3.8918202981106265,12,1.0,-2.4492935982947064e-16,0,3.504604353292891,3.49597675653881,3.626919236118967,0.18321705814852587,0.17703081170933072,0.20658119045697218,0,0,2,2025-12-19T16:12:04.070007,3.3480947
2017-12-28,28,3,-0.900968867902419,0.43388373911755823,362,0.9986668162884759,-0.05161966722325418,4,0,0,0,False,1,3.4965075614664802,3.871201010907891,3.7612001156935624,3.58351893845611,3.6888794541139363,3.4011973816621555,3.6635616461296463,3.8918202981106265,12,1.0,-2.4492935982947064e-16,0,3.5046043532928906,3.49597675653881,3.6269192361189666,0.18321705814852765,0.1770308117093312,0.20658119045696302,0,0,2,2025-12-19T16:12:06.154642,3.416747570037842
2017-12-29,29,4,-0.9009688679024191,-0.433883739117558,363,0.9994074007397048,-0.034421611622745804,3,26,0,0,False,1,3.4965075614664802,3.871201010907891,3.7612001156935624,3.58351893845611,3.6888794541139363,3.4011973816621555,3.6635616461296463,3.8918202981106265,12,1.0,-2.4492935982947064e-16,0,3.504604353292891,3.49597675653881,3.626919236118967,0.18321705814852587,0.17703081170933072,0.20658119045697218,0,0,2,2025-12-19T16:12:08.266321,3.4871829
2017-12-30,30,5,-0.2225209339563146,-0.9749279121818236,364,0.9998518392091162,-0.01721335615583528,2,0,0,0,True,1,3.4965075614664802,3.871201010907891,3.7612001156935624,3.58351893845611,3.6888794541139363,3.4011973816621555,3.6635616461296463,3.8918202981106265,12,1.0,-2.4492935982947064e-16,0,3.5046043532928906,3.49597675653881,3.6269192361189666,0.18321705814852765,0.1770308117093312,0.20658119045696302,0,0,2,2025-12-19T16:12:10.345505,3.5465757846832275
2017-12-31,31,6,0.6234898018587334,-0.7818314824680299,365,1.0,6.432490598706546e-16,1,21,0,0,True,1,3.4965075614664802,3.871201010907891,3.7612001156935624,3.58351893845611,3.6888794541139363,3.4011973816621555,3.6635616461296463,3.8918202981106265,12,1.0,-2.4492935982947064e-16,0,3.504604353292891,3.49597675653881,3.626919236118967,0.18321705814852587,0.17703081170933072,0.20658119045697218,0,0,2,2025-12-19T16:12:12.569542,3.591521
2017-10-01,1,6,0.6234898018587334,-0.7818314824680299,274,0.004303538296243821,-0.9999907397361901,11,0,0,1,True,1,3.367295829986474,3.6375861597263857,3.091042453358316,3.4965075614664802,3.4339872044851463,3.2188758248682006,3.6109179126442243,3.713572066704308,10,0.5000000000000001,-0.8660254037844386,0,3.377155819750839,3.296601245983145,3.470420131013361,0.21298678239627494,0.1849701338785605,0.2362634031891397,0,0,3,2025-12-19T16:12:14.666748,3.5154459476470947
2017-10-02,2,0,1.0,0.0,275,0.021516097436222233,-0.9997685019798909,10,3,0,1,False,1,3.367295829986474,3.6375861597263857,3.091042453358316,3.4965075614664802,3.4339872044851463,3.2188758248682006,3.6109179126442243,3.713572066704308,10,0.5000000000000001,-0.8660254037844386,13,3.3771558197508393,3.296601245983145,3.470420131013361,0.21298678239628321,0.18497013387856634,0.2362634031891607,0,0,3,2025-12-19T16:12:16.778141,3.1137216
2017-10-03,3,1,0.6234898018587336,0.7818314824680298,276,0.03872228089217399,-0.9992500112396835,9,0,0,1,False,1,3.367295829986474,3.6375861597263857,3.091042453358316,3.4965075614664802,3.4339872044851463,3.2188758248682006,3.6109179126442243,3.713572066704308,10,0.5000000000000001,-0.8660254037844386,0,3.377155819750839,3.296601245983145,3.470420131013361,0.21298678239627494,0.1849701338785605,0.2362634031891397,0,0,3,2025-12-19T16:12:18.871678,3.2601537704467773
2017-10-04,4,2,-0.22252093395631434,0.9749279121818236,277,0.05591699010060302,-0.9984354211555643,8,1,0,1,False,1,3.367295829986474,3.6375861597263857,3.091042453358316,3.4965075614664802,3.4339872044851463,3.2188758248682006,3.6109179126442243,3.713572066704308,10,0.5000000000000001,-0.8660254037844386,15,3.3771558197508393,3.296601245983145,3.470420131013361,0.21298678239628321,0.18497013387856634,0.2362634031891607,0,0,3,2025-12-19T16:12:21.000587,3.2589061
2017-10-05,5,3,-0.900968867902419,0.43388373911755823,278,0.07309512989807776,-0.9973249731081555,7,0,0,1,False,1,3.367295829986474,3.6375861597263857,3.091042453358316,3.4965075614664802,3.4339872044851463,3.2188758248682006,3.6109179126442243,3.713572066704308,10,0.5000000000000001,-0.8660254037844386,0,3.377155819750839,3.296601245983145,3.470420131013361,0.21298678239627494,0.1849701338785605,0.2362634031891397,0,0,3,2025-12-19T16:12:23.104604,3.335496664047241
2017-10-06,6,4,-0.9009688679024191,-0.433883739117558,279,0.0902516100310407,-0.9959189961471792,6,37,0,1,False,1,3.367295829986474,3.6375861597263857,3.091042453358316,3.4965075614664802,3.4339872044851463,3.2188758248682006,3.6109179126442243,3.713572066704308,10,0.5000000000000001,-0.8660254037844386,0,3.3771558197508393,3.296601245983145,3.470420131013361,0.21298678239628321,0.18497013387856634,0.2362634031891607,0,0,3,2025-12-19T16:12:25.219066,3.3827245
2017-10-07,7,5,-0.2225209339563146,-0.9749279121818236,280,0.10738134666416306,-0.994217906893952,5,0,0,1,True,1,3.367295829986474,3.6375861597263857,3.091042453358316,3.4965075614664802,3.4339872044851463,3.2188758248682006,3.6109179126442243,3.713572066704308,10,0.5000000000000001,-0.8660254037844386,0,3.377155819750839,3.296601245983145,3.470420131013361,0.21298678239627494,0.1849701338785605,0.2362634031891397,0,0,3,2025-12-19T16:12:27.298355,3.4629404544830322
2017-10-08,8,6,0.6234898018587334,-0.7818314824680299,281,0.12447926388678869,-0.9922222094179324,4,10,0,1,True,1,3.367295829986474,3.6375861597263857,3.091042453358316,3.4965075614664802,3.4339872044851463,3.2188758248682006,3.6109179126442243,3.713572066704308,10,0.5000000000000001,-0.8660254037844386,6,3.3771558197508393,3.296601245983145,3.470420131013361,0.21298678239628321,0.18497013387856634,0.2362634031891607,0,0,3,2025-12-19T16:12:29.420073,3.5230422
2017-10-09,9,0,1.0,0.0,282,0.141540295217043,-0.989932495087353,3,0,0,1,False,1,3.367295829986474,3.6375861597263857,3.091042453358316,3.4965075614664802,3.4339872044851463,3.2188758248682006,3.6109179126442243,3.713572066704308,10,0.5000000000000001,-0.8660254037844386,0,3.377155819750839,3.296601245983145,3.470420131013361,0.21298678239627494,0.1849701338785605,0.2362634031891397,0,0,3,2025-12-19T16:12:31.550690,3.1184823513031006
2017-10-10,10,1,0.6234898018587336,0.7818314824680298,283,0.15855938510313475,-0.9873494423939864,2,8,0,1,False,1,3.367295829986474,3.6375861597263857,3.091042453358316,3.4965075614664802,3.4339872044851463,3.2188758248682006,3.6109179126442243,3.713572066704308,10,0.5000000000000001,-0.8660254037844386,8,3.3771558197508393,3.296601245983145,3.470420131013361,0.21298678239628321,0.18497013387856634,0.2362634031891607,0,0,3,2025-12-19T16:12:33.658701,3.2659557
2017-10-11,11,2,-0.22252093395631434,0.9749279121818236,284,0.17553149042142777,-0.9844738167520923,1,0,0,0,False,1,3.367295829986474,3.6375861597263857,3.091042453358316,3.4965075614664802,3.4339872044851463,3.2188758248682006,3.6109179126442243,3.713572066704308,10,0.5000000000000001,-0.8660254037844386,0,3.377155819750839,3.296601245983145,3.470420131013361,0.21298678239627494,0.1849701338785605,0.2362634031891397,0,0,3,2025-12-19T16:12:35.765010,3.2644197940826416
2017-10-12,12,3,-0.900968867902419,0.43388373911755823,285,0.19245158197082995,-0.9813064702716093,0,12,1,0,False,1,3.367295829986474,3.6375861597263857,3.091042453358316,3.4965075614664802,3.4339872044851463,3.2188758248682006,3.6109179126442243,3.713572066704308,10,0.5000000000000001,-0.8660254037844386,4,3.3771558197508393,3.296601245983145,3.470420131013361,0.21298678239628321,0.18497013387856634,0.2362634031891607,0,0,3,2025-12-19T16:12:37.905412,3.3391721
2017-10-13,13,4,-0.9009688679024191,-0.433883739117558,286,0.20931464596304888,-0.9778483415056567,20,0,0,0,False,1,3.367295829986474,3.6375861597263857,3.091042453358316,3.4965075614664802,3.4339872044851463,3.2188758248682006,3.6109179126442243,3.713572066704308,10,0.5000000000000001,-0.8660254037844386,0,3.377155819750839,3.296601245983145,3.470420131013361,0.21298678239627494,0.1849701338785605,0.2362634031891397,0,0,3,2025-12-19T16:12:39.977332,3.399550676345825
2017-10-14,14,5,-0.2225209339563146,-0.9749279121818236,287,0.22611568550828803,-0.9741004551724206,19,42,0,0,True,1,3.367295829986474,3.6375861597263857,3.091042453358316,3.4965075614664802,3.4339872044851463,3.2188758248682006,3.6109179126442243,3.713572066704308,10,0.5000000000000001,-0.8660254037844386,0,3.3771558197508393,3.296601245983145,3.470420131013361,0.21298678239628321,0.18497013387856634,0.2362634031891607,0,0,3,2025-12-19T16:12:42.075304,3.4695606
2017-10-05,5,3,-0.900968867902419,0.43388373911755823,278,0.07309512989807776,-0.9973249731081555,7,0,0,1,False,1,3.4339872044851463,3.4339872044851463,3.367295829986474,3.4339872044851463,3.1780538303479458,3.1780538303479458,3.2188758248682006,3.6635616461296463,10,0.5000000000000001,-0.8660254037844386,0,3.188463555765254,3.168986625733089,3.2697709932975503,0.2607527153992202,0.2587299443281496,0.24576239152649595,0,0,1,2025-12-19T16:14:53.262425,3.1087653636932373
2017-10-03,3,1,0.6234898018587336,0.7818314824680298,276,0.03872228089217399,-0.9992500112396835,9,0,0,1,False,1,3.4339872044851463,3.4339872044851463,3.367295829986474,3.4339872044851463,3.1780538303479458,3.1780538303479458,3.2188758248682006,3.6635616461296463,10,0.5000000000000001,-0.8660254037844386,0,3.188463555765254,3.168986625733089,3.2697709932975503,0.2607527153992202,0.2587299443281496,0.24576239152649595,0,0,1,2025-12-19T16:14:53.257427,3.041431427001953
2017-10-01,1,6,0.6234898018587334,-0.7818314824680299,274,0.004303538296243821,-0.9999907397361901,11,0,0,1,True,1,3.4339872044851463,3.4339872044851463,3.367295829986474,3.4339872044851463,3.1780538303479458,3.1780538303479458,3.2188758248682006,3.6635616461296463,10,0.5000000000000001,-0.8660254037844386,0,3.188463555765254,3.168986625733089,3.2697709932975503,0.2607527153992202,0.2587299443281496,0.24576239152649595,0,0,1,2025-12-19T16:14:53.239377,3.271141767501831
2017-10-02,2,0,1.0,0.0,275,0.021516097436222233,-0.9997685019798909,10,42,0,1,False,1,3.4339872044851463,3.4339872044851463,3.367295829986474,3.4339872044851463,3.1780538303479458,3.1780538303479458,3.2188758248682006,3.6635616461296463,10,0.5000000000000001,-0.8660254037844386,0,3.188463555765254,3.168986625733089,3.2697709932975503,0.2607527153992185,0.2587299443281552,0.24576239152651405,0,0,1,2025-12-19T16:14:53.462799,2.901446
2017-10-04,4,2,-0.22252093395631434,0.9749279121818236,277,0.05591699010060302,-0.9984354211555643,8,22,0,1,False,1,3.4339872044851463,3.4339872044851463,3.367295829986474,3.4339872044851463,3.1780538303479458,3.1780538303479458,3.2188758248682006,3.6635616461296463,10,0.5000000000000001,-0.8660254037844386,0,3.188463555765254,3.168986625733089,3.2697709932975503,0.2607527153992185,0.2587299443281552,0.24576239152651405,0,0,1,2025-12-19T16:14:53.478885,3.0427818
2017-10-09,9,0,1.0,0.0,282,0.141540295217043,-0.989932495087353,3,0,0,1,False,1,3.4339872044851463,3.4339872044851463,3.367295829986474,3.4339872044851463,3.1780538303479458,3.1780538303479458,3.2188758248682006,3.6635616461296463,10,0.5000000000000001,-0.8660254037844386,0,3.188463555765254,3.168986625733089,3.2697709932975503,0.2607527153992202,0.2587299443281496,0.24576239152649595,0,0,1,2025-12-19T16:14:55.944846,2.906764507293701
2017-10-07,7,5,-0.2225209339563146,-0.9749279121818236,280,0.10738134666416306,-0.994217906893952,5,0,0,1,True,1,3.4339872044851463,3.4339872044851463,3.367295829986474,3.4339872044851463,3.1780538303479458,3.1780538303479458,3.2188758248682006,3.6635616461296463,10,0.5000000000000001,-0.8660254037844386,0,3.188463555765254,3.168986625733089,3.2697709932975503,0.2607527153992202,0.2587299443281496,0.24576239152649595,0,0,1,2025-12-19T16:14:56.109595,3.2327980995178223
2017-10-06,6,4,-0.9009688679024191,-0.433883739117558,279,0.0902516100310407,-0.9959189961471792,6,41,0,1,False,1,3.4339872044851463,3.4339872044851463,3.367295829986474,3.4339872044851463,3.1780538303479458,3.1780538303479458,3.2188758248682006,3.6635616461296463,10,0.5000000000000001,-0.8660254037844386,0,3.188463555765254,3.168986625733089,3.2697709932975503,0.2607527153992185,0.2587299443281552,0.24576239152651405,0,0,1,2025-12-19T16:14:56.265319,3.1686823
2017-10-08,8,6,0.6234898018587334,-0.7818314824680299,281,0.12447926388678869,-0.9922222094179324,4,16,0,1,True,1,3.4339872044851463,3.4339872044851463,3.367295829986474,3.4339872044851463,3.1780538303479458,3.1780538303479458,3.2188758248682006,3.6635616461296463,10,0.5000000000000001,-0.8660254037844386,0,3.188463555765254,3.168986625733089,3.2697709932975503,0.2607527153992185,0.2587299443281552,0.24576239152651405,0,0,1,2025-12-19T16:14:56.311597,3.284954
2017-10-10,10,1,0.6234898018587336,0.7818314824680298,283,0.15855938510313475,-0.9873494423939864,2,30,0,1,False,1,3.4339872044851463,3.4339872044851463,3.367295829986474,3.4339872044851463,3.1780538303479458,3.1780538303479458,3.2188758248682006,3.6635616461296463,10,0.5000000000000001,-0.8660254037844386,0,3.188463555765254,3.168986625733089,3.2697709932975503,0.2607527153992185,0.2587299443281552,0.24576239152651405,0,0,1,2025-12-19T16:14:56.372388,3.0499988
2017-10-11,11,2,-0.22252093395631434,0.9749279121818236,284,0.17553149042142777,-0.9844738167520923,1,0,0,0,False,1,3.4339872044851463,3.4339872044851463,3.367295829986474,3.4339872044851463,3.1780538303479458,3.1780538303479458,3.2188758248682006,3.6635616461296463,10,0.5000000000000001,-0.8660254037844386,0,3.188463555765254,3.168986625733089,3.2697709932975503,0.2607527153992202,0.2587299443281496,0.24576239152649595,0,0,1,2025-12-19T16:14:58.108736,3.0489938259124756
2017-10-13,13,4,-0.9009688679024191,-0.433883739117558,286,0.20931464596304888,-0.9778483415056567,20,0,0,0,False,1,3.4339872044851463,3.4339872044851463,3.367295829986474,3.4339872044851463,3.1780538303479458,3.1780538303479458,3.2188758248682006,3.6635616461296463,10,0.5000000000000001,-0.8660254037844386,0,3.188463555765254,3.168986625733089,3.2697709932975503,0.2607527153992202,0.2587299443281496,0.24576239152649595,0,0,1,2025-12-19T16:14:58.469434,3.1949236392974854
2017-10-15,15,6,0.6234898018587334,-0.7818314824680299,288,0.2428497220959358,-0.970063921851507,18,0,0,0,True,1,3.4339872044851463,3.4339872044851463,3.367295829986474,3.4339872044851463,3.1780538303479458,3.1780538303479458,3.2188758248682006,3.6635616461296463,10,0.5000000000000001,-0.8660254037844386,0,3.188463555765254,3.168986625733089,3.2697709932975503,0.2607527153992202,0.2587299443281496,0.24576239152649595,0,0,1,2025-12-19T16:14:58.622730,3.3025829792022705
2017-10-12,12,3,-0.900968867902419,0.43388373911755823,285,0.19245158197082995,-0.9813064702716093,0,3,1,0,False,1,3.4339872044851463,3.4339872044851463,3.367295829986474,3.4339872044851463,3.1780538303479458,3.1780538303479458,3.2188758248682006,3.6635616461296463,10,0.5000000000000001,-0.8660254037844386,13,3.188463555765254,3.168986625733089,3.2697709932975503,0.2607527153992185,0.2587299443281552,0.24576239152651405,0,0,1,2025-12-19T16:14:58.716424,3.1187687
2017-10-14,14,5,-0.2225209339563146,-0.9749279121818236,287,0.22611568550828803,-0.9741004551724206,19,17,0,0,True,1,3.4339872044851463,3.4339872044851463,3.367295829986474,3.4339872044851463,3.1780538303479458,3.1780538303479458,3.2188758248682006,3.6635616461296463,10,0.5000000000000001,-0.8660254037844386,0,3.188463555765254,3.168986625733089,3.2697709932975503,0.2607527153992185,0.2587299443281552,0.24576239152651405,0,0,1,2025-12-19T16:14:58.804919,3.2501113
2017-10-16,16,0,1.0,0.0,289,0.25951179706979943,-0.965739937654855,17,45,0,0,False,1,3.4339872044851463,3.4339872044851463,3.367295829986474,3.4339872044851463,3.1780538303479458,3.1780538303479458,3.2188758248682006,3.6635616461296463,10,0.5000000000000001,-0.8660254037844386,0,3.188463555765254,3.168986625733089,3.2697709932975503,0.2607527153992185,0.2587299443281552,0.24576239152651405,0,0,1,2025-12-19T16:15:00.257564,2.9348493
2017-10-17,17,1,0.6234898018587336,0.7818314824680298,290,0.27609697309746883,-0.9611297838723007,16,0,0,0,False,1,3.4339872044851463,3.4339872044851463,3.367295829986474,3.4339872044851463,3.1780538303479458,3.1780538303479458,3.2188758248682006,3.6635616461296463,10,0.5000000000000001,-0.8660254037844386,0,3.188463555765254,3.168986625733089,3.2697709932975503,0.2607527153992202,0.2587299443281496,0.24576239152649595,0,0,1,2025-12-19T16:15:00.626482,3.0716702938079834
2017-10-18,18,2,-0.22252093395631434,0.9749279121818236,291,0.2926003356333479,-0.9562348265919058,15,2,0,0,False,1,3.4339872044851463,3.4339872044851463,3.367295829986474,3.4339872044851463,3.1780538303479458,3.1780538303479458,3.2188758248682006,3.6635616461296463,10,0.5000000000000001,-0.8660254037844386,14,3.188463555765254,3.168986625733089,3.2697709932975503,0.2607527153992185,0.2587299443281552,0.24576239152651405,0,0,1,2025-12-19T16:15:01.027104,3.076759
2017-10-19,19,3,-0.900968867902419,0.43388373911755823,292,0.30901699437494723,-0.9510565162951536,14,0,0,0,False,1,3.4339872044851463,3.4339872044851463,3.367295829986474,3.4339872044851463,3.1780538303479458,3.1780538303479458,3.2188758248682006,3.6635616461296463,10,0.5000000000000001,-0.8660254037844386,0,3.188463555765254,3.168986625733089,3.2697709932975503,0.2607527153992202,0.2587299443281496,0.24576239152649595,0,0,1,2025-12-19T16:15:01.061061,3.1473381519317627
2017-10-20,20,4,-0.9009688679024191,-0.433883739117558,293,0.3253420847119795,-0.9455963874271428,13,31,0,0,False,1,3.4339872044851463,3.4339872044851463,3.367295829986474,3.4339872044851463,3.1780538303479458,3.1780538303479458,3.2188758248682006,3.6635616461296463,10,0.5000000000000001,-0.8660254037844386,0,3.188463555765254,3.168986625733089,3.2697709932975503,0.2607527153992185,0.2587299443281552,0.24576239152651405,0,0,1,2025-12-19T16:15:01.163073,3.208409
2017-10-21,21,5,-0.2225209339563146,-0.9749279121818236,294,0.341570769167856,-0.9398560579418953,12,0,0,0,True,1,3.4339872044851463,3.4339872044851463,3.367295829986474,3.4339872044851463,3.1780538303479458,3.1780538303479458,3.2188758248682006,3.6635616461296463,10,0.5000000000000001,-0.8660254037844386,0,3.188463555765254,3.168986625733089,3.2697709932975503,0.2607527153992202,0.2587299443281496,0.24576239152649595,0,0,1,2025-12-19T16:15:02.338483,3.281365156173706
2017-10-22,22,6,0.6234898018587334,-0.7818314824680299,295,0.35769823883312546,-0.9338372288229252,11,38,0,0,True,1,3.4339872044851463,3.4339872044851463,3.367295829986474,3.4339872044851463,3.1780538303479458,3.1780538303479458,3.2188758248682006,3.6635616461296463,10,0.5000000000000001,-0.8660254037844386,0,3.188463555765254,3.168986625733089,3.2697709932975503,0.2607527153992185,0.2587299443281552,0.24576239152651405,0,0,1,2025-12-19T16:15:02.767526,3.327486
2017-10-23,23,0,1.0,0.0,296,0.3737197147904692,-0.9275416835791965,10,0,0,0,False,1,3.4339872044851463,3.4339872044851463,3.367295829986474,3.4339872044851463,3.1780538303479458,3.1780538303479458,3.2188758248682006,3.6635616461296463,10,0.5000000000000001,-0.8660254037844386,0,3.188463555765254,3.168986625733089,3.2697709932975503,0.2607527153992202,0.2587299443281496,0.24576239152649595,0,0,1,2025-12-19T16:15:03.145838,2.954897880554199
2017-10-24,24,1,0.6234898018587336,0.7818314824680298,297,0.38963044953078774,-0.9209712877166347,9,16,0,0,False,1,3.4339872044851463,3.4339872044851463,3.367295829986474,3.4339872044851463,3.1780538303479458,3.1780538303479458,3.2188758248682006,3.6635616461296463,10,0.5000000000000001,-0.8660254037844386,0,3.188463555765254,3.168986625733089,3.2697709932975503,0.2607527153992185,0.2587299443281552,0.24576239152651405,0,0,1,2025-12-19T16:15:03.213288,3.094256
2017-10-25,25,2,-0.22252093395631434,0.9749279121818236,298,0.4054257283599973,-0.9141279881853337,8,0,0,0,False,1,3.4339872044851463,3.4339872044851463,3.367295829986474,3.4339872044851463,3.1780538303479458,3.1780538303479458,3.2188758248682006,3.6635616461296463,10,0.5000000000000001,-0.8660254037844386,0,3.188463555765254,3.168986625733089,3.2697709932975503,0.2607527153992202,0.2587299443281496,0.24576239152649595,0,0,1,2025-12-19T16:15:03.285076,3.0957858562469482
2017-10-26,26,3,-0.900968867902419,0.43388373911755823,299,0.42110087079608916,-0.9070138128026362,7,26,0,0,False,1,3.4339872044851463,3.4339872044851463,3.367295829986474,3.4339872044851463,3.1780538303479458,3.1780538303479458,3.2188758248682006,3.6635616461296463,10,0.5000000000000001,-0.8660254037844386,0,3.188463555765254,3.168986625733089,3.2697709932975503,0.2607527153992185,0.2587299443281552,0.24576239152651405,0,0,1,2025-12-19T16:15:04.459381,3.1639893
2017-10-27,27,4,-0.9009688679024191,-0.433883739117558,300,0.4366512319560638,-0.8996308696522434,6,0,0,0,False,1,3.4339872044851463,3.4339872044851463,3.367295829986474,3.4339872044851463,3.1780538303479458,3.1780538303479458,3.2188758248682006,3.6635616461296463,10,0.5000000000000001,-0.8660254037844386,0,3.188463555765254,3.168986625733089,3.2697709932975503,0.2607527153992202,0.2587299443281496,0.24576239152649595,0,0,1,2025-12-19T16:15:04.857375,3.23266863822937
2017-10-28,28,5,-0.2225209339563146,-0.9749279121818236,301,0.45207220393230374,-0.8919813464595487,5,35,0,0,True,1,3.4339872044851463,3.4339872044851463,3.367295829986474,3.4339872044851463,3.1780538303479458,3.1780538303479458,3.2188758248682006,3.6635616461296463,10,0.5000000000000001,-0.8660254037844386,0,3.188463555765254,3.168986625733089,3.2697709932975503,0.2607527153992185,0.2587299443281552,0.24576239152651405,0,0,1,2025-12-19T16:15:05.267503,3.2943325
2017-10-29,29,6,0.6234898018587334,-0.7818314824680299,302,0.46735921715800205,-0.8840675099433637,4,0,0,0,True,1,3.4339872044851463,3.4339872044851463,3.367295829986474,3.4339872044851463,3.1780538303479458,3.1780538303479458,3.2188758248682006,3.6635616461296463,10,0.5000000000000001,-0.8660254037844386,0,3.188463555765254,3.168986625733089,3.2697709932975503,0.2607527153992202,0.2587299443281496,0.24576239152649595,0,0,1,2025-12-19T16:15:05.312727,3.344815254211426
2017-10-30,30,0,1.0,0.0,303,0.48250774176121763,-0.8758917051442433,3,24,0,0,False,1,3.4339872044851463,3.4339872044851463,3.367295829986474,3.4339872044851463,3.1780538303479458,3.1780538303479458,3.2188758248682006,3.6635616461296463,10,0.5000000000000001,-0.8660254037844386,0,3.188463555765254,3.168986625733089,3.2697709932975503,0.2607527153992185,0.2587299443281552,0.24576239152651405,0,0,1,2025-12-19T16:15:05.415568,2.9738324
2017-10-31,31,1,0.6234898018587336,0.7818314824680298,304,0.4975132889071803,-0.8674563547295971,2,0,0,0,False,1,3.4339872044851463,3.4339872044851463,3.367295829986474,3.4339872044851463,3.1780538303479458,3.1780538303479458,3.2188758248682006,3.6635616461296463,10,0.5000000000000001,-0.8660254037844386,0,3.188463555765254,3.168986625733089,3.2697709932975503,0.2607527153992202,0.2587299443281496,0.24576239152649595,0,0,1,2025-12-19T16:15:06.576375,3.112278938293457
2017-11-01,1,2,-0.22252093395631434,0.9749279121818236,305,0.5123714121284235,-0.858763958275803,1,4,0,1,False,1,3.4339872044851463,3.4339872044851463,3.367295829986474,3.4339872044851463,3.1780538303479458,3.1780538303479458,3.2188758248682006,3.6635616461296463,11,0.8660254037844384,-0.5000000000000004,12,3.188463555765254,3.168986625733089,3.2697709932975503,0.2607527153992185,0.2587299443281552,0.24576239152651405,0,0,1,2025-12-19T16:15:06.997252,3.1883695
2017-11-02,2,3,-0.900968867902419,0.43388373911755823,306,0.5270777086423724,-0.8498170915275277,0,0,1,1,False,1,3.4339872044851463,3.4339872044851463,3.367295829986474,3.4339872044851463,3.1780538303479458,3.1780538303479458,3.2188758248682006,3.6635616461296463,11,0.8660254037844384,-0.5000000000000004,0,3.188463555765254,3.168986625733089,3.2697709932975503,0.2607527153992202,0.2587299443281496,0.24576239152649595,0,0,1,2025-12-19T16:15:07.363899,3.2517151832580566
2017-11-03,3,4,-0.9009688679024191,-0.433883739117558,307,0.5416278206559811,-0.8406184056344783,12,40,0,1,False,1,3.4339872044851463,3.4339872044851463,3.367295829986474,3.4339872044851463,3.1780538303479458,3.1780538303479458,3.2188758248682006,3.6635616461296463,11,0.8660254037844384,-0.5000000000000004,0,3.188463555765254,3.168986625733089,3.2697709932975503,0.2607527153992185,0.2587299443281552,0.24576239152651405,0,0,1,2025-12-19T16:15:07.441432,3.3177433
2017-11-04,4,5,-0.2225209339563146,-0.9749279121818236,308,0.5560174366570446,-0.8311706263658079,11,0,0,1,True,1,3.4339872044851463,3.4339872044851463,3.367295829986474,3.4339872044851463,3.1780538303479458,3.1780538303479458,3.2188758248682006,3.6635616461296463,11,0.8660254037844384,-0.5000000000000004,0,3.188463555765254,3.168986625733089,3.2697709932975503,0.2607527153992202,0.2587299443281496,0.24576239152649595,0,0,1,2025-12-19T16:15:07.507951,3.3713583946228027
2017-11-05,5,6,0.6234898018587334,-0.7818314824680299,309,0.5702422926917867,-0.8214765533024145,10,12,0,1,True,1,3.4339872044851463,3.4339872044851463,3.367295829986474,3.4339872044851463,3.1780538303479458,3.1780538303479458,3.2188758248682006,3.6635616461296463,11,0.8660254037844384,-0.5000000000000004,4,3.188463555765254,3.168986625733089,3.2697709932975503,0.2607527153992185,0.2587299443281552,0.24576239152651405,0,0,1,2025-12-19T16:15:08.704698,3.4115648
2017-11-06,6,0,1.0,0.0,310,0.5842981736283683,-0.8115390590073611,9,0,0,1,False,1,3.4339872044851463,3.4339872044851463,3.367295829986474,3.4339872044851463,3.1780538303479458,3.1780538303479458,3.2188758248682006,3.6635616461296463,11,0.8660254037844384,-0.5000000000000004,0,3.188463555765254,3.168986625733089,3.2697709932975503,0.2607527153992202,0.2587299443281496,0.24576239152649595,0,0,1,2025-12-19T16:15:09.089251,3.0401782989501953
2017-11-07,7,1,0.6234898018587336,0.7818314824680298,311,0.5981809144059158,-0.801361088174677,8,45,0,1,False,1,3.4339872044851463,3.4339872044851463,3.367295829986474,3.4339872044851463,3.1780538303479458,3.1780538303479458,3.2188758248682006,3.6635616461296463,11,0.8660254037844384,-0.5000000000000004,0,3.188463555765254,3.168986625733089,3.2697709932975503,0.2607527153992185,0.2587299443281552,0.24576239152651405,0,0,1,2025-12-19T16:15:09.523344,3.175934
2017-11-08,8,2,-0.22252093395631434,0.9749279121818236,312,0.6118864012687242,-0.7909456567567774,7,0,0,1,False,1,3.4339872044851463,3.4339872044851463,3.367295829986474,3.4339872044851463,3.1780538303479458,3.1780538303479458,3.2188758248682006,3.6635616461296463,11,0.8660254037844384,-0.5000000000000004,0,3.188463555765254,3.168986625733089,3.2697709932975503,0.2607527153992202,0.2587299443281496,0.24576239152649595,0,0,1,2025-12-19T16:15:09.580370,3.173156261444092
2017-11-09,9,3,-0.900968867902419,0.43388373911755823,313,0.6254105729852457,-0.780295851070776,6,24,0,1,False,1,3.4339872044851463,3.4339872044851463,3.367295829986474,3.4339872044851463,3.1780538303479458,3.1780538303479458,3.2188758248682006,3.6635616461296463,11,0.8660254037844384,-0.5000000000000004,0,3.188463555765254,3.168986625733089,3.2697709932975503,0.2607527153992185,0.2587299443281552,0.24576239152651405,0,0,1,2025-12-19T16:15:09.633372,3.2411783
2017-11-10,10,4,-0.9009688679024191,-0.433883739117558,314,0.6387494220515268,-0.7694148268839381,5,0,0,1,False,1,3.4339872044851463,3.4339872044851463,3.367295829986474,3.4339872044851463,3.1780538303479458,3.1780538303479458,3.2188758248682006,3.6635616461296463,11,0.8660254037844384,-0.5000000000000004,0,3.188463555765254,3.168986625733089,3.2697709932975503,0.2607527153992202,0.2587299443281496,0.24576239152649595,0,0,1,2025-12-19T16:15:10.838667,3.3075037002563477
2017-11-11,11,5,-0.2225209339563146,-0.9749279121818236,315,0.6518989958787125,-0.7583058084785625,4,7,0,0,True,1,3.4339872044851463,3.4339872044851463,3.367295829986474,3.4339872044851463,3.1780538303479458,3.1780538303479458,3.2188758248682006,3.6635616461296463,11,0.8660254037844384,-0.5000000000000004,9,3.188463555765254,3.168986625733089,3.2697709932975503,0.2607527153992185,0.2587299443281552,0.24576239152651405,0,0,1,2025-12-19T16:15:11.205940,3.3637578
2017-11-12,12,6,0.6234898018587334,-0.7818314824680299,316,0.6648553979642866,-0.7469720876965551,3,0,0,0,True,1,3.4339872044851463,3.4339872044851463,3.367295829986474,3.4339872044851463,3.1780538303479458,3.1780538303479458,3.2188758248682006,3.6635616461296463,11,0.8660254037844384,-0.5000000000000004,0,3.188463555765254,3.168986625733089,3.2697709932975503,0.2607527153992202,0.2587299443281496,0.24576239152649595,0,0,1,2025-12-19T16:15:11.622555,3.4094326496124268
2017-11-13,13,0,1.0,0.0,317,0.6776147890466887,-0.7354170229639858,2,31,0,0,False,1,3.4339872044851463,3.4339872044851463,3.367295829986474,3.4339872044851463,3.1780538303479458,3.1780538303479458,3.2188758248682006,3.6635616461296463,11,0.8660254037844384,-0.5000000000000004,0,3.188463555765254,3.168986625733089,3.2697709932975503,0.2607527153992185,0.2587299443281552,0.24576239152651405,0,0,1,2025-12-19T16:15:11.675178,3.033099
2017-11-14,14,1,0.6234898018587336,0.7818314824680298,318,0.690173388242972,-0.7236440382959124,1,0,0,0,False,1,3.4339872044851463,3.4339872044851463,3.367295829986474,3.4339872044851463,3.1780538303479458,3.1780538303479458,3.2188758248682006,3.6635616461296463,11,0.8660254037844384,-0.5000000000000004,0,3.188463555765254,3.168986625733089,3.2697709932975503,0.2607527153992202,0.2587299443281496,0.24576239152649595,0,0,1,2025-12-19T16:15:11.727888,3.174826145172119
2017-11-15,15,2,-0.22252093395631434,0.9749279121818236,319,0.7025274741691566,-0.711656622281775,0,12,1,0,False,1,3.4339872044851463,3.4339872044851463,3.367295829986474,3.4339872044851463,3.1780538303479458,3.1780538303479458,3.2188758248682006,3.6635616461296463,11,0.8660254037844384,-0.5000000000000004,4,3.188463555765254,3.168986625733089,3.2697709932975503,0.2607527153992185,0.2587299443281552,0.24576239152651405,0,0,1,2025-12-19T16:15:12.999435,3.178123
2017-11-16,16,3,-0.900968867902419,0.43388373911755823,320,0.7146733860429608,-0.6994583270516471,39,0,0,0,False,1,3.4339872044851463,3.4339872044851463,3.367295829986474,3.4339872044851463,3.1780538303479458,3.1780538303479458,3.2188758248682006,3.6635616461296463,11,0.8660254037844384,-0.5000000000000004,0,3.188463555765254,3.168986625733089,3.2697709932975503,0.2607527153992202,0.2587299443281496,0.24576239152649595,0,0,1,2025-12-19T16:15:13.293117,3.2438907623291016
2017-11-18,18,5,-0.2225209339563146,-0.9749279121818236,322,0.7383263540031063,-0.6744436188329457,37,0,0,0,True,1,3.4339872044851463,3.4339872044851463,3.367295829986474,3.4339872044851463,3.1780538303479458,3.1780538303479458,3.2188758248682006,3.6635616461296463,11,0.8660254037844384,-0.5000000000000004,0,3.188463555765254,3.168986625733089,3.2697709932975503,0.2607527153992202,0.2587299443281496,0.24576239152649595,0,0,1,2025-12-19T16:15:13.807427,3.364459753036499
2017-11-17,17,4,-0.9009688679024191,-0.433883739117558,321,0.7266075247685652,-0.6870527672236675,38,28,0,0,False,1,3.4339872044851463,3.4339872044851463,3.367295829986474,3.4339872044851463,3.1780538303479458,3.1780538303479458,3.2188758248682006,3.6635616461296463,11,0.8660254037844384,-0.5000000000000004,0,3.188463555765254,3.168986625733089,3.2697709932975503,0.2607527153992185,0.2587299443281552,0.24576239152651405,0,0,1,2025-12-19T16:15:13.898426,3.3102784
2017-11-19,19,6,0.6234898018587334,-0.7818314824680299,323,0.749826401204568,-0.661634618242279,36,4,0,0,True,1,3.4339872044851463,3.4339872044851463,3.367295829986474,3.4339872044851463,3.1780538303479458,3.1780538303479458,3.2188758248682006,3.6635616461296463,11,0.8660254037844384,-0.5000000000000004,12,3.188463555765254,3.168986625733089,3.2697709932975503,0.2607527153992185,0.2587299443281552,0.24576239152651405,0,0,1,2025-12-19T16:15:13.939428,3.4147828
2017-11-20,20,0,1.0,0.0,324,0.7611042586607742,-0.6486295610349818,35,0,0,0,False,1,3.4339872044851463,3.4339872044851463,3.367295829986474,3.4339872044851463,3.1780538303479458,3.1780538303479458,3.2188758248682006,3.6635616461296463,11,0.8660254037844384,-0.5000000000000004,0,3.188463555765254,3.168986625733089,3.2697709932975503,0.2607527153992202,0.2587299443281496,0.24576239152649595,0,0,1,2025-12-19T16:15:15.087168,3.0430619716644287
2017-11-21,21,1,0.6234898018587336,0.7818314824680298,325,0.7721565844991641,-0.6354323008901775,34,50,0,0,False,1,3.4339872044851463,3.4339872044851463,3.367295829986474,3.4339872044851463,3.1780538303479458,3.1780538303479458,3.2188758248682006,3.6635616461296463,11,0.8660254037844384,-0.5000000000000004,0,3.188463555765254,3.168986625733089,3.2697709932975503,0.2607527153992185,0.2587299443281552,0.24576239152651405,0,0,1,2025-12-19T16:15:15.394287,3.181071
2017-11-22,22,2,-0.22252093395631434,0.9749279121818236,326,0.7829801036770624,-0.622046748440868,33,0,0,0,False,1,3.4339872044851463,3.4339872044851463,3.367295829986474,3.4339872044851463,3.1780538303479458,3.1780538303479458,3.2188758248682006,3.6635616461296463,11,0.8660254037844384,-0.5000000000000004,0,3.188463555765254,3.168986625733089,3.2697709932975503,0.2607527153992202,0.2587299443281496,0.24576239152649595,0,0,1,2025-12-19T16:15:15.928449,3.1749539375305176
2017-11-24,24,4,-0.9009688679024191,-0.433883739117558,328,0.8039279618328208,-0.594726686960764,31,0,0,0,False,1,3.4339872044851463,3.4339872044851463,3.367295829986474,3.4339872044851463,3.1780538303479458,3.1780538303479458,3.2188758248682006,3.6635616461296463,11,0.8660254037844384,-0.5000000000000004,0,3.188463555765254,3.168986625733089,3.2697709932975503,0.2607527153992202,0.2587299443281496,0.24576239152649595,0,0,1,2025-12-19T16:15:16.068615,3.3138930797576904
2017-11-23,23,3,-0.900968867902419,0.43388373911755823,327,0.7935716089521472,-0.6084768701151264,32,50,0,0,False,1,3.4339872044851463,3.4339872044851463,3.367295829986474,3.4339872044851463,3.1780538303479458,3.1780538303479458,3.2188758248682006,3.6635616461296463,11,0.8660254037844384,-0.5000000000000004,0,3.188463555765254,3.168986625733089,3.2697709932975503,0.2607527153992185,0.2587299443281552,0.24576239152651405,0,0,1,2025-12-19T16:15:16.080618,3.2463107
2017-11-25,25,5,-0.2225209339563146,-0.9749279121818236,329,0.8140460935082175,-0.5808002734538013,30,33,0,0,True,1,3.4339872044851463,3.4339872044851463,3.367295829986474,3.4339872044851463,3.1780538303479458,3.1780538303479458,3.2188758248682006,3.6635616461296463,11,0.8660254037844384,-0.5000000000000004,0,3.188463555765254,3.168986625733089,3.2697709932975503,0.2607527153992185,0.2587299443281552,0.24576239152651405,0,0,1,2025-12-19T16:15:17.233262,3.3620124
2017-11-26,26,6,0.6234898018587334,-0.7818314824680299,330,0.8239230057575536,-0.5667017562911184,29,0,0,0,True,1,3.4339872044851463,3.4339872044851463,3.367295829986474,3.4339872044851463,3.1780538303479458,3.1780538303479458,3.2188758248682006,3.6635616461296463,11,0.8660254037844384,-0.5000000000000004,0,3.188463555765254,3.168986625733089,3.2697709932975503,0.2607527153992202,0.2587299443281496,0.24576239152649595,0,0,1,2025-12-19T16:15:17.467018,3.399545192718506
2017-11-27,27,0,1.0,0.0,331,0.8335557718385695,-0.5524353131676203,28,3,0,0,False,1,3.4339872044851463,3.4339872044851463,3.367295829986474,3.4339872044851463,3.1780538303479458,3.1780538303479458,3.2188758248682006,3.6635616461296463,11,0.8660254037844384,-0.5000000000000004,13,3.188463555765254,3.168986625733089,3.2697709932975503,0.2607527153992185,0.2587299443281552,0.24576239152651405,0,0,1,2025-12-19T16:15:18.067796,3.0233648
2017-11-28,28,1,0.6234898018587336,0.7818314824680298,332,0.8429415373547832,-0.5380051715382992,27,0,0,0,False,1,3.4339872044851463,3.4339872044851463,3.367295829986474,3.4339872044851463,3.1780538303479458,3.1780538303479458,3.2188758248682006,3.6635616461296463,11,0.8660254037844384,-0.5000000000000004,0,3.188463555765254,3.168986625733089,3.2697709932975503,0.2607527153992202,0.2587299443281496,0.24576239152649595,0,0,1,2025-12-19T16:15:18.213850,3.1701998710632324
2017-11-29,29,2,-0.22252093395631434,0.9749279121818236,333,0.8520775211013093,-0.5234156073655503,26,7,0,0,False,1,3.4339872044851463,3.4339872044851463,3.367295829986474,3.4339872044851463,3.1780538303479458,3.1780538303479458,3.2188758248682006,3.6635616461296463,11,0.8660254037844384,-0.5000000000000004,9,3.188463555765254,3.168986625733089,3.2697709932975503,0.2607527153992185,0.2587299443281552,0.24576239152651405,0,0,1,2025-12-19T16:15:18.297130,3.160759
2017-11-30,30,3,-0.900968867902419,0.43388373911755823,334,0.8609610158889945,-0.5086709438521042,25,0,0,0,False,1,3.4339872044851463,3.4339872044851463,3.367295829986474,3.4339872044851463,3.1780538303479458,3.1780538303479458,3.2188758248682006,3.6635616461296463,11,0.8660254037844384,-0.5000000000000004,0,3.188463555765254,3.168986625733089,3.2697709932975503,0.2607527153992202,0.2587299443281496,0.24576239152649595,0,0,1,2025-12-19T16:15:19.359265,3.236907958984375
2017-12-01,1,4,-0.9009688679024191,-0.433883739117558,335,0.8695893893466109,-0.49377555015997737,24,36,0,1,False,1,3.4339872044851463,3.4339872044851463,3.367295829986474,3.4339872044851463,3.1780538303479458,3.1780538303479458,3.2188758248682006,3.6635616461296463,12,1.0,-2.4492935982947064e-16,0,3.188463555765254,3.168986625733089,3.2697709932975503,0.2607527153992185,0.2587299443281552,0.24576239152651405,0,0,1,2025-12-19T16:15:19.743414,3.0096395
2017-12-02,2,5,-0.2225209339563146,-0.9749279121818236,336,0.8779600847008883,-0.4787338401157883,23,0,0,1,True,1,3.4339872044851463,3.4339872044851463,3.367295829986474,3.4339872044851463,3.1780538303479458,3.1780538303479458,3.2188758248682006,3.6635616461296463,12,1.0,-2.4492935982947064e-16,0,3.188463555765254,3.168986625733089,3.2697709932975503,0.2607527153992202,0.2587299443281496,0.24576239152649595,0,0,1,2025-12-19T16:15:20.165129,3.050471544265747
2017-12-03,3,6,0.6234898018587334,-0.7818314824680299,337,0.8860706215341378,-0.4635502709028512,22,45,0,1,True,1,3.4339872044851463,3.4339872044851463,3.367295829986474,3.4339872044851463,3.1780538303479458,3.1780538303479458,3.2188758248682006,3.6635616461296463,12,1.0,-2.4492935982947064e-16,0,3.188463555765254,3.168986625733089,3.2697709932975503,0.2607527153992185,0.2587299443281552,0.24576239152651405,0,0,1,2025-12-19T16:15:20.363799,3.0839787
2017-12-04,4,0,1.0,0.0,338,0.893918596519257,-0.4482293417404106,21,0,0,1,False,1,3.4339872044851463,3.4339872044851463,3.367295829986474,3.4339872044851463,3.1780538303479458,3.1780538303479458,3.2188758248682006,3.6635616461296463,12,1.0,-2.4492935982947064e-16,0,3.188463555765254,3.168986625733089,3.2697709932975503,0.2607527153992202,0.2587299443281496,0.24576239152649595,0,0,1,2025-12-19T16:15:20.429917,2.7635443210601807
2017-12-05,5,1,0.6234898018587336,0.7818314824680298,339,0.9015016841318838,-0.4327755925504317,20,45,0,1,False,1,3.4339872044851463,3.4339872044851463,3.367295829986474,3.4339872044851463,3.1780538303479458,3.1780538303479458,3.2188758248682006,3.6635616461296463,12,1.0,-2.4492935982947064e-16,0,3.188463555765254,3.168986625733089,3.2697709932975503,0.2607527153992185,0.2587299443281552,0.24576239152651405,0,0,1,2025-12-19T16:15:21.556772,2.8759568
2017-12-06,6,2,-0.22252093395631434,0.9749279121818236,340,0.9088176373395028,-0.41719360261231697,19,0,0,1,False,1,3.4339872044851463,3.4339872044851463,3.367295829986474,3.4339872044851463,3.1780538303479458,3.1780538303479458,3.2188758248682006,3.6635616461296463,12,1.0,-2.4492935982947064e-16,0,3.188463555765254,3.168986625733089,3.2697709932975503,0.2607527153992202,0.2587299443281496,0.24576239152649595,0,0,1,2025-12-19T16:15:21.885670,2.873643159866333
2017-12-07,7,3,-0.900968867902419,0.43388373911755823,341,0.9158642882672868,-0.4014879892059737,18,49,0,1,False,1,3.4339872044851463,3.4339872044851463,3.367295829986474,3.4339872044851463,3.1780538303479458,3.1780538303479458,3.2188758248682006,3.6635616461296463,12,1.0,-2.4492935982947064e-16,0,3.188463555765254,3.168986625733089,3.2697709932975503,0.2607527153992185,0.2587299443281552,0.24576239152651405,0,0,1,2025-12-19T16:15:22.389108,2.925245
2017-12-08,8,4,-0.9009688679024191,-0.433883739117558,342,0.9226395488404875,-0.38566340624360745,17,0,0,1,False,1,3.4339872044851463,3.4339872044851463,3.367295829986474,3.4339872044851463,3.1780538303479458,3.1780538303479458,3.2188758248682006,3.6635616461296463,12,1.0,-2.4492935982947064e-16,0,3.188463555765254,3.168986625733089,3.2697709932975503,0.2607527153992202,0.2587299443281496,0.24576239152649595,0,0,1,2025-12-19T16:15:22.532617,3.023470401763916
2017-12-09,9,5,-0.2225209339563146,-0.9749279121818236,343,0.9291414114031743,-0.3697245428906732,16,33,0,1,True,1,3.4339872044851463,3.4339872044851463,3.367295829986474,3.4339872044851463,3.1780538303479458,3.1780538303479458,3.2188758248682006,3.6635616461296463,12,1.0,-2.4492935982947064e-16,0,3.188463555765254,3.168986625733089,3.2697709932975503,0.2607527153992185,0.2587299443281552,0.24576239152651405,0,0,1,2025-12-19T16:15:22.659557,3.0654373
2017-12-10,10,6,0.6234898018587334,-0.7818314824680299,344,0.935367949313148,-0.3536761221763721,15,0,0,1,True,1,3.4339872044851463,3.4339872044851463,3.367295829986474,3.4339872044851463,3.1780538303479458,3.1780538303479458,3.2188758248682006,3.6635616461296463,12,1.0,-2.4492935982947064e-16,0,3.188463555765254,3.168986625733089,3.2697709932975503,0.2607527153992202,0.2587299443281496,0.24576239152649595,0,0,1,2025-12-19T16:15:23.685009,3.115706205368042
2017-12-11,11,0,1.0,0.0,345,0.941317317512847,-0.33752289959411347,14,5,0,0,False,1,3.4339872044851463,3.4339872044851463,3.367295829986474,3.4339872044851463,3.1780538303479458,3.1780538303479458,3.2188758248682006,3.6635616461296463,12,1.0,-2.4492935982947064e-16,10,3.188463555765254,3.168986625733089,3.2697709932975503,0.2607527153992185,0.2587299443281552,0.24576239152651405,0,0,1,2025-12-19T16:15:24.018056,2.7843573
2017-12-12,12,1,0.6234898018587336,0.7818314824680298,346,0.9469877530760751,-0.32126966169236515,13,0,0,0,False,1,3.4339872044851463,3.4339872044851463,3.367295829986474,3.4339872044851463,3.1780538303479458,3.1780538303479458,3.2188758248682006,3.6635616461296463,12,1.0,-2.4492935982947064e-16,0,3.188463555765254,3.168986625733089,3.2697709932975503,0.2607527153992202,0.2587299443281496,0.24576239152649595,0,0,1,2025-12-19T16:15:24.508170,2.912367820739746
2017-12-13,13,2,-0.22252093395631434,0.9749279121818236,347,0.9523775757303973,-0.3049212246562894,12,24,0,0,False,1,3.4339872044851463,3.4339872044851463,3.367295829986474,3.4339872044851463,3.1780538303479458,3.1780538303479458,3.2188758248682006,3.6635616461296463,12,1.0,-2.4492935982947064e-16,0,3.188463555765254,3.168986625733089,3.2697709932975503,0.2607527153992185,0.2587299443281552,0.24576239152651405,0,0,1,2025-12-19T16:15:24.681278,2.9129925
2017-12-14,14,3,-0.900968867902419,0.43388373911755823,348,0.9574851883550389,-0.2884824328806098,11,0,0,0,False,1,3.4339872044851463,3.4339872044851463,3.367295829986474,3.4339872044851463,3.1780538303479458,3.1780538303479458,3.2188758248682006,3.6635616461296463,12,1.0,-2.4492935982947064e-16,0,3.188463555765254,3.168986625733089,3.2697709932975503,0.2607527153992202,0.2587299443281496,0.24576239152649595,0,0,1,2025-12-19T16:15:24.807500,2.977350950241089
2017-12-15,15,4,-0.9009688679024191,-0.433883739117558,349,0.9623090774541487,-0.27195815753410524,10,11,0,0,False,1,3.4339872044851463,3.4339872044851463,3.367295829986474,3.4339872044851463,3.1780538303479458,3.1780538303479458,3.2188758248682006,3.6635616461296463,12,1.0,-2.4492935982947064e-16,5,3.188463555765254,3.168986625733089,3.2697709932975503,0.2607527153992185,0.2587299443281552,0.24576239152651405,0,0,1,2025-12-19T16:15:25.817839,3.0694947
2017-12-16,16,5,-0.2225209339563146,-0.9749279121818236,350,0.9668478136052773,-0.2553532951161881,9,0,0,0,True,1,3.4339872044851463,3.4339872044851463,3.367295829986474,3.4339872044851463,3.1780538303479458,3.1780538303479458,3.2188758248682006,3.6635616461296463,12,1.0,-2.4492935982947064e-16,0,3.188463555765254,3.168986625733089,3.2697709932975503,0.2607527153992202,0.2587299443281496,0.24576239152649595,0,0,1,2025-12-19T16:15:26.119488,3.117666721343994
2017-12-17,17,6,0.6234898018587334,-0.7818314824680299,351,0.9711000518829505,-0.23867276600594997,8,42,0,0,True,1,3.4339872044851463,3.4339872044851463,3.367295829986474,3.4339872044851463,3.1780538303479458,3.1780538303479458,3.2188758248682006,3.6635616461296463,12,1.0,-2.4492935982947064e-16,0,3.188463555765254,3.168986625733089,3.2697709932975503,0.2607527153992185,0.2587299443281552,0.24576239152651405,0,0,1,2025-12-19T16:15:26.616057,3.1606164
2017-12-18,18,0,1.0,0.0,352,0.9750645322571945,-0.22192151300416674,7,0,0,0,False,1,3.4339872044851463,3.4339872044851463,3.367295829986474,3.4339872044851463,3.1780538303479458,3.1780538303479458,3.2188758248682006,3.6635616461296463,12,1.0,-2.4492935982947064e-16,0,3.188463555765254,3.168986625733089,3.2697709932975503,0.2607527153992202,0.2587299443281496,0.24576239152649595,0,0,1,2025-12-19T16:15:26.768698,2.836435079574585
2017-12-19,19,1,0.6234898018587336,0.7818314824680298,353,0.9787400799669153,-0.20510449986861926,6,48,0,0,False,1,3.4339872044851463,3.4339872044851463,3.367295829986474,3.4339872044851463,3.1780538303479458,3.1780538303479458,3.2188758248682006,3.6635616461296463,12,1.0,-2.4492935982947064e-16,0,3.188463555765254,3.168986625733089,3.2697709932975503,0.2607527153992185,0.2587299443281552,0.24576239152651405,0,0,1,2025-12-19T16:15:26.939388,2.9505367
2017-12-20,20,2,-0.22252093395631434,0.9749279121818236,354,0.9821256058680006,-0.1882267098432439,5,0,0,0,False,1,3.4339872044851463,3.4339872044851463,3.367295829986474,3.4339872044851463,3.1780538303479458,3.1780538303479458,3.2188758248682006,3.6635616461296463,12,1.0,-2.4492935982947064e-16,0,3.188463555765254,3.168986625733089,3.2697709932975503,0.2607527153992202,0.2587299443281496,0.24576239152649595,0,0,1,2025-12-19T16:15:27.936588,2.952674388885498
2017-12-21,21,3,-0.900968867902419,0.43388373911755823,355,0.9852201067560606,-0.1712931441814778,4,9,0,0,False,1,3.4339872044851463,3.4339872044851463,3.367295829986474,3.4339872044851463,3.1780538303479458,3.1780538303479458,3.2188758248682006,3.6635616461296463,12,1.0,-2.4492935982947064e-16,7,3.188463555765254,3.168986625733089,3.2697709932975503,0.2607527153992185,0.2587299443281552,0.24576239152651405,0,0,1,2025-12-19T16:15:28.305269,3.0168176
2017-12-22,22,4,-0.9009688679024191,-0.433883739117558,356,0.9880226656636976,-0.154308820664281,3,0,0,0,False,1,3.4339872044851463,3.4339872044851463,3.367295829986474,3.4339872044851463,3.1780538303479458,3.1780538303479458,3.2188758248682006,3.6635616461296463,12,1.0,-2.4492935982947064e-16,0,3.188463555765254,3.168986625733089,3.2697709932975503,0.2607527153992202,0.2587299443281496,0.24576239152649595,0,0,1,2025-12-19T16:15:28.814584,3.1036102771759033
2017-12-23,23,5,-0.2225209339563146,-0.9749279121818236,357,0.9905324521322227,-0.13727877211326517,2,43,0,0,True,1,3.4339872044851463,3.4339872044851463,3.367295829986474,3.4339872044851463,3.1780538303479458,3.1780538303479458,3.2188758248682006,3.6635616461296463,12,1.0,-2.4492935982947064e-16,0,3.188463555765254,3.168986625733089,3.2697709932975503,0.2607527153992185,0.2587299443281552,0.24576239152651405,0,0,1,2025-12-19T16:15:28.967934,3.1383255
2017-12-24,24,6,0.6234898018587334,-0.7818314824680299,358,0.9927487224577402,-0.12020804489935275,1,0,0,0,True,1,3.4339872044851463,3.4339872044851463,3.367295829986474,3.4339872044851463,3.1780538303479458,3.1780538303479458,3.2188758248682006,3.6635616461296463,12,1.0,-2.4492935982947064e-16,0,3.188463555765254,3.168986625733089,3.2697709932975503,0.2607527153992202,0.2587299443281496,0.24576239152649595,0,0,1,2025-12-19T16:15:29.073118,3.2109391689300537
2017-12-25,25,0,1.0,0.0,359,0.9946708199115211,-0.10310169744743544,0,10,1,0,False,1,3.4339872044851463,3.4339872044851463,3.367295829986474,3.4339872044851463,3.1780538303479458,3.1780538303479458,3.2188758248682006,3.6635616461296463,12,1.0,-2.4492935982947064e-16,5,3.188463555765254,3.168986625733089,3.2697709932975503,0.2607527153992185,0.2587299443281552,0.24576239152651405,0,0,1,2025-12-19T16:15:30.149853,2.8783362
2017-12-26,26,1,0.6234898018587336,0.7818314824680298,360,0.9962981749346077,-0.0859647987374467,6,0,0,0,False,1,3.4339872044851463,3.4339872044851463,3.367295829986474,3.4339872044851463,3.1780538303479458,3.1780538303479458,3.2188758248682006,3.6635616461296463,12,1.0,-2.4492935982947064e-16,0,3.188463555765254,3.168986625733089,3.2697709932975503,0.2607527153992202,0.2587299443281496,0.24576239152649595,0,0,1,2025-12-19T16:15:30.465851,2.9890758991241455
2017-12-27,27,2,-0.22252093395631434,0.9749279121818236,361,0.9976303053065857,-0.06880242680232064,5,25,0,0,False,1,3.4339872044851463,3.4339872044851463,3.367295829986474,3.4339872044851463,3.1780538303479458,3.1780538303479458,3.2188758248682006,3.6635616461296463,12,1.0,-2.4492935982947064e-16,0,3.188463555765254,3.168986625733089,3.2697709932975503,0.2607527153992185,0.2587299443281552,0.24576239152651405,0,0,1,2025-12-19T16:15:30.959432,2.9887297
2017-12-28,28,3,-0.900968867902419,0.43388373911755823,362,0.9986668162884759,-0.05161966722325418,4,0,0,0,False,1,3.4339872044851463,3.4339872044851463,3.367295829986474,3.4339872044851463,3.1780538303479458,3.1780538303479458,3.2188758248682006,3.6635616461296463,12,1.0,-2.4492935982947064e-16,0,3.188463555765254,3.168986625733089,3.2697709932975503,0.2607527153992202,0.2587299443281496,0.24576239152649595,0,0,1,2025-12-19T16:15:31.124524,3.0597984790802
2017-12-29,29,4,-0.9009688679024191,-0.433883739117558,363,0.9994074007397048,-0.034421611622745804,3,44,0,0,False,1,3.4339872044851463,3.4339872044851463,3.367295829986474,3.4339872044851463,3.1780538303479458,3.1780538303479458,3.2188758248682006,3.6635616461296463,12,1.0,-2.4492935982947064e-16,0,3.188463555765254,3.168986625733089,3.2697709932975503,0.2607527153992185,0.2587299443281552,0.24576239152651405,0,0,1,2025-12-19T16:15:31.309964,3.1414025
2017-12-30,30,5,-0.2225209339563146,-0.9749279121818236,364,0.9998518392091162,-0.01721335615583528,2,0,0,0,True,1,3.4339872044851463,3.4339872044851463,3.367295829986474,3.4339872044851463,3.1780538303479458,3.1780538303479458,3.2188758248682006,3.6635616461296463,12,1.0,-2.4492935982947064e-16,0,3.188463555765254,3.168986625733089,3.2697709932975503,0.2607527153992202,0.2587299443281496,0.24576239152649595,0,0,1,2025-12-19T16:15:32.260080,3.1882946491241455
2017-12-31,31,6,0.6234898018587334,-0.7818314824680299,365,1.0,6.432490598706546e-16,1,37,0,0,True,1,3.4339872044851463,3.4339872044851463,3.367295829986474,3.4339872044851463,3.1780538303479458,3.1780538303479458,3.2188758248682006,3.6635616461296463,12,1.0,-2.4492935982947064e-16,0,3.188463555765254,3.168986625733089,3.2697709932975503,0.2607527153992185,0.2587299443281552,0.24576239152651405,0,0,1,2025-12-19T16:15:32.626209,3.225722
2017-10-01,1,6,0.6234898018587334,-0.7818314824680299,274,0.004303538296243821,-0.9999907397361901,11,0,0,1,True,1,3.4965075614664802,3.871201010907891,3.7612001156935624,3.58351893845611,3.6888794541139363,3.4011973816621555,3.6635616461296463,3.8918202981106265,10,0.5000000000000001,-0.8660254037844386,0,3.5046043532928906,3.49597675653881,3.6269192361189666,0.18321705814852765,0.1770308117093312,0.20658119045696302,0,0,2,2025-12-19T16:15:33.077346,3.6206703186035156
2017-10-02,2,0,1.0,0.0,275,0.021516097436222233,-0.9997685019798909,10,33,0,1,False,1,3.4965075614664802,3.871201010907891,3.7612001156935624,3.58351893845611,3.6888794541139363,3.4011973816621555,3.6635616461296463,3.8918202981106265,10,0.5000000000000001,-0.8660254037844386,0,3.504604353292891,3.49597675653881,3.626919236118967,0.18321705814852587,0.17703081170933072,0.20658119045697218,0,0,2,2025-12-19T16:15:33.302325,3.2409375
2017-10-03,3,1,0.6234898018587336,0.7818314824680298,276,0.03872228089217399,-0.9992500112396835,9,0,0,1,False,1,3.4965075614664802,3.871201010907891,3.7612001156935624,3.58351893845611,3.6888794541139363,3.4011973816621555,3.6635616461296463,3.8918202981106265,10,0.5000000000000001,-0.8660254037844386,0,3.5046043532928906,3.49597675653881,3.6269192361189666,0.18321705814852765,0.1770308117093312,0.20658119045696302,0,0,2,2025-12-19T16:15:33.427298,3.3811569213867188
2017-10-04,4,2,-0.22252093395631434,0.9749279121818236,277,0.05591699010060302,-0.9984354211555643,8,38,0,1,False,1,3.4965075614664802,3.871201010907891,3.7612001156935624,3.58351893845611,3.6888794541139363,3.4011973816621555,3.6635616461296463,3.8918202981106265,10,0.5000000000000001,-0.8660254037844386,0,3.504604353292891,3.49597675653881,3.626919236118967,0.18321705814852587,0.17703081170933072,0.20658119045697218,0,0,2,2025-12-19T16:15:34.388849,3.3791103
2017-10-05,5,3,-0.900968867902419,0.43388373911755823,278,0.07309512989807776,-0.9973249731081555,7,0,0,1,False,1,3.4965075614664802,3.871201010907891,3.7612001156935624,3.58351893845611,3.6888794541139363,3.4011973816621555,3.6635616461296463,3.8918202981106265,10,0.5000000000000001,-0.8660254037844386,0,3.5046043532928906,3.49597675653881,3.6269192361189666,0.18321705814852765,0.1770308117093312,0.20658119045696302,0,0,2,2025-12-19T16:15:34.734059,3.456453323364258
2017-10-06,6,4,-0.9009688679024191,-0.433883739117558,279,0.0902516100310407,-0.9959189961471792,6,17,0,1,False,1,3.4965075614664802,3.871201010907891,3.7612001156935624,3.58351893845611,3.6888794541139363,3.4011973816621555,3.6635616461296463,3.8918202981106265,10,0.5000000000000001,-0.8660254037844386,0,3.504604353292891,3.49597675653881,3.626919236118967,0.18321705814852587,0.17703081170933072,0.20658119045697218,0,0,2,2025-12-19T16:15:35.232175,3.514119
2017-10-07,7,5,-0.2225209339563146,-0.9749279121818236,280,0.10738134666416306,-0.994217906893952,5,0,0,1,True,1,3.4965075614664802,3.871201010907891,3.7612001156935624,3.58351893845611,3.6888794541139363,3.4011973816621555,3.6635616461296463,3.8918202981106265,10,0.5000000000000001,-0.8660254037844386,0,3.5046043532928906,3.49597675653881,3.6269192361189666,0.18321705814852765,0.1770308117093312,0.20658119045696302,0,0,2,2025-12-19T16:15:35.428247,3.5741994380950928
2017-10-08,8,6,0.6234898018587334,-0.7818314824680299,281,0.12447926388678869,-0.9922222094179324,4,12,0,1,True,1,3.4965075614664802,3.871201010907891,3.7612001156935624,3.58351893845611,3.6888794541139363,3.4011973816621555,3.6635616461296463,3.8918202981106265,10,0.5000000000000001,-0.8660254037844386,4,3.504604353292891,3.49597675653881,3.626919236118967,0.18321705814852587,0.17703081170933072,0.20658119045697218,0,0,2,2025-12-19T16:15:35.581287,3.641425
2017-10-09,9,0,1.0,0.0,282,0.141540295217043,-0.989932495087353,3,0,0,1,False,1,3.4965075614664802,3.871201010907891,3.7612001156935624,3.58351893845611,3.6888794541139363,3.4011973816621555,3.6635616461296463,3.8918202981106265,10,0.5000000000000001,-0.8660254037844386,0,3.5046043532928906,3.49597675653881,3.6269192361189666,0.18321705814852765,0.1770308117093312,0.20658119045696302,0,0,2,2025-12-19T16:15:36.547664,3.2552826404571533
2017-10-10,10,1,0.6234898018587336,0.7818314824680298,283,0.15855938510313475,-0.9873494423939864,2,4,0,1,False,1,3.4965075614664802,3.871201010907891,3.7612001156935624,3.58351893845611,3.6888794541139363,3.4011973816621555,3.6635616461296463,3.8918202981106265,10,0.5000000000000001,-0.8660254037844386,12,3.504604353292891,3.49597675653881,3.626919236118967,0.18321705814852587,0.17703081170933072,0.20658119045697218,0,0,2,2025-12-19T16:15:36.886466,3.3954532
2017-10-11,11,2,-0.22252093395631434,0.9749279121818236,284,0.17553149042142777,-0.9844738167520923,1,0,0,0,False,1,3.4965075614664802,3.871201010907891,3.7612001156935624,3.58351893845611,3.6888794541139363,3.4011973816621555,3.6635616461296463,3.8918202981106265,10,0.5000000000000001,-0.8660254037844386,0,3.5046043532928906,3.49597675653881,3.6269192361189666,0.18321705814852765,0.1770308117093312,0.20658119045696302,0,0,2,2025-12-19T16:15:37.340099,3.3964850902557373
2017-10-12,12,3,-0.900968867902419,0.43388373911755823,285,0.19245158197082995,-0.9813064702716093,0,2,1,0,False,1,3.4965075614664802,3.871201010907891,3.7612001156935624,3.58351893845611,3.6888794541139363,3.4011973816621555,3.6635616461296463,3.8918202981106265,10,0.5000000000000001,-0.8660254037844386,14,3.504604353292891,3.49597675653881,3.626919236118967,0.18321705814852587,0.17703081170933072,0.20658119045697218,0,0,2,2025-12-19T16:15:37.610565,3.477163
2017-10-13,13,4,-0.9009688679024191,-0.433883739117558,286,0.20931464596304888,-0.9778483415056567,20,0,0,0,False,1,3.4965075614664802,3.871201010907891,3.7612001156935624,3.58351893845611,3.6888794541139363,3.4011973816621555,3.6635616461296463,3.8918202981106265,10,0.5000000000000001,-0.8660254037844386,0,3.5046043532928906,3.49597675653881,3.6269192361189666,0.18321705814852765,0.1770308117093312,0.20658119045696302,0,0,2,2025-12-19T16:15:37.699758,3.534461259841919
2017-10-14,14,5,-0.2225209339563146,-0.9749279121818236,287,0.22611568550828803,-0.9741004551724206,19,48,0,0,True,1,3.4965075614664802,3.871201010907891,3.7612001156935624,3.58351893845611,3.6888794541139363,3.4011973816621555,3.6635616461296463,3.8918202981106265,10,0.5000000000000001,-0.8660254037844386,0,3.504604353292891,3.49597675653881,3.626919236118967,0.18321705814852587,0.17703081170933072,0.20658119045697218,0,0,2,2025-12-19T16:15:38.748607,3.5887067
2017-10-15,15,6,0.6234898018587334,-0.7818314824680299,288,0.2428497220959358,-0.970063921851507,18,0,0,0,True,1,3.4965075614664802,3.871201010907891,3.7612001156935624,3.58351893845611,3.6888794541139363,3.4011973816621555,3.6635616461296463,3.8918202981106265,10,0.5000000000000001,-0.8660254037844386,0,3.5046043532928906,3.49597675653881,3.6269192361189666,0.18321705814852765,0.1770308117093312,0.20658119045696302,0,0,2,2025-12-19T16:15:39.070852,3.6509909629821777
2017-10-16,16,0,1.0,0.0,289,0.25951179706979943,-0.965739937654855,17,6,0,0,False,1,3.4965075614664802,3.871201010907891,3.7612001156935624,3.58351893845611,3.6888794541139363,3.4011973816621555,3.6635616461296463,3.8918202981106265,10,0.5000000000000001,-0.8660254037844386,10,3.504604353292891,3.49597675653881,3.626919236118967,0.18321705814852587,0.17703081170933072,0.20658119045697218,0,0,2,2025-12-19T16:15:39.488016,3.2728033
2017-10-17,17,1,0.6234898018587336,0.7818314824680298,290,0.27609697309746883,-0.9611297838723007,16,0,0,0,False,1,3.4965075614664802,3.871201010907891,3.7612001156935624,3.58351893845611,3.6888794541139363,3.4011973816621555,3.6635616461296463,3.8918202981106265,10,0.5000000000000001,-0.8660254037844386,0,3.5046043532928906,3.49597675653881,3.6269192361189666,0.18321705814852765,0.1770308117093312,0.20658119045696302,0,0,2,2025-12-19T16:15:39.771725,3.4212610721588135
2017-10-18,18,2,-0.22252093395631434,0.9749279121818236,291,0.2926003356333479,-0.9562348265919058,15,39,0,0,False,1,3.4965075614664802,3.871201010907891,3.7612001156935624,3.58351893845611,3.6888794541139363,3.4011973816621555,3.6635616461296463,3.8918202981106265,10,0.5000000000000001,-0.8660254037844386,0,3.504604353292891,3.49597675653881,3.626919236118967,0.18321705814852587,0.17703081170933072,0.20658119045697218,0,0,2,2025-12-19T16:15:39.875333,3.4192765
2017-10-19,19,3,-0.900968867902419,0.43388373911755823,292,0.30901699437494723,-0.9510565162951536,14,0,0,0,False,1,3.4965075614664802,3.871201010907891,3.7612001156935624,3.58351893845611,3.6888794541139363,3.4011973816621555,3.6635616461296463,3.8918202981106265,10,0.5000000000000001,-0.8660254037844386,0,3.5046043532928906,3.49597675653881,3.6269192361189666,0.18321705814852765,0.1770308117093312,0.20658119045696302,0,0,2,2025-12-19T16:15:40.900045,3.4998886585235596
2017-10-20,20,4,-0.9009688679024191,-0.433883739117558,293,0.3253420847119795,-0.9455963874271428,13,24,0,0,False,1,3.4965075614664802,3.871201010907891,3.7612001156935624,3.58351893845611,3.6888794541139363,3.4011973816621555,3.6635616461296463,3.8918202981106265,10,0.5000000000000001,-0.8660254037844386,0,3.504604353292891,3.49597675653881,3.626919236118967,0.18321705814852587,0.17703081170933072,0.20658119045697218,0,0,2,2025-12-19T16:15:41.239194,3.554999
2017-10-21,21,5,-0.2225209339563146,-0.9749279121818236,294,0.341570769167856,-0.9398560579418953,12,0,0,0,True,1,3.4965075614664802,3.871201010907891,3.7612001156935624,3.58351893845611,3.6888794541139363,3.4011973816621555,3.6635616461296463,3.8918202981106265,10,0.5000000000000001,-0.8660254037844386,0,3.5046043532928906,3.49597675653881,3.6269192361189666,0.18321705814852765,0.1770308117093312,0.20658119045696302,0,0,2,2025-12-19T16:15:41.592233,3.615457534790039
2017-10-22,22,6,0.6234898018587334,-0.7818314824680299,295,0.35769823883312546,-0.9338372288229252,11,10,0,0,True,1,3.4965075614664802,3.871201010907891,3.7612001156935624,3.58351893845611,3.6888794541139363,3.4011973816621555,3.6635616461296463,3.8918202981106265,10,0.5000000000000001,-0.8660254037844386,6,3.504604353292891,3.49597675653881,3.626919236118967,0.18321705814852587,0.17703081170933072,0.20658119045697218,0,0,2,2025-12-19T16:15:41.917388,3.6701906
2017-10-23,23,0,1.0,0.0,296,0.3737197147904692,-0.9275416835791965,10,0,0,0,False,1,3.4965075614664802,3.871201010907891,3.7612001156935624,3.58351893845611,3.6888794541139363,3.4011973816621555,3.6635616461296463,3.8918202981106265,10,0.5000000000000001,-0.8660254037844386,0,3.5046043532928906,3.49597675653881,3.6269192361189666,0.18321705814852765,0.1770308117093312,0.20658119045696302,0,0,2,2025-12-19T16:15:42.009033,3.2902464866638184
2017-10-24,24,1,0.6234898018587336,0.7818314824680298,297,0.38963044953078774,-0.9209712877166347,9,17,0,0,False,1,3.4965075614664802,3.871201010907891,3.7612001156935624,3.58351893845611,3.6888794541139363,3.4011973816621555,3.6635616461296463,3.8918202981106265,10,0.5000000000000001,-0.8660254037844386,0,3.504604353292891,3.49597675653881,3.626919236118967,0.18321705814852587,0.17703081170933072,0.20658119045697218,0,0,2,2025-12-19T16:15:43.058957,3.4374914
2017-10-25,25,2,-0.22252093395631434,0.9749279121818236,298,0.4054257283599973,-0.9141279881853337,8,0,0,0,False,1,3.4965075614664802,3.871201010907891,3.7612001156935624,3.58351893845611,3.6888794541139363,3.4011973816621555,3.6635616461296463,3.8918202981106265,10,0.5000000000000001,-0.8660254037844386,0,3.5046043532928906,3.49597675653881,3.6269192361189666,0.18321705814852765,0.1770308117093312,0.20658119045696302,0,0,2,2025-12-19T16:15:43.427803,3.4331796169281006
2017-10-26,26,3,-0.900968867902419,0.43388373911755823,299,0.42110087079608916,-0.9070138128026362,7,22,0,0,False,1,3.4965075614664802,3.871201010907891,3.7612001156935624,3.58351893845611,3.6888794541139363,3.4011973816621555,3.6635616461296463,3.8918202981106265,10,0.5000000000000001,-0.8660254037844386,0,3.504604353292891,3.49597675653881,3.626919236118967,0.18321705814852587,0.17703081170933072,0.20658119045697218,0,0,2,2025-12-19T16:15:43.766731,3.5118072
2017-10-27,27,4,-0.9009688679024191,-0.433883739117558,300,0.4366512319560638,-0.8996308696522434,6,0,0,0,False,1,3.4965075614664802,3.871201010907891,3.7612001156935624,3.58351893845611,3.6888794541139363,3.4011973816621555,3.6635616461296463,3.8918202981106265,10,0.5000000000000001,-0.8660254037844386,0,3.5046043532928906,3.49597675653881,3.6269192361189666,0.18321705814852765,0.1770308117093312,0.20658119045696302,0,0,2,2025-12-19T16:15:44.023893,3.573967933654785
2017-10-28,28,5,-0.2225209339563146,-0.9749279121818236,301,0.45207220393230374,-0.8919813464595487,5,15,0,0,True,1,3.4965075614664802,3.871201010907891,3.7612001156935624,3.58351893845611,3.6888794541139363,3.4011973816621555,3.6635616461296463,3.8918202981106265,10,0.5000000000000001,-0.8660254037844386,1,3.504604353292891,3.49597675653881,3.626919236118967,0.18321705814852587,0.17703081170933072,0.20658119045697218,0,0,2,2025-12-19T16:15:44.151914,3.630049
2017-10-29,29,6,0.6234898018587334,-0.7818314824680299,302,0.46735921715800205,-0.8840675099433637,4,0,0,0,True,1,3.4965075614664802,3.871201010907891,3.7612001156935624,3.58351893845611,3.6888794541139363,3.4011973816621555,3.6635616461296463,3.8918202981106265,10,0.5000000000000001,-0.8660254037844386,0,3.5046043532928906,3.49597675653881,3.6269192361189666,0.18321705814852765,0.1770308117093312,0.20658119045696302,0,0,2,2025-12-19T16:15:45.152786,3.6926157474517822
2017-10-30,30,0,1.0,0.0,303,0.48250774176121763,-0.8758917051442433,3,40,0,0,False,1,3.4965075614664802,3.871201010907891,3.7612001156935624,3.58351893845611,3.6888794541139363,3.4011973816621555,3.6635616461296463,3.8918202981106265,10,0.5000000000000001,-0.8660254037844386,0,3.504604353292891,3.49597675653881,3.626919236118967,0.18321705814852587,0.17703081170933072,0.20658119045697218,0,0,2,2025-12-19T16:15:45.586546,3.3162792
2017-10-31,31,1,0.6234898018587336,0.7818314824680298,304,0.4975132889071803,-0.8674563547295971,2,0,0,0,False,1,3.4965075614664802,3.871201010907891,3.7612001156935624,3.58351893845611,3.6888794541139363,3.4011973816621555,3.6635616461296463,3.8918202981106265,10,0.5000000000000001,-0.8660254037844386,0,3.5046043532928906,3.49597675653881,3.6269192361189666,0.18321705814852765,0.1770308117093312,0.20658119045696302,0,0,2,2025-12-19T16:15:45.876532,3.4670052528381348
2017-11-01,1,2,-0.22252093395631434,0.9749279121818236,305,0.5123714121284235,-0.858763958275803,1,8,0,1,False,1,3.4965075614664802,3.871201010907891,3.7612001156935624,3.58351893845611,3.6888794541139363,3.4011973816621555,3.6635616461296463,3.8918202981106265,11,0.8660254037844384,-0.5000000000000004,8,3.504604353292891,3.49597675653881,3.626919236118967,0.18321705814852587,0.17703081170933072,0.20658119045697218,0,0,2,2025-12-19T16:15:46.180414,3.529768
2017-11-02,2,3,-0.900968867902419,0.43388373911755823,306,0.5270777086423724,-0.8498170915275277,0,0,1,1,False,1,3.4965075614664802,3.871201010907891,3.7612001156935624,3.58351893845611,3.6888794541139363,3.4011973816621555,3.6635616461296463,3.8918202981106265,11,0.8660254037844384,-0.5000000000000004,0,3.5046043532928906,3.49597675653881,3.6269192361189666,0.18321705814852765,0.1770308117093312,0.20658119045696302,0,0,2,2025-12-19T16:15:46.254932,3.5983989238739014
2017-11-03,3,4,-0.9009688679024191,-0.433883739117558,307,0.5416278206559811,-0.8406184056344783,12,0,0,1,False,1,3.4965075614664802,3.871201010907891,3.7612001156935624,3.58351893845611,3.6888794541139363,3.4011973816621555,3.6635616461296463,3.8918202981106265,11,0.8660254037844384,-0.5000000000000004,16,3.504604353292891,3.49597675653881,3.626919236118967,0.18321705814852587,0.17703081170933072,0.20658119045697218,0,0,2,2025-12-19T16:15:47.317140,3.6518946
2017-11-04,4,5,-0.2225209339563146,-0.9749279121818236,308,0.5560174366570446,-0.8311706263658079,11,0,0,1,True,1,3.4965075614664802,3.871201010907891,3.7612001156935624,3.58351893845611,3.6888794541139363,3.4011973816621555,3.6635616461296463,3.8918202981106265,11,0.8660254037844384,-0.5000000000000004,0,3.5046043532928906,3.49597675653881,3.6269192361189666,0.18321705814852765,0.1770308117093312,0.20658119045696302,0,0,2,2025-12-19T16:15:47.696143,3.7038774490356445
2017-11-05,5,6,0.6234898018587334,-0.7818314824680299,309,0.5702422926917867,-0.8214765533024145,10,47,0,1,True,1,3.4965075614664802,3.871201010907891,3.7612001156935624,3.58351893845611,3.6888794541139363,3.4011973816621555,3.6635616461296463,3.8918202981106265,11,0.8660254037844384,-0.5000000000000004,0,3.504604353292891,3.49597675653881,3.626919236118967,0.18321705814852587,0.17703081170933072,0.20658119045697218,0,0,2,2025-12-19T16:15:48.059506,3.759955
2017-11-06,6,0,1.0,0.0,310,0.5842981736283683,-0.8115390590073611,9,0,0,1,False,1,3.4965075614664802,3.871201010907891,3.7612001156935624,3.58351893845611,3.6888794541139363,3.4011973816621555,3.6635616461296463,3.8918202981106265,11,0.8660254037844384,-0.5000000000000004,0,3.5046043532928906,3.49597675653881,3.6269192361189666,0.18321705814852765,0.1770308117093312,0.20658119045696302,0,0,2,2025-12-19T16:15:48.300648,3.3626279830932617
2017-11-07,7,1,0.6234898018587336,0.7818314824680298,311,0.5981809144059158,-0.801361088174677,8,39,0,1,False,1,3.4965075614664802,3.871201010907891,3.7612001156935624,3.58351893845611,3.6888794541139363,3.4011973816621555,3.6635616461296463,3.8918202981106265,11,0.8660254037844384,-0.5000000000000004,0,3.504604353292891,3.49597675653881,3.626919236118967,0.18321705814852587,0.17703081170933072,0.20658119045697218,0,0,2,2025-12-19T16:15:48.397643,3.5102894
2017-11-08,8,2,-0.22252093395631434,0.9749279121818236,312,0.6118864012687242,-0.7909456567567774,7,0,0,1,False,1,3.4965075614664802,3.871201010907891,3.7612001156935624,3.58351893845611,3.6888794541139363,3.4011973816621555,3.6635616461296463,3.8918202981106265,11,0.8660254037844384,-0.5000000000000004,0,3.5046043532928906,3.49597675653881,3.6269192361189666,0.18321705814852765,0.1770308117093312,0.20658119045696302,0,0,2,2025-12-19T16:15:49.477630,3.5081090927124023
2017-11-09,9,3,-0.900968867902419,0.43388373911755823,313,0.6254105729852457,-0.780295851070776,6,0,0,1,False,1,3.4965075614664802,3.871201010907891,3.7612001156935624,3.58351893845611,3.6888794541139363,3.4011973816621555,3.6635616461296463,3.8918202981106265,11,0.8660254037844384,-0.5000000000000004,16,3.504604353292891,3.49597675653881,3.626919236118967,0.18321705814852587,0.17703081170933072,0.20658119045697218,0,0,2,2025-12-19T16:15:49.882437,3.5854251
2017-11-10,10,4,-0.9009688679024191,-0.433883739117558,314,0.6387494220515268,-0.7694148268839381,5,0,0,1,False,1,3.4965075614664802,3.871201010907891,3.7612001156935624,3.58351893845611,3.6888794541139363,3.4011973816621555,3.6635616461296463,3.8918202981106265,11,0.8660254037844384,-0.5000000000000004,0,3.5046043532928906,3.49597675653881,3.6269192361189666,0.18321705814852765,0.1770308117093312,0.20658119045696302,0,0,2,2025-12-19T16:15:50.184677,3.643221139907837
2017-11-11,11,5,-0.2225209339563146,-0.9749279121818236,315,0.6518989958787125,-0.7583058084785625,4,50,0,0,True,1,3.4965075614664802,3.871201010907891,3.7612001156935624,3.58351893845611,3.6888794541139363,3.4011973816621555,3.6635616461296463,3.8918202981106265,11,0.8660254037844384,-0.5000000000000004,0,3.504604353292891,3.49597675653881,3.626919236118967,0.18321705814852587,0.17703081170933072,0.20658119045697218,0,0,2,2025-12-19T16:15:50.505809,3.694388
2017-11-12,12,6,0.6234898018587334,-0.7818314824680299,316,0.6648553979642866,-0.7469720876965551,3,0,0,0,True,1,3.4965075614664802,3.871201010907891,3.7612001156935624,3.58351893845611,3.6888794541139363,3.4011973816621555,3.6635616461296463,3.8918202981106265,11,0.8660254037844384,-0.5000000000000004,0,3.5046043532928906,3.49597675653881,3.6269192361189666,0.18321705814852765,0.1770308117093312,0.20658119045696302,0,0,2,2025-12-19T16:15:50.564554,3.756732702255249
2017-11-13,13,0,1.0,0.0,317,0.6776147890466887,-0.7354170229639858,2,17,0,0,False,1,3.4965075614664802,3.871201010907891,3.7612001156935624,3.58351893845611,3.6888794541139363,3.4011973816621555,3.6635616461296463,3.8918202981106265,11,0.8660254037844384,-0.5000000000000004,0,3.504604353292891,3.49597675653881,3.626919236118967,0.18321705814852587,0.17703081170933072,0.20658119045697218,0,0,2,2025-12-19T16:15:51.601028,3.3619304
2017-11-14,14,1,0.6234898018587336,0.7818314824680298,318,0.690173388242972,-0.7236440382959124,1,0,0,0,False,1,3.4965075614664802,3.871201010907891,3.7612001156935624,3.58351893845611,3.6888794541139363,3.4011973816621555,3.6635616461296463,3.8918202981106265,11,0.8660254037844384,-0.5000000000000004,0,3.5046043532928906,3.49597675653881,3.6269192361189666,0.18321705814852765,0.1770308117093312,0.20658119045696302,0,0,2,2025-12-19T16:15:51.989905,3.5118722915649414
2017-11-15,15,2,-0.22252093395631434,0.9749279121818236,319,0.7025274741691566,-0.711656622281775,0,30,1,0,False,1,3.4965075614664802,3.871201010907891,3.7612001156935624,3.58351893845611,3.6888794541139363,3.4011973816621555,3.6635616461296463,3.8918202981106265,11,0.8660254037844384,-0.5000000000000004,0,3.504604353292891,3.49597675653881,3.626919236118967,0.18321705814852587,0.17703081170933072,0.20658119045697218,0,0,2,2025-12-19T16:15:52.323784,3.5048432
2017-11-16,16,3,-0.900968867902419,0.43388373911755823,320,0.7146733860429608,-0.6994583270516471,39,0,0,0,False,1,3.4965075614664802,3.871201010907891,3.7612001156935624,3.58351893845611,3.6888794541139363,3.4011973816621555,3.6635616461296463,3.8918202981106265,11,0.8660254037844384,-0.5000000000000004,0,3.5046043532928906,3.49597675653881,3.6269192361189666,0.18321705814852765,0.1770308117093312,0.20658119045696302,0,0,2,2025-12-19T16:15:52.725859,3.5776114463806152
2017-11-17,17,4,-0.9009688679024191,-0.433883739117558,321,0.7266075247685652,-0.6870527672236675,38,43,0,0,False,1,3.4965075614664802,3.871201010907891,3.7612001156935624,3.58351893845611,3.6888794541139363,3.4011973816621555,3.6635616461296463,3.8918202981106265,11,0.8660254037844384,-0.5000000000000004,0,3.504604353292891,3.49597675653881,3.626919236118967,0.18321705814852587,0.17703081170933072,0.20658119045697218,0,0,2,2025-12-19T16:15:52.815310,3.6364968
2017-11-18,18,5,-0.2225209339563146,-0.9749279121818236,322,0.7383263540031063,-0.6744436188329457,37,0,0,0,True,1,3.4965075614664802,3.871201010907891,3.7612001156935624,3.58351893845611,3.6888794541139363,3.4011973816621555,3.6635616461296463,3.8918202981106265,11,0.8660254037844384,-0.5000000000000004,0,3.5046043532928906,3.49597675653881,3.6269192361189666,0.18321705814852765,0.1770308117093312,0.20658119045696302,0,0,2,2025-12-19T16:15:53.721091,3.6902318000793457
2017-11-19,19,6,0.6234898018587334,-0.7818314824680299,323,0.749826401204568,-0.661634618242279,36,3,0,0,True,1,3.4965075614664802,3.871201010907891,3.7612001156935624,3.58351893845611,3.6888794541139363,3.4011973816621555,3.6635616461296463,3.8918202981106265,11,0.8660254037844384,-0.5000000000000004,13,3.504604353292891,3.49597675653881,3.626919236118967,0.18321705814852587,0.17703081170933072,0.20658119045697218,0,0,2,2025-12-19T16:15:54.176485,3.7488503
2017-11-20,20,0,1.0,0.0,324,0.7611042586607742,-0.6486295610349818,35,0,0,0,False,1,3.4965075614664802,3.871201010907891,3.7612001156935624,3.58351893845611,3.6888794541139363,3.4011973816621555,3.6635616461296463,3.8918202981106265,11,0.8660254037844384,-0.5000000000000004,0,3.5046043532928906,3.49597675653881,3.6269192361189666,0.18321705814852765,0.1770308117093312,0.20658119045696302,0,0,2,2025-12-19T16:15:54.449842,3.3563129901885986
2017-11-22,22,2,-0.22252093395631434,0.9749279121818236,326,0.7829801036770624,-0.622046748440868,33,0,0,0,False,1,3.4965075614664802,3.871201010907891,3.7612001156935624,3.58351893845611,3.6888794541139363,3.4011973816621555,3.6635616461296463,3.8918202981106265,11,0.8660254037844384,-0.5000000000000004,0,3.5046043532928906,3.49597675653881,3.6269192361189666,0.18321705814852765,0.1770308117093312,0.20658119045696302,0,0,2,2025-12-19T16:15:55.003616,3.499361038208008
2017-11-21,21,1,0.6234898018587336,0.7818314824680298,325,0.7721565844991641,-0.6354323008901775,34,46,0,0,False,1,3.4965075614664802,3.871201010907891,3.7612001156935624,3.58351893845611,3.6888794541139363,3.4011973816621555,3.6635616461296463,3.8918202981106265,11,0.8660254037844384,-0.5000000000000004,0,3.504604353292891,3.49597675653881,3.626919236118967,0.18321705814852587,0.17703081170933072,0.20658119045697218,0,0,2,2025-12-19T16:15:55.087613,3.5043182
2017-11-23,23,3,-0.900968867902419,0.43388373911755823,327,0.7935716089521472,-0.6084768701151264,32,2,0,0,False,1,3.4965075614664802,3.871201010907891,3.7612001156935624,3.58351893845611,3.6888794541139363,3.4011973816621555,3.6635616461296463,3.8918202981106265,11,0.8660254037844384,-0.5000000000000004,14,3.504604353292891,3.49597675653881,3.626919236118967,0.18321705814852587,0.17703081170933072,0.20658119045697218,0,0,2,2025-12-19T16:15:55.917341,3.5720184
2017-11-24,24,4,-0.9009688679024191,-0.433883739117558,328,0.8039279618328208,-0.594726686960764,31,0,0,0,False,1,3.4965075614664802,3.871201010907891,3.7612001156935624,3.58351893845611,3.6888794541139363,3.4011973816621555,3.6635616461296463,3.8918202981106265,11,0.8660254037844384,-0.5000000000000004,0,3.5046043532928906,3.49597675653881,3.6269192361189666,0.18321705814852765,0.1770308117093312,0.20658119045696302,0,0,2,2025-12-19T16:15:56.290355,3.631527900695801
2017-11-25,25,5,-0.2225209339563146,-0.9749279121818236,329,0.8140460935082175,-0.5808002734538013,30,26,0,0,True,1,3.4965075614664802,3.871201010907891,3.7612001156935624,3.58351893845611,3.6888794541139363,3.4011973816621555,3.6635616461296463,3.8918202981106265,11,0.8660254037844384,-0.5000000000000004,0,3.504604353292891,3.49597675653881,3.626919236118967,0.18321705814852587,0.17703081170933072,0.20658119045697218,0,0,2,2025-12-19T16:15:56.650871,3.6755195
2017-11-26,26,6,0.6234898018587334,-0.7818314824680299,330,0.8239230057575536,-0.5667017562911184,29,0,0,0,True,1,3.4965075614664802,3.871201010907891,3.7612001156935624,3.58351893845611,3.6888794541139363,3.4011973816621555,3.6635616461296463,3.8918202981106265,11,0.8660254037844384,-0.5000000000000004,0,3.5046043532928906,3.49597675653881,3.6269192361189666,0.18321705814852765,0.1770308117093312,0.20658119045696302,0,0,2,2025-12-19T16:15:57.159089,3.726469039916992
2017-11-27,27,0,1.0,0.0,331,0.8335557718385695,-0.5524353131676203,28,21,0,0,False,1,3.4965075614664802,3.871201010907891,3.7612001156935624,3.58351893845611,3.6888794541139363,3.4011973816621555,3.6635616461296463,3.8918202981106265,11,0.8660254037844384,-0.5000000000000004,0,3.504604353292891,3.49597675653881,3.626919236118967,0.18321705814852587,0.17703081170933072,0.20658119045697218,0,0,2,2025-12-19T16:15:57.275481,3.3449545
2017-11-28,28,1,0.6234898018587336,0.7818314824680298,332,0.8429415373547832,-0.5380051715382992,27,0,0,0,False,1,3.4965075614664802,3.871201010907891,3.7612001156935624,3.58351893845611,3.6888794541139363,3.4011973816621555,3.6635616461296463,3.8918202981106265,11,0.8660254037844384,-0.5000000000000004,0,3.5046043532928906,3.49597675653881,3.6269192361189666,0.18321705814852765,0.1770308117093312,0.20658119045696302,0,0,2,2025-12-19T16:15:58.052257,3.5000932216644287
2017-11-29,29,2,-0.22252093395631434,0.9749279121818236,333,0.8520775211013093,-0.5234156073655503,26,28,0,0,False,1,3.4965075614664802,3.871201010907891,3.7612001156935624,3.58351893845611,3.6888794541139363,3.4011973816621555,3.6635616461296463,3.8918202981106265,11,0.8660254037844384,-0.5000000000000004,0,3.504604353292891,3.49597675653881,3.626919236118967,0.18321705814852587,0.17703081170933072,0.20658119045697218,0,0,2,2025-12-19T16:15:58.631239,3.497071
2017-11-30,30,3,-0.900968867902419,0.43388373911755823,334,0.8609610158889945,-0.5086709438521042,25,0,0,0,False,1,3.4965075614664802,3.871201010907891,3.7612001156935624,3.58351893845611,3.6888794541139363,3.4011973816621555,3.6635616461296463,3.8918202981106265,11,0.8660254037844384,-0.5000000000000004,0,3.5046043532928906,3.49597675653881,3.6269192361189666,0.18321705814852765,0.1770308117093312,0.20658119045696302,0,0,2,2025-12-19T16:15:58.783888,3.5682172775268555
2017-12-02,2,5,-0.2225209339563146,-0.9749279121818236,336,0.8779600847008883,-0.4787338401157883,23,0,0,1,True,1,3.4965075614664802,3.871201010907891,3.7612001156935624,3.58351893845611,3.6888794541139363,3.4011973816621555,3.6635616461296463,3.8918202981106265,12,1.0,-2.4492935982947064e-16,0,3.5046043532928906,3.49597675653881,3.6269192361189666,0.18321705814852765,0.1770308117093312,0.20658119045696302,0,0,2,2025-12-19T16:15:59.683265,3.3664073944091797
2017-12-01,1,4,-0.9009688679024191,-0.433883739117558,335,0.8695893893466109,-0.49377555015997737,24,42,0,1,False,1,3.4965075614664802,3.871201010907891,3.7612001156935624,3.58351893845611,3.6888794541139363,3.4011973816621555,3.6635616461296463,3.8918202981106265,12,1.0,-2.4492935982947064e-16,0,3.504604353292891,3.49597675653881,3.626919236118967,0.18321705814852587,0.17703081170933072,0.20658119045697218,0,0,2,2025-12-19T16:15:59.784264,3.3078253
2017-12-03,3,6,0.6234898018587334,-0.7818314824680299,337,0.8860706215341378,-0.4635502709028512,22,6,0,1,True,1,3.4965075614664802,3.871201010907891,3.7612001156935624,3.58351893845611,3.6888794541139363,3.4011973816621555,3.6635616461296463,3.8918202981106265,12,1.0,-2.4492935982947064e-16,10,3.504604353292891,3.49597675653881,3.626919236118967,0.18321705814852587,0.17703081170933072,0.20658119045697218,0,0,2,2025-12-19T16:16:00.238528,3.3945513
2017-12-04,4,0,1.0,0.0,338,0.893918596519257,-0.4482293417404106,21,0,0,1,False,1,3.4965075614664802,3.871201010907891,3.7612001156935624,3.58351893845611,3.6888794541139363,3.4011973816621555,3.6635616461296463,3.8918202981106265,12,1.0,-2.4492935982947064e-16,0,3.5046043532928906,3.49597675653881,3.6269192361189666,0.18321705814852765,0.1770308117093312,0.20658119045696302,0,0,2,2025-12-19T16:16:00.786170,3.05672287940979
2017-12-05,5,1,0.6234898018587336,0.7818314824680298,339,0.9015016841318838,-0.4327755925504317,20,48,0,1,False,1,3.4965075614664802,3.871201010907891,3.7612001156935624,3.58351893845611,3.6888794541139363,3.4011973816621555,3.6635616461296463,3.8918202981106265,12,1.0,-2.4492935982947064e-16,0,3.504604353292891,3.49597675653881,3.626919236118967,0.18321705814852587,0.17703081170933072,0.20658119045697218,0,0,2,2025-12-19T16:16:00.973621,3.2295828
2017-12-06,6,2,-0.22252093395631434,0.9749279121818236,340,0.9088176373395028,-0.41719360261231697,19,0,0,1,False,1,3.4965075614664802,3.871201010907891,3.7612001156935624,3.58351893845611,3.6888794541139363,3.4011973816621555,3.6635616461296463,3.8918202981106265,12,1.0,-2.4492935982947064e-16,0,3.5046043532928906,3.49597675653881,3.6269192361189666,0.18321705814852765,0.1770308117093312,0.20658119045696302,0,0,2,2025-12-19T16:16:01.935777,3.2253918647766113
2017-12-07,7,3,-0.900968867902419,0.43388373911755823,341,0.9158642882672868,-0.4014879892059737,18,30,0,1,False,1,3.4965075614664802,3.871201010907891,3.7612001156935624,3.58351893845611,3.6888794541139363,3.4011973816621555,3.6635616461296463,3.8918202981106265,12,1.0,-2.4492935982947064e-16,0,3.504604353292891,3.49597675653881,3.626919236118967,0.18321705814852587,0.17703081170933072,0.20658119045697218,0,0,2,2025-12-19T16:16:02.118892,3.3039176
2017-12-08,8,4,-0.9009688679024191,-0.433883739117558,342,0.9226395488404875,-0.38566340624360745,17,0,0,1,False,1,3.4965075614664802,3.871201010907891,3.7612001156935624,3.58351893845611,3.6888794541139363,3.4011973816621555,3.6635616461296463,3.8918202981106265,12,1.0,-2.4492935982947064e-16,0,3.5046043532928906,3.49597675653881,3.6269192361189666,0.18321705814852765,0.1770308117093312,0.20658119045696302,0,0,2,2025-12-19T16:16:02.358649,3.3873941898345947
2017-12-09,9,5,-0.2225209339563146,-0.9749279121818236,343,0.9291414114031743,-0.3697245428906732,16,14,0,1,True,1,3.4965075614664802,3.871201010907891,3.7612001156935624,3.58351893845611,3.6888794541139363,3.4011973816621555,3.6635616461296463,3.8918202981106265,12,1.0,-2.4492935982947064e-16,2,3.504604353292891,3.49597675653881,3.626919236118967,0.18321705814852587,0.17703081170933072,0.20658119045697218,0,0,2,2025-12-19T16:16:02.945984,3.437788
2017-12-10,10,6,0.6234898018587334,-0.7818314824680299,344,0.935367949313148,-0.3536761221763721,15,0,0,1,True,1,3.4965075614664802,3.871201010907891,3.7612001156935624,3.58351893845611,3.6888794541139363,3.4011973816621555,3.6635616461296463,3.8918202981106265,12,1.0,-2.4492935982947064e-16,0,3.5046043532928906,3.49597675653881,3.6269192361189666,0.18321705814852765,0.1770308117093312,0.20658119045696302,0,0,2,2025-12-19T16:16:03.085054,3.4887983798980713
2017-12-11,11,0,1.0,0.0,345,0.941317317512847,-0.33752289959411347,14,44,0,0,False,1,3.4965075614664802,3.871201010907891,3.7612001156935624,3.58351893845611,3.6888794541139363,3.4011973816621555,3.6635616461296463,3.8918202981106265,12,1.0,-2.4492935982947064e-16,0,3.504604353292891,3.49597675653881,3.626919236118967,0.18321705814852587,0.17703081170933072,0.20658119045697218,0,0,2,2025-12-19T16:16:04.134986,3.1261919
2017-12-12,12,1,0.6234898018587336,0.7818314824680298,346,0.9469877530760751,-0.32126966169236515,13,0,0,0,False,1,3.4965075614664802,3.871201010907891,3.7612001156935624,3.58351893845611,3.6888794541139363,3.4011973816621555,3.6635616461296463,3.8918202981106265,12,1.0,-2.4492935982947064e-16,0,3.5046043532928906,3.49597675653881,3.6269192361189666,0.18321705814852765,0.1770308117093312,0.20658119045696302,0,0,2,2025-12-19T16:16:04.228383,3.2912285327911377
2017-12-13,13,2,-0.22252093395631434,0.9749279121818236,347,0.9523775757303973,-0.3049212246562894,12,19,0,0,False,1,3.4965075614664802,3.871201010907891,3.7612001156935624,3.58351893845611,3.6888794541139363,3.4011973816621555,3.6635616461296463,3.8918202981106265,12,1.0,-2.4492935982947064e-16,0,3.504604353292891,3.49597675653881,3.626919236118967,0.18321705814852587,0.17703081170933072,0.20658119045697218,0,0,2,2025-12-19T16:16:04.542566,3.2879226
2017-12-14,14,3,-0.900968867902419,0.43388373911755823,348,0.9574851883550389,-0.2884824328806098,11,0,0,0,False,1,3.4965075614664802,3.871201010907891,3.7612001156935624,3.58351893845611,3.6888794541139363,3.4011973816621555,3.6635616461296463,3.8918202981106265,12,1.0,-2.4492935982947064e-16,0,3.5046043532928906,3.49597675653881,3.6269192361189666,0.18321705814852765,0.1770308117093312,0.20658119045696302,0,0,2,2025-12-19T16:16:05.059842,3.3392484188079834
2017-12-15,15,4,-0.9009688679024191,-0.433883739117558,349,0.9623090774541487,-0.27195815753410524,10,20,0,0,False,1,3.4965075614664802,3.871201010907891,3.7612001156935624,3.58351893845611,3.6888794541139363,3.4011973816621555,3.6635616461296463,3.8918202981106265,12,1.0,-2.4492935982947064e-16,0,3.504604353292891,3.49597675653881,3.626919236118967,0.18321705814852587,0.17703081170933072,0.20658119045697218,0,0,2,2025-12-19T16:16:05.246970,3.4075112
2017-12-16,16,5,-0.2225209339563146,-0.9749279121818236,350,0.9668478136052773,-0.2553532951161881,9,0,0,0,True,1,3.4965075614664802,3.871201010907891,3.7612001156935624,3.58351893845611,3.6888794541139363,3.4011973816621555,3.6635616461296463,3.8918202981106265,12,1.0,-2.4492935982947064e-16,0,3.5046043532928906,3.49597675653881,3.6269192361189666,0.18321705814852765,0.1770308117093312,0.20658119045696302,0,0,2,2025-12-19T16:16:06.227666,3.4650683403015137
2017-12-17,17,6,0.6234898018587334,-0.7818314824680299,351,0.9711000518829505,-0.23867276600594997,8,31,0,0,True,1,3.4965075614664802,3.871201010907891,3.7612001156935624,3.58351893845611,3.6888794541139363,3.4011973816621555,3.6635616461296463,3.8918202981106265,12,1.0,-2.4492935982947064e-16,0,3.504604353292891,3.49597675653881,3.626919236118967,0.18321705814852587,0.17703081170933072,0.20658119045697218,0,0,2,2025-12-19T16:16:06.347993,3.5314894
2017-12-18,18,0,1.0,0.0,352,0.9750645322571945,-0.22192151300416674,7,0,0,0,False,1,3.4965075614664802,3.871201010907891,3.7612001156935624,3.58351893845611,3.6888794541139363,3.4011973816621555,3.6635616461296463,3.8918202981106265,12,1.0,-2.4492935982947064e-16,0,3.5046043532928906,3.49597675653881,3.6269192361189666,0.18321705814852765,0.1770308117093312,0.20658119045696302,0,0,2,2025-12-19T16:16:06.656309,3.1636221408843994
2017-12-19,19,1,0.6234898018587336,0.7818314824680298,353,0.9787400799669153,-0.20510449986861926,6,12,0,0,False,1,3.4965075614664802,3.871201010907891,3.7612001156935624,3.58351893845611,3.6888794541139363,3.4011973816621555,3.6635616461296463,3.8918202981106265,12,1.0,-2.4492935982947064e-16,4,3.504604353292891,3.49597675653881,3.626919236118967,0.18321705814852587,0.17703081170933072,0.20658119045697218,0,0,2,2025-12-19T16:16:07.197523,3.3110318
2017-12-20,20,2,-0.22252093395631434,0.9749279121818236,354,0.9821256058680006,-0.1882267098432439,5,0,0,0,False,1,3.4965075614664802,3.871201010907891,3.7612001156935624,3.58351893845611,3.6888794541139363,3.4011973816621555,3.6635616461296463,3.8918202981106265,12,1.0,-2.4492935982947064e-16,0,3.5046043532928906,3.49597675653881,3.6269192361189666,0.18321705814852765,0.1770308117093312,0.20658119045696302,0,0,2,2025-12-19T16:16:07.335793,3.3098809719085693
2017-12-21,21,3,-0.900968867902419,0.43388373911755823,355,0.9852201067560606,-0.1712931441814778,4,7,0,0,False,1,3.4965075614664802,3.871201010907891,3.7612001156935624,3.58351893845611,3.6888794541139363,3.4011973816621555,3.6635616461296463,3.8918202981106265,12,1.0,-2.4492935982947064e-16,9,3.504604353292891,3.49597675653881,3.626919236118967,0.18321705814852587,0.17703081170933072,0.20658119045697218,0,0,2,2025-12-19T16:16:08.391188,3.3781812
2017-12-22,22,4,-0.9009688679024191,-0.433883739117558,356,0.9880226656636976,-0.154308820664281,3,0,0,0,False,1,3.4965075614664802,3.871201010907891,3.7612001156935624,3.58351893845611,3.6888794541139363,3.4011973816621555,3.6635616461296463,3.8918202981106265,12,1.0,-2.4492935982947064e-16,0,3.5046043532928906,3.49597675653881,3.6269192361189666,0.18321705814852765,0.1770308117093312,0.20658119045696302,0,0,2,2025-12-19T16:16:08.465425,3.4468648433685303
2017-12-23,23,5,-0.2225209339563146,-0.9749279121818236,357,0.9905324521322227,-0.13727877211326517,2,7,0,0,True,1,3.4965075614664802,3.871201010907891,3.7612001156935624,3.58351893845611,3.6888794541139363,3.4011973816621555,3.6635616461296463,3.8918202981106265,12,1.0,-2.4492935982947064e-16,9,3.504604353292891,3.49597675653881,3.626919236118967,0.18321705814852587,0.17703081170933072,0.20658119045697218,0,0,2,2025-12-19T16:16:08.826250,3.5017455
2017-12-24,24,6,0.6234898018587334,-0.7818314824680299,358,0.9927487224577402,-0.12020804489935275,1,0,0,0,True,1,3.4965075614664802,3.871201010907891,3.7612001156935624,3.58351893845611,3.6888794541139363,3.4011973816621555,3.6635616461296463,3.8918202981106265,12,1.0,-2.4492935982947064e-16,0,3.5046043532928906,3.49597675653881,3.6269192361189666,0.18321705814852765,0.1770308117093312,0.20658119045696302,0,0,2,2025-12-19T16:16:09.294240,3.557698965072632
2017-12-25,25,0,1.0,0.0,359,0.9946708199115211,-0.10310169744743544,0,11,1,0,False,1,3.4965075614664802,3.871201010907891,3.7612001156935624,3.58351893845611,3.6888794541139363,3.4011973816621555,3.6635616461296463,3.8918202981106265,12,1.0,-2.4492935982947064e-16,5,3.504604353292891,3.49597675653881,3.626919236118967,0.18321705814852587,0.17703081170933072,0.20658119045697218,0,0,2,2025-12-19T16:16:09.482691,3.1881032
2017-12-26,26,1,0.6234898018587336,0.7818314824680298,360,0.9962981749346077,-0.0859647987374467,6,0,0,0,False,1,3.4965075614664802,3.871201010907891,3.7612001156935624,3.58351893845611,3.6888794541139363,3.4011973816621555,3.6635616461296463,3.8918202981106265,12,1.0,-2.4492935982947064e-16,0,3.5046043532928906,3.49597675653881,3.6269192361189666,0.18321705814852765,0.1770308117093312,0.20658119045696302,0,0,2,2025-12-19T16:16:10.504821,3.3462307453155518
2017-12-27,27,2,-0.22252093395631434,0.9749279121818236,361,0.9976303053065857,-0.06880242680232064,5,22,0,0,False,1,3.4965075614664802,3.871201010907891,3.7612001156935624,3.58351893845611,3.6888794541139363,3.4011973816621555,3.6635616461296463,3.8918202981106265,12,1.0,-2.4492935982947064e-16,0,3.504604353292891,3.49597675653881,3.626919236118967,0.18321705814852587,0.17703081170933072,0.20658119045697218,0,0,2,2025-12-19T16:16:10.593166,3.3480947
2017-12-28,28,3,-0.900968867902419,0.43388373911755823,362,0.9986668162884759,-0.05161966722325418,4,0,0,0,False,1,3.4965075614664802,3.871201010907891,3.7612001156935624,3.58351893845611,3.6888794541139363,3.4011973816621555,3.6635616461296463,3.8918202981106265,12,1.0,-2.4492935982947064e-16,0,3.5046043532928906,3.49597675653881,3.6269192361189666,0.18321705814852765,0.1770308117093312,0.20658119045696302,0,0,2,2025-12-19T16:16:10.912811,3.416747570037842
2017-12-29,29,4,-0.9009688679024191,-0.433883739117558,363,0.9994074007397048,-0.034421611622745804,3,1,0,0,False,1,3.4965075614664802,3.871201010907891,3.7612001156935624,3.58351893845611,3.6888794541139363,3.4011973816621555,3.6635616461296463,3.8918202981106265,12,1.0,-2.4492935982947064e-16,15,3.504604353292891,3.49597675653881,3.626919236118967,0.18321705814852587,0.17703081170933072,0.20658119045697218,0,0,2,2025-12-19T16:16:11.419542,3.4871829
2017-12-30,30,5,-0.2225209339563146,-0.9749279121818236,364,0.9998518392091162,-0.01721335615583528,2,0,0,0,True,1,3.4965075614664802,3.871201010907891,3.7612001156935624,3.58351893845611,3.6888794541139363,3.4011973816621555,3.6635616461296463,3.8918202981106265,12,1.0,-2.4492935982947064e-16,0,3.5046043532928906,3.49597675653881,3.6269192361189666,0.18321705814852765,0.1770308117093312,0.20658119045696302,0,0,2,2025-12-19T16:16:11.594777,3.5465757846832275
2017-12-31,31,6,0.6234898018587334,-0.7818314824680299,365,1.0,6.432490598706546e-16,1,44,0,0,True,1,3.4965075614664802,3.871201010907891,3.7612001156935624,3.58351893845611,3.6888794541139363,3.4011973816621555,3.6635616461296463,3.8918202981106265,12,1.0,-2.4492935982947064e-16,0,3.504604353292891,3.49597675653881,3.626919236118967,0.18321705814852587,0.17703081170933072,0.20658119045697218,0,0,2,2025-12-19T16:16:12.656708,3.591521
2017-10-01,1,6,0.6234898018587334,-0.7818314824680299,274,0.004303538296243821,-0.9999907397361901,11,0,0,1,True,1,3.367295829986474,3.6375861597263857,3.091042453358316,3.4965075614664802,3.4339872044851463,3.2188758248682006,3.6109179126442243,3.713572066704308,10,0.5000000000000001,-0.8660254037844386,0,3.377155819750839,3.296601245983145,3.470420131013361,0.21298678239627494,0.1849701338785605,0.2362634031891397,0,0,3,2025-12-19T16:16:12.712154,3.5154459476470947
2017-10-02,2,0,1.0,0.0,275,0.021516097436222233,-0.9997685019798909,10,11,0,1,False,1,3.367295829986474,3.6375861597263857,3.091042453358316,3.4965075614664802,3.4339872044851463,3.2188758248682006,3.6109179126442243,3.713572066704308,10,0.5000000000000001,-0.8660254037844386,5,3.3771558197508393,3.296601245983145,3.470420131013361,0.21298678239628321,0.18497013387856634,0.2362634031891607,0,0,3,2025-12-19T16:16:13.105210,3.1137216
2017-10-03,3,1,0.6234898018587336,0.7818314824680298,276,0.03872228089217399,-0.9992500112396835,9,0,0,1,False,1,3.367295829986474,3.6375861597263857,3.091042453358316,3.4965075614664802,3.4339872044851463,3.2188758248682006,3.6109179126442243,3.713572066704308,10,0.5000000000000001,-0.8660254037844386,0,3.377155819750839,3.296601245983145,3.470420131013361,0.21298678239627494,0.1849701338785605,0.2362634031891397,0,0,3,2025-12-19T16:16:13.532648,3.2601537704467773
2017-10-04,4,2,-0.22252093395631434,0.9749279121818236,277,0.05591699010060302,-0.9984354211555643,8,15,0,1,False,1,3.367295829986474,3.6375861597263857,3.091042453358316,3.4965075614664802,3.4339872044851463,3.2188758248682006,3.6109179126442243,3.713572066704308,10,0.5000000000000001,-0.8660254037844386,1,3.3771558197508393,3.296601245983145,3.470420131013361,0.21298678239628321,0.18497013387856634,0.2362634031891607,0,0,3,2025-12-19T16:16:13.724084,3.2589061
2017-10-05,5,3,-0.900968867902419,0.43388373911755823,278,0.07309512989807776,-0.9973249731081555,7,0,0,1,False,1,3.367295829986474,3.6375861597263857,3.091042453358316,3.4965075614664802,3.4339872044851463,3.2188758248682006,3.6109179126442243,3.713572066704308,10,0.5000000000000001,-0.8660254037844386,0,3.377155819750839,3.296601245983145,3.470420131013361,0.21298678239627494,0.1849701338785605,0.2362634031891397,0,0,3,2025-12-19T16:16:14.763218,3.335496664047241
2017-10-06,6,4,-0.9009688679024191,-0.433883739117558,279,0.0902516100310407,-0.9959189961471792,6,43,0,1,False,1,3.367295829986474,3.6375861597263857,3.091042453358316,3.4965075614664802,3.4339872044851463,3.2188758248682006,3.6109179126442243,3.713572066704308,10,0.5000000000000001,-0.8660254037844386,0,3.3771558197508393,3.296601245983145,3.470420131013361,0.21298678239628321,0.18497013387856634,0.2362634031891607,0,0,3,2025-12-19T16:16:14.853269,3.3827245
2017-10-07,7,5,-0.2225209339563146,-0.9749279121818236,280,0.10738134666416306,-0.994217906893952,5,0,0,1,True,1,3.367295829986474,3.6375861597263857,3.091042453358316,3.4965075614664802,3.4339872044851463,3.2188758248682006,3.6109179126442243,3.713572066704308,10,0.5000000000000001,-0.8660254037844386,0,3.377155819750839,3.296601245983145,3.470420131013361,0.21298678239627494,0.1849701338785605,0.2362634031891397,0,0,3,2025-12-19T16:16:15.199618,3.4629404544830322
2017-10-08,8,6,0.6234898018587334,-0.7818314824680299,281,0.12447926388678869,-0.9922222094179324,4,49,0,1,True,1,3.367295829986474,3.6375861597263857,3.091042453358316,3.4965075614664802,3.4339872044851463,3.2188758248682006,3.6109179126442243,3.713572066704308,10,0.5000000000000001,-0.8660254037844386,0,3.3771558197508393,3.296601245983145,3.470420131013361,0.21298678239628321,0.18497013387856634,0.2362634031891607,0,0,3,2025-12-19T16:16:15.679874,3.5230422
2017-10-09,9,0,1.0,0.0,282,0.141540295217043,-0.989932495087353,3,0,0,1,False,1,3.367295829986474,3.6375861597263857,3.091042453358316,3.4965075614664802,3.4339872044851463,3.2188758248682006,3.6109179126442243,3.713572066704308,10,0.5000000000000001,-0.8660254037844386,0,3.377155819750839,3.296601245983145,3.470420131013361,0.21298678239627494,0.1849701338785605,0.2362634031891397,0,0,3,2025-12-19T16:16:15.835347,3.1184823513031006
2017-10-10,10,1,0.6234898018587336,0.7818314824680298,283,0.15855938510313475,-0.9873494423939864,2,39,0,1,False,1,3.367295829986474,3.6375861597263857,3.091042453358316,3.4965075614664802,3.4339872044851463,3.2188758248682006,3.6109179126442243,3.713572066704308,10,0.5000000000000001,-0.8660254037844386,0,3.3771558197508393,3.296601245983145,3.470420131013361,0.21298678239628321,0.18497013387856634,0.2362634031891607,0,0,3,2025-12-19T16:16:16.874842,3.2659557
2017-10-11,11,2,-0.22252093395631434,0.9749279121818236,284,0.17553149042142777,-0.9844738167520923,1,0,0,0,False,1,3.367295829986474,3.6375861597263857,3.091042453358316,3.4965075614664802,3.4339872044851463,3.2188758248682006,3.6109179126442243,3.713572066704308,10,0.5000000000000001,-0.8660254037844386,0,3.377155819750839,3.296601245983145,3.470420131013361,0.21298678239627494,0.1849701338785605,0.2362634031891397,0,0,3,2025-12-19T16:16:16.992085,3.2644197940826416
2017-10-12,12,3,-0.900968867902419,0.43388373911755823,285,0.19245158197082995,-0.9813064702716093,0,4,1,0,False,1,3.367295829986474,3.6375861597263857,3.091042453358316,3.4965075614664802,3.4339872044851463,3.2188758248682006,3.6109179126442243,3.713572066704308,10,0.5000000000000001,-0.8660254037844386,12,3.3771558197508393,3.296601245983145,3.470420131013361,0.21298678239628321,0.18497013387856634,0.2362634031891607,0,0,3,2025-12-19T16:16:17.353265,3.3391721
2017-10-13,13,4,-0.9009688679024191,-0.433883739117558,286,0.20931464596304888,-0.9778483415056567,20,0,0,0,False,1,3.367295829986474,3.6375861597263857,3.091042453358316,3.4965075614664802,3.4339872044851463,3.2188758248682006,3.6109179126442243,3.713572066704308,10,0.5000000000000001,-0.8660254037844386,0,3.377155819750839,3.296601245983145,3.470420131013361,0.21298678239627494,0.1849701338785605,0.2362634031891397,0,0,3,2025-12-19T16:16:17.754114,3.399550676345825
2017-10-14,14,5,-0.2225209339563146,-0.9749279121818236,287,0.22611568550828803,-0.9741004551724206,19,40,0,0,True,1,3.367295829986474,3.6375861597263857,3.091042453358316,3.4965075614664802,3.4339872044851463,3.2188758248682006,3.6109179126442243,3.713572066704308,10,0.5000000000000001,-0.8660254037844386,0,3.3771558197508393,3.296601245983145,3.470420131013361,0.21298678239628321,0.18497013387856634,0.2362634031891607,0,0,3,2025-12-19T16:16:17.997172,3.4695606
2017-10-15,15,6,0.6234898018587334,-0.7818314824680299,288,0.2428497220959358,-0.970063921851507,18,0,0,0,True,1,3.367295829986474,3.6375861597263857,3.091042453358316,3.4965075614664802,3.4339872044851463,3.2188758248682006,3.6109179126442243,3.713572066704308,10,0.5000000000000001,-0.8660254037844386,0,3.377155819750839,3.296601245983145,3.470420131013361,0.21298678239627494,0.1849701338785605,0.2362634031891397,0,0,3,2025-12-19T16:16:18.990471,3.530033826828003
2017-10-16,16,0,1.0,0.0,289,0.25951179706979943,-0.965739937654855,17,4,0,0,False,1,3.367295829986474,3.6375861597263857,3.091042453358316,3.4965075614664802,3.4339872044851463,3.2188758248682006,3.6109179126442243,3.713572066704308,10,0.5000000000000001,-0.8660254037844386,12,3.3771558197508393,3.296601245983145,3.470420131013361,0.21298678239628321,0.18497013387856634,0.2362634031891607,0,0,3,2025-12-19T16:16:19.095825,3.1353698
2017-10-17,17,1,0.6234898018587336,0.7818314824680298,290,0.27609697309746883,-0.9611297838723007,16,0,0,0,False,1,3.367295829986474,3.6375861597263857,3.091042453358316,3.4965075614664802,3.4339872044851463,3.2188758248682006,3.6109179126442243,3.713572066704308,10,0.5000000000000001,-0.8660254037844386,0,3.377155819750839,3.296601245983145,3.470420131013361,0.21298678239627494,0.1849701338785605,0.2362634031891397,0,0,3,2025-12-19T16:16:19.462671,3.2912309169769287
2017-10-18,18,2,-0.22252093395631434,0.9749279121818236,291,0.2926003356333479,-0.9562348265919058,15,16,0,0,False,1,3.367295829986474,3.6375861597263857,3.091042453358316,3.4965075614664802,3.4339872044851463,3.2188758248682006,3.6109179126442243,3.713572066704308,10,0.5000000000000001,-0.8660254037844386,0,3.3771558197508393,3.296601245983145,3.470420131013361,0.21298678239628321,0.18497013387856634,0.2362634031891607,0,0,3,2025-12-19T16:16:19.880771,3.2891657
2017-10-19,19,3,-0.900968867902419,0.43388373911755823,292,0.30901699437494723,-0.9510565162951536,14,0,0,0,False,1,3.367295829986474,3.6375861597263857,3.091042453358316,3.4965075614664802,3.4339872044851463,3.2188758248682006,3.6109179126442243,3.713572066704308,10,0.5000000000000001,-0.8660254037844386,0,3.377155819750839,3.296601245983145,3.470420131013361,0.21298678239627494,0.1849701338785605,0.2362634031891397,0,0,3,2025-12-19T16:16:20.115580,3.362837791442871
2017-10-20,20,4,-0.9009688679024191,-0.433883739117558,293,0.3253420847119795,-0.9455963874271428,13,31,0,0,False,1,3.367295829986474,3.6375861597263857,3.091042453358316,3.4965075614664802,3.4339872044851463,3.2188758248682006,3.6109179126442243,3.713572066704308,10,0.5000000000000001,-0.8660254037844386,0,3.3771558197508393,3.296601245983145,3.470420131013361,0.21298678239628321,0.18497013387856634,0.2362634031891607,0,0,3,2025-12-19T16:16:21.120298,3.4167576
2017-10-21,21,5,-0.2225209339563146,-0.9749279121818236,294,0.341570769167856,-0.9398560579418953,12,0,0,0,True,1,3.367295829986474,3.6375861597263857,3.091042453358316,3.4965075614664802,3.4339872044851463,3.2188758248682006,3.6109179126442243,3.713572066704308,10,0.5000000000000001,-0.8660254037844386,0,3.377155819750839,3.296601245983145,3.470420131013361,0.21298678239627494,0.1849701338785605,0.2362634031891397,0,0,3,2025-12-19T16:16:21.195471,3.498250961303711
2017-10-22,22,6,0.6234898018587334,-0.7818314824680299,295,0.35769823883312546,-0.9338372288229252,11,10,0,0,True,1,3.367295829986474,3.6375861597263857,3.091042453358316,3.4965075614664802,3.4339872044851463,3.2188758248682006,3.6109179126442243,3.713572066704308,10,0.5000000000000001,-0.8660254037844386,6,3.3771558197508393,3.296601245983145,3.470420131013361,0.21298678239628321,0.18497013387856634,0.2362634031891607,0,0,3,2025-12-19T16:16:21.610789,3.5502346
2017-10-23,23,0,1.0,0.0,296,0.3737197147904692,-0.9275416835791965,10,0,0,0,False,1,3.367295829986474,3.6375861597263857,3.091042453358316,3.4965075614664802,3.4339872044851463,3.2188758248682006,3.6109179126442243,3.713572066704308,10,0.5000000000000001,-0.8660254037844386,0,3.377155819750839,3.296601245983145,3.470420131013361,0.21298678239627494,0.1849701338785605,0.2362634031891397,0,0,3,2025-12-19T16:16:21.998316,3.155942916870117
2017-10-24,24,1,0.6234898018587336,0.7818314824680298,297,0.38963044953078774,-0.9209712877166347,9,44,0,0,False,1,3.367295829986474,3.6375861597263857,3.091042453358316,3.4965075614664802,3.4339872044851463,3.2188758248682006,3.6109179126442243,3.713572066704308,10,0.5000000000000001,-0.8660254037844386,0,3.3771558197508393,3.296601245983145,3.470420131013361,0.21298678239628321,0.18497013387856634,0.2362634031891607,0,0,3,2025-12-19T16:16:22.258102,3.311681
2017-10-25,25,2,-0.22252093395631434,0.9749279121818236,298,0.4054257283599973,-0.9141279881853337,8,0,0,0,False,1,3.367295829986474,3.6375861597263857,3.091042453358316,3.4965075614664802,3.4339872044851463,3.2188758248682006,3.6109179126442243,3.713572066704308,10,0.5000000000000001,-0.8660254037844386,0,3.377155819750839,3.296601245983145,3.470420131013361,0.21298678239627494,0.1849701338785605,0.2362634031891397,0,0,3,2025-12-19T16:16:23.215505,3.3101000785827637
2017-10-26,26,3,-0.900968867902419,0.43388373911755823,299,0.42110087079608916,-0.9070138128026362,7,22,0,0,False,1,3.367295829986474,3.6375861597263857,3.091042453358316,3.4965075614664802,3.4339872044851463,3.2188758248682006,3.6109179126442243,3.713572066704308,10,0.5000000000000001,-0.8660254037844386,0,3.3771558197508393,3.296601245983145,3.470420131013361,0.21298678239628321,0.18497013387856634,0.2362634031891607,0,0,3,2025-12-19T16:16:23.330743,3.3785553
2017-10-27,27,4,-0.9009688679024191,-0.433883739117558,300,0.4366512319560638,-0.8996308696522434,6,0,0,0,False,1,3.367295829986474,3.6375861597263857,3.091042453358316,3.4965075614664802,3.4339872044851463,3.2188758248682006,3.6109179126442243,3.713572066704308,10,0.5000000000000001,-0.8660254037844386,0,3.377155819750839,3.296601245983145,3.470420131013361,0.21298678239627494,0.1849701338785605,0.2362634031891397,0,0,3,2025-12-19T16:16:23.721367,3.437720775604248
2017-10-28,28,5,-0.2225209339563146,-0.9749279121818236,301,0.45207220393230374,-0.8919813464595487,5,48,0,0,True,1,3.367295829986474,3.6375861597263857,3.091042453358316,3.4965075614664802,3.4339872044851463,3.2188758248682006,3.6109179126442243,3.713572066704308,10,0.5000000000000001,-0.8660254037844386,0,3.3771558197508393,3.296601245983145,3.470420131013361,0.21298678239628321,0.18497013387856634,0.2362634031891607,0,0,3,2025-12-19T16:16:24.106339,3.5131943
2017-10-29,29,6,0.6234898018587334,-0.7818314824680299,302,0.46735921715800205,-0.8840675099433637,4,0,0,0,True,1,3.367295829986474,3.6375861597263857,3.091042453358316,3.4965075614664802,3.4339872044851463,3.2188758248682006,3.6109179126442243,3.713572066704308,10,0.5000000000000001,-0.8660254037844386,0,3.377155819750839,3.296601245983145,3.470420131013361,0.21298678239627494,0.1849701338785605,0.2362634031891397,0,0,3,2025-12-19T16:16:24.371364,3.5709030628204346
2017-10-30,30,0,1.0,0.0,303,0.48250774176121763,-0.8758917051442433,3,42,0,0,False,1,3.367295829986474,3.6375861597263857,3.091042453358316,3.4965075614664802,3.4339872044851463,3.2188758248682006,3.6109179126442243,3.713572066704308,10,0.5000000000000001,-0.8660254037844386,0,3.3771558197508393,3.296601245983145,3.470420131013361,0.21298678239628321,0.18497013387856634,0.2362634031891607,0,0,3,2025-12-19T16:16:25.327909,3.180575
2017-10-31,31,1,0.6234898018587336,0.7818314824680298,304,0.4975132889071803,-0.8674563547295971,2,0,0,0,False,1,3.367295829986474,3.6375861597263857,3.091042453358316,3.4965075614664802,3.4339872044851463,3.2188758248682006,3.6109179126442243,3.713572066704308,10,0.5000000000000001,-0.8660254037844386,0,3.377155819750839,3.296601245983145,3.470420131013361,0.21298678239627494,0.1849701338785605,0.2362634031891397,0,0,3,2025-12-19T16:16:25.445575,3.341639995574951
2017-11-01,1,2,-0.22252093395631434,0.9749279121818236,305,0.5123714121284235,-0.858763958275803,1,50,0,1,False,1,3.367295829986474,3.6375861597263857,3.091042453358316,3.4965075614664802,3.4339872044851463,3.2188758248682006,3.6109179126442243,3.713572066704308,11,0.8660254037844384,-0.5000000000000004,0,3.3771558197508393,3.296601245983145,3.470420131013361,0.21298678239628321,0.18497013387856634,0.2362634031891607,0,0,3,2025-12-19T16:16:25.840908,3.4157705
2017-11-02,2,3,-0.900968867902419,0.43388373911755823,306,0.5270777086423724,-0.8498170915275277,0,0,1,1,False,1,3.367295829986474,3.6375861597263857,3.091042453358316,3.4965075614664802,3.4339872044851463,3.2188758248682006,3.6109179126442243,3.713572066704308,11,0.8660254037844384,-0.5000000000000004,0,3.377155819750839,3.296601245983145,3.470420131013361,0.21298678239627494,0.1849701338785605,0.2362634031891397,0,0,3,2025-12-19T16:16:26.238692,3.4714272022247314
2017-11-03,3,4,-0.9009688679024191,-0.433883739117558,307,0.5416278206559811,-0.8406184056344783,12,11,0,1,False,1,3.367295829986474,3.6375861597263857,3.091042453358316,3.4965075614664802,3.4339872044851463,3.2188758248682006,3.6109179126442243,3.713572066704308,11,0.8660254037844384,-0.5000000000000004,5,3.3771558197508393,3.296601245983145,3.470420131013361,0.21298678239628321,0.18497013387856634,0.2362634031891607,0,0,3,2025-12-19T16:16:26.479127,3.521565
2017-11-04,4,5,-0.2225209339563146,-0.9749279121818236,308,0.5560174366570446,-0.8311706263658079,11,0,0,1,True,1,3.367295829986474,3.6375861597263857,3.091042453358316,3.4965075614664802,3.4339872044851463,3.2188758248682006,3.6109179126442243,3.713572066704308,11,0.8660254037844384,-0.5000000000000004,0,3.377155819750839,3.296601245983145,3.470420131013361,0.21298678239627494,0.1849701338785605,0.2362634031891397,0,0,3,2025-12-19T16:16:27.414283,3.5896570682525635
2017-11-05,5,6,0.6234898018587334,-0.7818314824680299,309,0.5702422926917867,-0.8214765533024145,10,2,0,1,True,1,3.367295829986474,3.6375861597263857,3.091042453358316,3.4965075614664802,3.4339872044851463,3.2188758248682006,3.6109179126442243,3.713572066704308,11,0.8660254037844384,-0.5000000000000004,14,3.3771558197508393,3.296601245983145,3.470420131013361,0.21298678239628321,0.18497013387856634,0.2362634031891607,0,0,3,2025-12-19T16:16:27.563506,3.6417418
2017-11-06,6,0,1.0,0.0,310,0.5842981736283683,-0.8115390590073611,9,0,0,1,False,1,3.367295829986474,3.6375861597263857,3.091042453358316,3.4965075614664802,3.4339872044851463,3.2188758248682006,3.6109179126442243,3.713572066704308,11,0.8660254037844384,-0.5000000000000004,0,3.377155819750839,3.296601245983145,3.470420131013361,0.21298678239627494,0.1849701338785605,0.2362634031891397,0,0,3,2025-12-19T16:16:27.925703,3.239678144454956
2017-11-07,7,1,0.6234898018587336,0.7818314824680298,311,0.5981809144059158,-0.801361088174677,8,24,0,1,False,1,3.367295829986474,3.6375861597263857,3.091042453358316,3.4965075614664802,3.4339872044851463,3.2188758248682006,3.6109179126442243,3.713572066704308,11,0.8660254037844384,-0.5000000000000004,0,3.3771558197508393,3.296601245983145,3.470420131013361,0.21298678239628321,0.18497013387856634,0.2362634031891607,0,0,3,2025-12-19T16:16:28.354724,3.3980525
2017-11-08,8,2,-0.22252093395631434,0.9749279121818236,312,0.6118864012687242,-0.7909456567567774,7,0,0,1,False,1,3.367295829986474,3.6375861597263857,3.091042453358316,3.4965075614664802,3.4339872044851463,3.2188758248682006,3.6109179126442243,3.713572066704308,11,0.8660254037844384,-0.5000000000000004,0,3.377155819750839,3.296601245983145,3.470420131013361,0.21298678239627494,0.1849701338785605,0.2362634031891397,0,0,3,2025-12-19T16:16:28.558822,3.3983166217803955
2017-11-09,9,3,-0.900968867902419,0.43388373911755823,313,0.6254105729852457,-0.780295851070776,6,8,0,1,False,1,3.367295829986474,3.6375861597263857,3.091042453358316,3.4965075614664802,3.4339872044851463,3.2188758248682006,3.6109179126442243,3.713572066704308,11,0.8660254037844384,-0.5000000000000004,8,3.3771558197508393,3.296601245983145,3.470420131013361,0.21298678239628321,0.18497013387856634,0.2362634031891607,0,0,3,2025-12-19T16:16:29.522153,3.463524
2017-11-10,10,4,-0.9009688679024191,-0.433883739117558,314,0.6387494220515268,-0.7694148268839381,5,0,0,1,False,1,3.367295829986474,3.6375861597263857,3.091042453358316,3.4965075614664802,3.4339872044851463,3.2188758248682006,3.6109179126442243,3.713572066704308,11,0.8660254037844384,-0.5000000000000004,0,3.377155819750839,3.296601245983145,3.470420131013361,0.21298678239627494,0.1849701338785605,0.2362634031891397,0,0,3,2025-12-19T16:16:29.679816,3.5169835090637207
2017-11-11,11,5,-0.2225209339563146,-0.9749279121818236,315,0.6518989958787125,-0.7583058084785625,4,13,0,0,True,1,3.367295829986474,3.6375861597263857,3.091042453358316,3.4965075614664802,3.4339872044851463,3.2188758248682006,3.6109179126442243,3.713572066704308,11,0.8660254037844384,-0.5000000000000004,3,3.3771558197508393,3.296601245983145,3.470420131013361,0.21298678239628321,0.18497013387856634,0.2362634031891607,0,0,3,2025-12-19T16:16:30.070669,3.5810838
2017-11-12,12,6,0.6234898018587334,-0.7818314824680299,316,0.6648553979642866,-0.7469720876965551,3,0,0,0,True,1,3.367295829986474,3.6375861597263857,3.091042453358316,3.4965075614664802,3.4339872044851463,3.2188758248682006,3.6109179126442243,3.713572066704308,11,0.8660254037844384,-0.5000000000000004,0,3.377155819750839,3.296601245983145,3.470420131013361,0.21298678239627494,0.1849701338785605,0.2362634031891397,0,0,3,2025-12-19T16:16:30.504036,3.6359734535217285
2017-11-13,13,0,1.0,0.0,317,0.6776147890466887,-0.7354170229639858,2,47,0,0,False,1,3.367295829986474,3.6375861597263857,3.091042453358316,3.4965075614664802,3.4339872044851463,3.2188758248682006,3.6109179126442243,3.713572066704308,11,0.8660254037844384,-0.5000000000000004,0,3.3771558197508393,3.296601245983145,3.470420131013361,0.21298678239628321,0.18497013387856634,0.2362634031891607,0,0,3,2025-12-19T16:16:30.675632,3.238452
2017-11-14,14,1,0.6234898018587336,0.7818314824680298,318,0.690173388242972,-0.7236440382959124,1,0,0,0,False,1,3.367295829986474,3.6375861597263857,3.091042453358316,3.4965075614664802,3.4339872044851463,3.2188758248682006,3.6109179126442243,3.713572066704308,11,0.8660254037844384,-0.5000000000000004,0,3.377155819750839,3.296601245983145,3.470420131013361,0.21298678239627494,0.1849701338785605,0.2362634031891397,0,0,3,2025-12-19T16:16:31.602784,3.400256872177124
2017-11-15,15,2,-0.22252093395631434,0.9749279121818236,319,0.7025274741691566,-0.711656622281775,0,37,1,0,False,1,3.367295829986474,3.6375861597263857,3.091042453358316,3.4965075614664802,3.4339872044851463,3.2188758248682006,3.6109179126442243,3.713572066704308,11,0.8660254037844384,-0.5000000000000004,0,3.3771558197508393,3.296601245983145,3.470420131013361,0.21298678239628321,0.18497013387856634,0.2362634031891607,0,0,3,2025-12-19T16:16:31.815138,3.394876
2017-11-16,16,3,-0.900968867902419,0.43388373911755823,320,0.7146733860429608,-0.6994583270516471,39,0,0,0,False,1,3.367295829986474,3.6375861597263857,3.091042453358316,3.4965075614664802,3.4339872044851463,3.2188758248682006,3.6109179126442243,3.713572066704308,11,0.8660254037844384,-0.5000000000000004,0,3.377155819750839,3.296601245983145,3.470420131013361,0.21298678239627494,0.1849701338785605,0.2362634031891397,0,0,3,2025-12-19T16:16:32.181333,3.4572970867156982
2017-11-17,17,4,-0.9009688679024191,-0.433883739117558,321,0.7266075247685652,-0.6870527672236675,38,44,0,0,False,1,3.367295829986474,3.6375861597263857,3.091042453358316,3.4965075614664802,3.4339872044851463,3.2188758248682006,3.6109179126442243,3.713572066704308,11,0.8660254037844384,-0.5000000000000004,0,3.3771558197508393,3.296601245983145,3.470420131013361,0.21298678239628321,0.18497013387856634,0.2362634031891607,0,0,3,2025-12-19T16:16:32.631223,3.512425
2017-11-18,18,5,-0.2225209339563146,-0.9749279121818236,322,0.7383263540031063,-0.6744436188329457,37,0,0,0,True,1,3.367295829986474,3.6375861597263857,3.091042453358316,3.4965075614664802,3.4339872044851463,3.2188758248682006,3.6109179126442243,3.713572066704308,11,0.8660254037844384,-0.5000000000000004,0,3.377155819750839,3.296601245983145,3.470420131013361,0.21298678239627494,0.1849701338785605,0.2362634031891397,0,0,3,2025-12-19T16:16:32.786496,3.5783205032348633
2017-11-19,19,6,0.6234898018587334,-0.7818314824680299,323,0.749826401204568,-0.661634618242279,36,49,0,0,True,1,3.367295829986474,3.6375861597263857,3.091042453358316,3.4965075614664802,3.4339872044851463,3.2188758248682006,3.6109179126442243,3.713572066704308,11,0.8660254037844384,-0.5000000000000004,0,3.3771558197508393,3.296601245983145,3.470420131013361,0.21298678239628321,0.18497013387856634,0.2362634031891607,0,0,3,2025-12-19T16:16:33.771340,3.6317375
2017-11-20,20,0,1.0,0.0,324,0.7611042586607742,-0.6486295610349818,35,0,0,0,False,1,3.367295829986474,3.6375861597263857,3.091042453358316,3.4965075614664802,3.4339872044851463,3.2188758248682006,3.6109179126442243,3.713572066704308,11,0.8660254037844384,-0.5000000000000004,0,3.377155819750839,3.296601245983145,3.470420131013361,0.21298678239627494,0.1849701338785605,0.2362634031891397,0,0,3,2025-12-19T16:16:33.929696,3.2349159717559814
2017-11-21,21,1,0.6234898018587336,0.7818314824680298,325,0.7721565844991641,-0.6354323008901775,34,41,0,0,False,1,3.367295829986474,3.6375861597263857,3.091042453358316,3.4965075614664802,3.4339872044851463,3.2188758248682006,3.6109179126442243,3.713572066704308,11,0.8660254037844384,-0.5000000000000004,0,3.3771558197508393,3.296601245983145,3.470420131013361,0.21298678239628321,0.18497013387856634,0.2362634031891607,0,0,3,2025-12-19T16:16:34.460028,3.3910024
2017-11-22,22,2,-0.22252093395631434,0.9749279121818236,326,0.7829801036770624,-0.622046748440868,33,0,0,0,False,1,3.367295829986474,3.6375861597263857,3.091042453358316,3.4965075614664802,3.4339872044851463,3.2188758248682006,3.6109179126442243,3.713572066704308,11,0.8660254037844384,-0.5000000000000004,0,3.377155819750839,3.296601245983145,3.470420131013361,0.21298678239627494,0.1849701338785605,0.2362634031891397,0,0,3,2025-12-19T16:16:34.705741,3.3877384662628174
2017-11-23,23,3,-0.900968867902419,0.43388373911755823,327,0.7935716089521472,-0.6084768701151264,32,9,0,0,False,1,3.367295829986474,3.6375861597263857,3.091042453358316,3.4965075614664802,3.4339872044851463,3.2188758248682006,3.6109179126442243,3.713572066704308,11,0.8660254037844384,-0.5000000000000004,7,3.3771558197508393,3.296601245983145,3.470420131013361,0.21298678239628321,0.18497013387856634,0.2362634031891607,0,0,3,2025-12-19T16:16:34.954773,3.4560611
2017-11-24,24,4,-0.9009688679024191,-0.433883739117558,328,0.8039279618328208,-0.594726686960764,31,0,0,0,False,1,3.367295829986474,3.6375861597263857,3.091042453358316,3.4965075614664802,3.4339872044851463,3.2188758248682006,3.6109179126442243,3.713572066704308,11,0.8660254037844384,-0.5000000000000004,0,3.377155819750839,3.296601245983145,3.470420131013361,0.21298678239627494,0.1849701338785605,0.2362634031891397,0,0,3,2025-12-19T16:16:35.856840,3.5073907375335693
2017-11-25,25,5,-0.2225209339563146,-0.9749279121818236,329,0.8140460935082175,-0.5808002734538013,30,6,0,0,True,1,3.367295829986474,3.6375861597263857,3.091042453358316,3.4965075614664802,3.4339872044851463,3.2188758248682006,3.6109179126442243,3.713572066704308,11,0.8660254037844384,-0.5000000000000004,10,3.3771558197508393,3.296601245983145,3.470420131013361,0.21298678239628321,0.18497013387856634,0.2362634031891607,0,0,3,2025-12-19T16:16:36.089069,3.568905
2017-11-26,26,6,0.6234898018587334,-0.7818314824680299,330,0.8239230057575536,-0.5667017562911184,29,0,0,0,True,1,3.367295829986474,3.6375861597263857,3.091042453358316,3.4965075614664802,3.4339872044851463,3.2188758248682006,3.6109179126442243,3.713572066704308,11,0.8660254037844384,-0.5000000000000004,0,3.377155819750839,3.296601245983145,3.470420131013361,0.21298678239627494,0.1849701338785605,0.2362634031891397,0,0,3,2025-12-19T16:16:36.565793,3.606290102005005
2017-11-27,27,0,1.0,0.0,331,0.8335557718385695,-0.5524353131676203,28,47,0,0,False,1,3.367295829986474,3.6375861597263857,3.091042453358316,3.4965075614664802,3.4339872044851463,3.2188758248682006,3.6109179126442243,3.713572066704308,11,0.8660254037844384,-0.5000000000000004,0,3.3771558197508393,3.296601245983145,3.470420131013361,0.21298678239628321,0.18497013387856634,0.2362634031891607,0,0,3,2025-12-19T16:16:36.889947,3.22721
2017-11-28,28,1,0.6234898018587336,0.7818314824680298,332,0.8429415373547832,-0.5380051715382992,27,0,0,0,False,1,3.367295829986474,3.6375861597263857,3.091042453358316,3.4965075614664802,3.4339872044851463,3.2188758248682006,3.6109179126442243,3.713572066704308,11,0.8660254037844384,-0.5000000000000004,0,3.377155819750839,3.296601245983145,3.470420131013361,0.21298678239627494,0.1849701338785605,0.2362634031891397,0,0,3,2025-12-19T16:16:37.112115,3.3829867839813232
2017-11-29,29,2,-0.22252093395631434,0.9749279121818236,333,0.8520775211013093,-0.5234156073655503,26,50,0,0,False,1,3.367295829986474,3.6375861597263857,3.091042453358316,3.4965075614664802,3.4339872044851463,3.2188758248682006,3.6109179126442243,3.713572066704308,11,0.8660254037844384,-0.5000000000000004,0,3.3771558197508393,3.296601245983145,3.470420131013361,0.21298678239628321,0.18497013387856634,0.2362634031891607,0,0,3,2025-12-19T16:16:37.998214,3.37456
2017-11-30,30,3,-0.900968867902419,0.43388373911755823,334,0.8609610158889945,-0.5086709438521042,25,0,0,0,False,1,3.367295829986474,3.6375861597263857,3.091042453358316,3.4965075614664802,3.4339872044851463,3.2188758248682006,3.6109179126442243,3.713572066704308,11,0.8660254037844384,-0.5000000000000004,0,3.377155819750839,3.296601245983145,3.470420131013361,0.21298678239627494,0.1849701338785605,0.2362634031891397,0,0,3,2025-12-19T16:16:38.206144,3.4432172775268555
2017-12-01,1,4,-0.9009688679024191,-0.433883739117558,335,0.8695893893466109,-0.49377555015997737,24,42,0,1,False,1,3.367295829986474,3.6375861597263857,3.091042453358316,3.4965075614664802,3.4339872044851463,3.2188758248682006,3.6109179126442243,3.713572066704308,12,1.0,-2.4492935982947064e-16,0,3.3771558197508393,3.296601245983145,3.470420131013361,0.21298678239628321,0.18497013387856634,0.2362634031891607,0,0,3,2025-12-19T16:16:38.693034,3.1734838
2017-12-02,2,5,-0.2225209339563146,-0.9749279121818236,336,0.8779600847008883,-0.4787338401157883,23,0,0,1,True,1,3.367295829986474,3.6375861597263857,3.091042453358316,3.4965075614664802,3.4339872044851463,3.2188758248682006,3.6109179126442243,3.713572066704308,12,1.0,-2.4492935982947064e-16,0,3.377155819750839,3.296601245983145,3.470420131013361,0.21298678239627494,0.1849701338785605,0.2362634031891397,0,0,3,2025-12-19T16:16:39.026399,3.2404613494873047
2017-12-03,3,6,0.6234898018587334,-0.7818314824680299,337,0.8860706215341378,-0.4635502709028512,22,25,0,1,True,1,3.367295829986474,3.6375861597263857,3.091042453358316,3.4965075614664802,3.4339872044851463,3.2188758248682006,3.6109179126442243,3.713572066704308,12,1.0,-2.4492935982947064e-16,0,3.3771558197508393,3.296601245983145,3.470420131013361,0.21298678239628321,0.18497013387856634,0.2362634031891607,0,0,3,2025-12-19T16:16:39.261145,3.291155
2017-12-04,4,0,1.0,0.0,338,0.893918596519257,-0.4482293417404106,21,0,0,1,False,1,3.367295829986474,3.6375861597263857,3.091042453358316,3.4965075614664802,3.4339872044851463,3.2188758248682006,3.6109179126442243,3.713572066704308,12,1.0,-2.4492935982947064e-16,0,3.377155819750839,3.296601245983145,3.470420131013361,0.21298678239627494,0.1849701338785605,0.2362634031891397,0,0,3,2025-12-19T16:16:40.109126,2.9722979068756104
2017-12-05,5,1,0.6234898018587336,0.7818314824680298,339,0.9015016841318838,-0.4327755925504317,20,18,0,1,False,1,3.367295829986474,3.6375861597263857,3.091042453358316,3.4965075614664802,3.4339872044851463,3.2188758248682006,3.6109179126442243,3.713572066704308,12,1.0,-2.4492935982947064e-16,0,3.3771558197508393,3.296601245983145,3.470420131013361,0.21298678239628321,0.18497013387856634,0.2362634031891607,0,0,3,2025-12-19T16:16:40.364358,3.110927
2017-12-06,6,2,-0.22252093395631434,0.9749279121818236,340,0.9088176373395028,-0.41719360261231697,19,0,0,1,False,1,3.367295829986474,3.6375861597263857,3.091042453358316,3.4965075614664802,3.4339872044851463,3.2188758248682006,3.6109179126442243,3.713572066704308,12,1.0,-2.4492935982947064e-16,0,3.377155819750839,3.296601245983145,3.470420131013361,0.21298678239627494,0.1849701338785605,0.2362634031891397,0,0,3,2025-12-19T16:16:40.802999,3.1074652671813965
2017-12-07,7,3,-0.900968867902419,0.43388373911755823,341,0.9158642882672868,-0.4014879892059737,18,11,0,1,False,1,3.367295829986474,3.6375861597263857,3.091042453358316,3.4965075614664802,3.4339872044851463,3.2188758248682006,3.6109179126442243,3.713572066704308,12,1.0,-2.4492935982947064e-16,5,3.3771558197508393,3.296601245983145,3.470420131013361,0.21298678239628321,0.18497013387856634,0.2362634031891607,0,0,3,2025-12-19T16:16:41.164936,3.2011669
2017-12-08,8,4,-0.9009688679024191,-0.433883739117558,342,0.9226395488404875,-0.38566340624360745,17,0,0,1,False,1,3.367295829986474,3.6375861597263857,3.091042453358316,3.4965075614664802,3.4339872044851463,3.2188758248682006,3.6109179126442243,3.713572066704308,12,1.0,-2.4492935982947064e-16,0,3.377155819750839,3.296601245983145,3.470420131013361,0.21298678239627494,0.1849701338785605,0.2362634031891397,0,0,3,2025-12-19T16:16:41.351190,3.274033546447754
2017-12-09,9,5,-0.2225209339563146,-0.9749279121818236,343,0.9291414114031743,-0.3697245428906732,16,1,0,1,True,1,3.367295829986474,3.6375861597263857,3.091042453358316,3.4965075614664802,3.4339872044851463,3.2188758248682006,3.6109179126442243,3.713572066704308,12,1.0,-2.4492935982947064e-16,15,3.3771558197508393,3.296601245983145,3.470420131013361,0.21298678239628321,0.18497013387856634,0.2362634031891607,0,0,3,2025-12-19T16:16:42.271162,3.3347898
2017-12-10,10,6,0.6234898018587334,-0.7818314824680299,344,0.935367949313148,-0.3536761221763721,15,0,0,1,True,1,3.367295829986474,3.6375861597263857,3.091042453358316,3.4965075614664802,3.4339872044851463,3.2188758248682006,3.6109179126442243,3.713572066704308,12,1.0,-2.4492935982947064e-16,0,3.377155819750839,3.296601245983145,3.470420131013361,0.21298678239627494,0.1849701338785605,0.2362634031891397,0,0,3,2025-12-19T16:16:42.481283,3.3834071159362793
2017-12-11,11,0,1.0,0.0,345,0.941317317512847,-0.33752289959411347,14,39,0,0,False,1,3.367295829986474,3.6375861597263857,3.091042453358316,3.4965075614664802,3.4339872044851463,3.2188758248682006,3.6109179126442243,3.713572066704308,12,1.0,-2.4492935982947064e-16,0,3.3771558197508393,3.296601245983145,3.470420131013361,0.21298678239628321,0.18497013387856634,0.2362634031891607,0,0,3,2025-12-19T16:16:43.100359,3.028834
2017-12-12,12,1,0.6234898018587336,0.7818314824680298,346,0.9469877530760751,-0.32126966169236515,13,0,0,0,False,1,3.367295829986474,3.6375861597263857,3.091042453358316,3.4965075614664802,3.4339872044851463,3.2188758248682006,3.6109179126442243,3.713572066704308,12,1.0,-2.4492935982947064e-16,0,3.377155819750839,3.296601245983145,3.470420131013361,0.21298678239627494,0.1849701338785605,0.2362634031891397,0,0,3,2025-12-19T16:16:43.277076,3.1600568294525146
2017-12-13,13,2,-0.22252093395631434,0.9749279121818236,347,0.9523775757303973,-0.3049212246562894,12,1,0,0,False,1,3.367295829986474,3.6375861597263857,3.091042453358316,3.4965075614664802,3.4339872044851463,3.2188758248682006,3.6109179126442243,3.713572066704308,12,1.0,-2.4492935982947064e-16,15,3.3771558197508393,3.296601245983145,3.470420131013361,0.21298678239628321,0.18497013387856634,0.2362634031891607,0,0,3,2025-12-19T16:16:43.498835,3.1598058
2017-12-14,14,3,-0.900968867902419,0.43388373911755823,348,0.9574851883550389,-0.2884824328806098,11,0,0,0,False,1,3.367295829986474,3.6375861597263857,3.091042453358316,3.4965075614664802,3.4339872044851463,3.2188758248682006,3.6109179126442243,3.713572066704308,12,1.0,-2.4492935982947064e-16,0,3.377155819750839,3.296601245983145,3.470420131013361,0.21298678239627494,0.1849701338785605,0.2362634031891397,0,0,3,2025-12-19T16:16:44.372510,3.2388126850128174
2017-12-15,15,4,-0.9009688679024191,-0.433883739117558,349,0.9623090774541487,-0.27195815753410524,10,44,0,0,False,1,3.367295829986474,3.6375861597263857,3.091042453358316,3.4965075614664802,3.4339872044851463,3.2188758248682006,3.6109179126442243,3.713572066704308,12,1.0,-2.4492935982947064e-16,0,3.3771558197508393,3.296601245983145,3.470420131013361,0.21298678239628321,0.18497013387856634,0.2362634031891607,0,0,3,2025-12-19T16:16:44.618330,3.3001492
2017-12-16,16,5,-0.2225209339563146,-0.9749279121818236,350,0.9668478136052773,-0.2553532951161881,9,0,0,0,True,1,3.367295829986474,3.6375861597263857,3.091042453358316,3.4965075614664802,3.4339872044851463,3.2188758248682006,3.6109179126442243,3.713572066704308,12,1.0,-2.4492935982947064e-16,0,3.377155819750839,3.296601245983145,3.470420131013361,0.21298678239627494,0.1849701338785605,0.2362634031891397,0,0,3,2025-12-19T16:16:45.208183,3.3681013584136963
2017-12-17,17,6,0.6234898018587334,-0.7818314824680299,351,0.9711000518829505,-0.23867276600594997,8,14,0,0,True,1,3.367295829986474,3.6375861597263857,3.091042453358316,3.4965075614664802,3.4339872044851463,3.2188758248682006,3.6109179126442243,3.713572066704308,12,1.0,-2.4492935982947064e-16,2,3.3771558197508393,3.296601245983145,3.470420131013361,0.21298678239628321,0.18497013387856634,0.2362634031891607,0,0,3,2025-12-19T16:16:45.407100,3.4202964
2017-12-18,18,0,1.0,0.0,352,0.9750645322571945,-0.22192151300416674,7,0,0,0,False,1,3.367295829986474,3.6375861597263857,3.091042453358316,3.4965075614664802,3.4339872044851463,3.2188758248682006,3.6109179126442243,3.713572066704308,12,1.0,-2.4492935982947064e-16,0,3.377155819750839,3.296601245983145,3.470420131013361,0.21298678239627494,0.1849701338785605,0.2362634031891397,0,0,3,2025-12-19T16:16:45.601113,3.0391781330108643
2017-12-19,19,1,0.6234898018587336,0.7818314824680298,353,0.9787400799669153,-0.20510449986861926,6,43,0,0,False,1,3.367295829986474,3.6375861597263857,3.091042453358316,3.4965075614664802,3.4339872044851463,3.2188758248682006,3.6109179126442243,3.713572066704308,12,1.0,-2.4492935982947064e-16,0,3.3771558197508393,3.296601245983145,3.470420131013361,0.21298678239628321,0.18497013387856634,0.2362634031891607,0,0,3,2025-12-19T16:16:46.550195,3.1717753
2017-12-20,20,2,-0.22252093395631434,0.9749279121818236,354,0.9821256058680006,-0.1882267098432439,5,0,0,0,False,1,3.367295829986474,3.6375861597263857,3.091042453358316,3.4965075614664802,3.4339872044851463,3.2188758248682006,3.6109179126442243,3.713572066704308,12,1.0,-2.4492935982947064e-16,0,3.377155819750839,3.296601245983145,3.470420131013361,0.21298678239627494,0.1849701338785605,0.2362634031891397,0,0,3,2025-12-19T16:16:46.745532,3.1723122596740723
2017-12-21,21,3,-0.900968867902419,0.43388373911755823,355,0.9852201067560606,-0.1712931441814778,4,0,0,0,False,1,3.367295829986474,3.6375861597263857,3.091042453358316,3.4965075614664802,3.4339872044851463,3.2188758248682006,3.6109179126442243,3.713572066704308,12,1.0,-2.4492935982947064e-16,16,3.3771558197508393,3.296601245983145,3.470420131013361,0.21298678239628321,0.18497013387856634,0.2362634031891607,0,0,3,2025-12-19T16:16:47.342728,3.2649462
2017-12-22,22,4,-0.9009688679024191,-0.433883739117558,356,0.9880226656636976,-0.154308820664281,3,0,0,0,False,1,3.367295829986474,3.6375861597263857,3.091042453358316,3.4965075614664802,3.4339872044851463,3.2188758248682006,3.6109179126442243,3.713572066704308,12,1.0,-2.4492935982947064e-16,0,3.377155819750839,3.296601245983145,3.470420131013361,0.21298678239627494,0.1849701338785605,0.2362634031891397,0,0,3,2025-12-19T16:16:47.528579,3.3286120891571045
2017-12-23,23,5,-0.2225209339563146,-0.9749279121818236,357,0.9905324521322227,-0.13727877211326517,2,22,0,0,True,1,3.367295829986474,3.6375861597263857,3.091042453358316,3.4965075614664802,3.4339872044851463,3.2188758248682006,3.6109179126442243,3.713572066704308,12,1.0,-2.4492935982947064e-16,0,3.3771558197508393,3.296601245983145,3.470420131013361,0.21298678239628321,0.18497013387856634,0.2362634031891607,0,0,3,2025-12-19T16:16:47.748172,3.387949
2017-12-24,24,6,0.6234898018587334,-0.7818314824680299,358,0.9927487224577402,-0.12020804489935275,1,0,0,0,True,1,3.367295829986474,3.6375861597263857,3.091042453358316,3.4965075614664802,3.4339872044851463,3.2188758248682006,3.6109179126442243,3.713572066704308,12,1.0,-2.4492935982947064e-16,0,3.377155819750839,3.296601245983145,3.470420131013361,0.21298678239627494,0.1849701338785605,0.2362634031891397,0,0,3,2025-12-19T16:16:48.639987,3.446756601333618
2017-12-25,25,0,1.0,0.0,359,0.9946708199115211,-0.10310169744743544,0,32,1,0,False,1,3.367295829986474,3.6375861597263857,3.091042453358316,3.4965075614664802,3.4339872044851463,3.2188758248682006,3.6109179126442243,3.713572066704308,12,1.0,-2.4492935982947064e-16,0,3.3771558197508393,3.296601245983145,3.470420131013361,0.21298678239628321,0.18497013387856634,0.2362634031891607,0,0,3,2025-12-19T16:16:48.894987,3.0785794
2017-12-26,26,1,0.6234898018587336,0.7818314824680298,360,0.9962981749346077,-0.0859647987374467,6,0,0,0,False,1,3.367295829986474,3.6375861597263857,3.091042453358316,3.4965075614664802,3.4339872044851463,3.2188758248682006,3.6109179126442243,3.713572066704308,12,1.0,-2.4492935982947064e-16,0,3.377155819750839,3.296601245983145,3.470420131013361,0.21298678239627494,0.1849701338785605,0.2362634031891397,0,0,3,2025-12-19T16:16:49.438479,3.213667869567871
2017-12-27,27,2,-0.22252093395631434,0.9749279121818236,361,0.9976303053065857,-0.06880242680232064,5,9,0,0,False,1,3.367295829986474,3.6375861597263857,3.091042453358316,3.4965075614664802,3.4339872044851463,3.2188758248682006,3.6109179126442243,3.713572066704308,12,1.0,-2.4492935982947064e-16,7,3.3771558197508393,3.296601245983145,3.470420131013361,0.21298678239628321,0.18497013387856634,0.2362634031891607,0,0,3,2025-12-19T16:16:49.642182,3.2182138
2017-12-28,28,3,-0.900968867902419,0.43388373911755823,362,0.9986668162884759,-0.05161966722325418,4,0,0,0,False,1,3.367295829986474,3.6375861597263857,3.091042453358316,3.4965075614664802,3.4339872044851463,3.2188758248682006,3.6109179126442243,3.713572066704308,12,1.0,-2.4492935982947064e-16,0,3.377155819750839,3.296601245983145,3.470420131013361,0.21298678239627494,0.1849701338785605,0.2362634031891397,0,0,3,2025-12-19T16:16:50.014184,3.312345504760742
2017-12-29,29,4,-0.9009688679024191,-0.433883739117558,363,0.9994074007397048,-0.034421611622745804,3,29,0,0,False,1,3.367295829986474,3.6375861597263857,3.091042453358316,3.4965075614664802,3.4339872044851463,3.2188758248682006,3.6109179126442243,3.713572066704308,12,1.0,-2.4492935982947064e-16,0,3.3771558197508393,3.296601245983145,3.470420131013361,0.21298678239628321,0.18497013387856634,0.2362634031891607,0,0,3,2025-12-19T16:16:51.010275,3.3746428
2017-12-30,30,5,-0.2225209339563146,-0.9749279121818236,364,0.9998518392091162,-0.01721335615583528,2,0,0,0,True,1,3.367295829986474,3.6375861597263857,3.091042453358316,3.4965075614664802,3.4339872044851463,3.2188758248682006,3.6109179126442243,3.713572066704308,12,1.0,-2.4492935982947064e-16,0,3.377155819750839,3.296601245983145,3.470420131013361,0.21298678239627494,0.1849701338785605,0.2362634031891397,0,0,3,2025-12-19T16:16:51.263219,3.427935838699341
2017-12-31,31,6,0.6234898018587334,-0.7818314824680299,365,1.0,6.432490598706546e-16,1,4,0,0,True,1,3.367295829986474,3.6375861597263857,3.091042453358316,3.4965075614664802,3.4339872044851463,3.2188758248682006,3.6109179126442243,3.713572066704308,12,1.0,-2.4492935982947064e-16,12,3.3771558197508393,3.296601245983145,3.470420131013361,0.21298678239628321,0.18497013387856634,0.2362634031891607,0,0,3,2025-12-19T16:16:51.851200,3.4753177
2017-10-01,1,6,0.6234898018587334,-0.7818314824680299,274,0.004303538296243821,-0.9999907397361901,11,0,0,1,True,1,3.58351893845611,3.6375861597263857,3.2188758248682006,3.4965075614664802,3.5263605246161616,3.367295829986474,3.332204510175204,3.8501476017100584,10,0.5000000000000001,-0.8660254037844386,0,3.3389227398182,3.3402288753366736,3.409712210151325,0.18964457472779847,0.17061834037558607,0.22852474680648002,0,0,4,2025-12-19T16:16:52.088733,3.432750940322876
2017-10-02,2,0,1.0,0.0,275,0.021516097436222233,-0.9997685019798909,10,5,0,1,False,1,3.58351893845611,3.6375861597263857,3.2188758248682006,3.4965075614664802,3.5263605246161616,3.367295829986474,3.332204510175204,3.8501476017100584,10,0.5000000000000001,-0.8660254037844386,11,3.3389227398182,3.3402288753366736,3.409712210151326,0.18964457472780558,0.17061834037561852,0.22852474680648882,0,0,4,2025-12-19T16:16:52.436429,3.0545332
2017-10-03,3,1,0.6234898018587336,0.7818314824680298,276,0.03872228089217399,-0.9992500112396835,9,0,0,1,False,1,3.58351893845611,3.6375861597263857,3.2188758248682006,3.4965075614664802,3.5263605246161616,3.367295829986474,3.332204510175204,3.8501476017100584,10,0.5000000000000001,-0.8660254037844386,0,3.3389227398182,3.3402288753366736,3.409712210151325,0.18964457472779847,0.17061834037558607,0.22852474680648002,0,0,4,2025-12-19T16:16:53.307352,3.215660333633423
2017-10-04,4,2,-0.22252093395631434,0.9749279121818236,277,0.05591699010060302,-0.9984354211555643,8,42,0,1,False,1,3.58351893845611,3.6375861597263857,3.2188758248682006,3.4965075614664802,3.5263605246161616,3.367295829986474,3.332204510175204,3.8501476017100584,10,0.5000000000000001,-0.8660254037844386,0,3.3389227398182,3.3402288753366736,3.409712210151326,0.18964457472780558,0.17061834037561852,0.22852474680648882,0,0,4,2025-12-19T16:16:53.615687,3.216767
2017-10-05,5,3,-0.900968867902419,0.43388373911755823,278,0.07309512989807776,-0.9973249731081555,7,0,0,1,False,1,3.58351893845611,3.6375861597263857,3.2188758248682006,3.4965075614664802,3.5263605246161616,3.367295829986474,3.332204510175204,3.8501476017100584,10,0.5000000000000001,-0.8660254037844386,0,3.3389227398182,3.3402288753366736,3.409712210151325,0.18964457472779847,0.17061834037558607,0.22852474680648002,0,0,4,2025-12-19T16:16:54.127731,3.2812516689300537
2017-10-06,6,4,-0.9009688679024191,-0.433883739117558,279,0.0902516100310407,-0.9959189961471792,6,19,0,1,False,1,3.58351893845611,3.6375861597263857,3.2188758248682006,3.4965075614664802,3.5263605246161616,3.367295829986474,3.332204510175204,3.8501476017100584,10,0.5000000000000001,-0.8660254037844386,0,3.3389227398182,3.3402288753366736,3.409712210151326,0.18964457472780558,0.17061834037561852,0.22852474680648882,0,0,4,2025-12-19T16:16:54.610723,3.3328905
2017-10-07,7,5,-0.2225209339563146,-0.9749279121818236,280,0.10738134666416306,-0.994217906893952,5,0,0,1,True,1,3.58351893845611,3.6375861597263857,3.2188758248682006,3.4965075614664802,3.5263605246161616,3.367295829986474,3.332204510175204,3.8501476017100584,10,0.5000000000000001,-0.8660254037844386,0,3.3389227398182,3.3402288753366736,3.409712210151325,0.18964457472779847,0.17061834037558607,0.22852474680648002,0,0,4,2025-12-19T16:16:54.735779,3.4002480506896973
2017-10-01,1,6,0.6234898018587334,-0.7818314824680299,274,0.004303538296243821,-0.9999907397361901,11,0,0,1,True,1,3.4339872044851463,3.4339872044851463,3.367295829986474,3.4339872044851463,3.1780538303479458,3.1780538303479458,3.2188758248682006,3.6635616461296463,10,0.5000000000000001,-0.8660254037844386,0,3.188463555765254,3.168986625733089,3.2697709932975503,0.2607527153992202,0.2587299443281496,0.24576239152649595,0,0,1,2025-12-19T16:19:50.990700,3.271141767501831
2017-10-05,5,3,-0.900968867902419,0.43388373911755823,278,0.07309512989807776,-0.9973249731081555,7,0,0,1,False,1,3.4339872044851463,3.4339872044851463,3.367295829986474,3.4339872044851463,3.1780538303479458,3.1780538303479458,3.2188758248682006,3.6635616461296463,10,0.5000000000000001,-0.8660254037844386,0,3.188463555765254,3.168986625733089,3.2697709932975503,0.2607527153992202,0.2587299443281496,0.24576239152649595,0,0,1,2025-12-19T16:19:51.000227,3.1087653636932373
2017-10-03,3,1,0.6234898018587336,0.7818314824680298,276,0.03872228089217399,-0.9992500112396835,9,0,0,1,False,1,3.4339872044851463,3.4339872044851463,3.367295829986474,3.4339872044851463,3.1780538303479458,3.1780538303479458,3.2188758248682006,3.6635616461296463,10,0.5000000000000001,-0.8660254037844386,0,3.188463555765254,3.168986625733089,3.2697709932975503,0.2607527153992202,0.2587299443281496,0.24576239152649595,0,0,1,2025-12-19T16:19:50.999227,3.041431427001953
2017-10-04,4,2,-0.22252093395631434,0.9749279121818236,277,0.05591699010060302,-0.9984354211555643,8,26,0,1,False,1,3.4339872044851463,3.4339872044851463,3.367295829986474,3.4339872044851463,3.1780538303479458,3.1780538303479458,3.2188758248682006,3.6635616461296463,10,0.5000000000000001,-0.8660254037844386,0,3.188463555765254,3.168986625733089,3.2697709932975503,0.2607527153992185,0.2587299443281552,0.24576239152651405,0,0,1,2025-12-19T16:19:51.079226,3.0427818
2017-10-02,2,0,1.0,0.0,275,0.021516097436222233,-0.9997685019798909,10,6,0,1,False,1,3.4339872044851463,3.4339872044851463,3.367295829986474,3.4339872044851463,3.1780538303479458,3.1780538303479458,3.2188758248682006,3.6635616461296463,10,0.5000000000000001,-0.8660254037844386,9,3.188463555765254,3.168986625733089,3.2697709932975503,0.2607527153992185,0.2587299443281552,0.24576239152651405,0,0,1,2025-12-19T16:19:51.091230,2.901446
2017-10-07,7,5,-0.2225209339563146,-0.9749279121818236,280,0.10738134666416306,-0.994217906893952,5,0,0,1,True,1,3.4339872044851463,3.4339872044851463,3.367295829986474,3.4339872044851463,3.1780538303479458,3.1780538303479458,3.2188758248682006,3.6635616461296463,10,0.5000000000000001,-0.8660254037844386,0,3.188463555765254,3.168986625733089,3.2697709932975503,0.2607527153992202,0.2587299443281496,0.24576239152649595,0,0,1,2025-12-19T16:19:53.175153,3.2327980995178223
2017-10-09,9,0,1.0,0.0,282,0.141540295217043,-0.989932495087353,3,0,0,1,False,1,3.4339872044851463,3.4339872044851463,3.367295829986474,3.4339872044851463,3.1780538303479458,3.1780538303479458,3.2188758248682006,3.6635616461296463,10,0.5000000000000001,-0.8660254037844386,0,3.188463555765254,3.168986625733089,3.2697709932975503,0.2607527153992202,0.2587299443281496,0.24576239152649595,0,0,1,2025-12-19T16:19:53.250152,2.906764507293701
2017-10-06,6,4,-0.9009688679024191,-0.433883739117558,279,0.0902516100310407,-0.9959189961471792,6,35,0,1,False,1,3.4339872044851463,3.4339872044851463,3.367295829986474,3.4339872044851463,3.1780538303479458,3.1780538303479458,3.2188758248682006,3.6635616461296463,10,0.5000000000000001,-0.8660254037844386,0,3.188463555765254,3.168986625733089,3.2697709932975503,0.2607527153992185,0.2587299443281552,0.24576239152651405,0,0,1,2025-12-19T16:19:53.354350,3.1686823
2017-10-08,8,6,0.6234898018587334,-0.7818314824680299,281,0.12447926388678869,-0.9922222094179324,4,50,0,1,True,1,3.4339872044851463,3.4339872044851463,3.367295829986474,3.4339872044851463,3.1780538303479458,3.1780538303479458,3.2188758248682006,3.6635616461296463,10,0.5000000000000001,-0.8660254037844386,0,3.188463555765254,3.168986625733089,3.2697709932975503,0.2607527153992185,0.2587299443281552,0.24576239152651405,0,0,1,2025-12-19T16:19:53.381352,3.284954
2017-10-10,10,1,0.6234898018587336,0.7818314824680298,283,0.15855938510313475,-0.9873494423939864,2,49,0,1,False,1,3.4339872044851463,3.4339872044851463,3.367295829986474,3.4339872044851463,3.1780538303479458,3.1780538303479458,3.2188758248682006,3.6635616461296463,10,0.5000000000000001,-0.8660254037844386,0,3.188463555765254,3.168986625733089,3.2697709932975503,0.2607527153992185,0.2587299443281552,0.24576239152651405,0,0,1,2025-12-19T16:19:53.401350,3.0499988
2017-10-11,11,2,-0.22252093395631434,0.9749279121818236,284,0.17553149042142777,-0.9844738167520923,1,0,0,0,False,1,3.4339872044851463,3.4339872044851463,3.367295829986474,3.4339872044851463,3.1780538303479458,3.1780538303479458,3.2188758248682006,3.6635616461296463,10,0.5000000000000001,-0.8660254037844386,0,3.188463555765254,3.168986625733089,3.2697709932975503,0.2607527153992202,0.2587299443281496,0.24576239152649595,0,0,1,2025-12-19T16:19:55.290845,3.0489938259124756
2017-10-13,13,4,-0.9009688679024191,-0.433883739117558,286,0.20931464596304888,-0.9778483415056567,20,0,0,0,False,1,3.4339872044851463,3.4339872044851463,3.367295829986474,3.4339872044851463,3.1780538303479458,3.1780538303479458,3.2188758248682006,3.6635616461296463,10,0.5000000000000001,-0.8660254037844386,0,3.188463555765254,3.168986625733089,3.2697709932975503,0.2607527153992202,0.2587299443281496,0.24576239152649595,0,0,1,2025-12-19T16:19:55.520845,3.1949236392974854
2017-10-15,15,6,0.6234898018587334,-0.7818314824680299,288,0.2428497220959358,-0.970063921851507,18,0,0,0,True,1,3.4339872044851463,3.4339872044851463,3.367295829986474,3.4339872044851463,3.1780538303479458,3.1780538303479458,3.2188758248682006,3.6635616461296463,10,0.5000000000000001,-0.8660254037844386,0,3.188463555765254,3.168986625733089,3.2697709932975503,0.2607527153992202,0.2587299443281496,0.24576239152649595,0,0,1,2025-12-19T16:19:55.577848,3.3025829792022705
2017-10-12,12,3,-0.900968867902419,0.43388373911755823,285,0.19245158197082995,-0.9813064702716093,0,41,1,0,False,1,3.4339872044851463,3.4339872044851463,3.367295829986474,3.4339872044851463,3.1780538303479458,3.1780538303479458,3.2188758248682006,3.6635616461296463,10,0.5000000000000001,-0.8660254037844386,0,3.188463555765254,3.168986625733089,3.2697709932975503,0.2607527153992185,0.2587299443281552,0.24576239152651405,0,0,1,2025-12-19T16:19:55.617844,3.1187687
2017-10-14,14,5,-0.2225209339563146,-0.9749279121818236,287,0.22611568550828803,-0.9741004551724206,19,25,0,0,True,1,3.4339872044851463,3.4339872044851463,3.367295829986474,3.4339872044851463,3.1780538303479458,3.1780538303479458,3.2188758248682006,3.6635616461296463,10,0.5000000000000001,-0.8660254037844386,0,3.188463555765254,3.168986625733089,3.2697709932975503,0.2607527153992185,0.2587299443281552,0.24576239152651405,0,0,1,2025-12-19T16:19:55.643880,3.2501113
2017-10-16,16,0,1.0,0.0,289,0.25951179706979943,-0.965739937654855,17,17,0,0,False,1,3.4339872044851463,3.4339872044851463,3.367295829986474,3.4339872044851463,3.1780538303479458,3.1780538303479458,3.2188758248682006,3.6635616461296463,10,0.5000000000000001,-0.8660254037844386,0,3.188463555765254,3.168986625733089,3.2697709932975503,0.2607527153992185,0.2587299443281552,0.24576239152651405,0,0,1,2025-12-19T16:19:57.407927,2.9348493
2017-10-17,17,1,0.6234898018587336,0.7818314824680298,290,0.27609697309746883,-0.9611297838723007,16,0,0,0,False,1,3.4339872044851463,3.4339872044851463,3.367295829986474,3.4339872044851463,3.1780538303479458,3.1780538303479458,3.2188758248682006,3.6635616461296463,10,0.5000000000000001,-0.8660254037844386,0,3.188463555765254,3.168986625733089,3.2697709932975503,0.2607527153992202,0.2587299443281496,0.24576239152649595,0,0,1,2025-12-19T16:19:57.631711,3.0716702938079834
2017-10-19,19,3,-0.900968867902419,0.43388373911755823,292,0.30901699437494723,-0.9510565162951536,14,0,0,0,False,1,3.4339872044851463,3.4339872044851463,3.367295829986474,3.4339872044851463,3.1780538303479458,3.1780538303479458,3.2188758248682006,3.6635616461296463,10,0.5000000000000001,-0.8660254037844386,0,3.188463555765254,3.168986625733089,3.2697709932975503,0.2607527153992202,0.2587299443281496,0.24576239152649595,0,0,1,2025-12-19T16:19:57.713844,3.1473381519317627
2017-10-18,18,2,-0.22252093395631434,0.9749279121818236,291,0.2926003356333479,-0.9562348265919058,15,43,0,0,False,1,3.4339872044851463,3.4339872044851463,3.367295829986474,3.4339872044851463,3.1780538303479458,3.1780538303479458,3.2188758248682006,3.6635616461296463,10,0.5000000000000001,-0.8660254037844386,0,3.188463555765254,3.168986625733089,3.2697709932975503,0.2607527153992185,0.2587299443281552,0.24576239152651405,0,0,1,2025-12-19T16:19:57.777835,3.076759
2017-10-20,20,4,-0.9009688679024191,-0.433883739117558,293,0.3253420847119795,-0.9455963874271428,13,3,0,0,False,1,3.4339872044851463,3.4339872044851463,3.367295829986474,3.4339872044851463,3.1780538303479458,3.1780538303479458,3.2188758248682006,3.6635616461296463,10,0.5000000000000001,-0.8660254037844386,13,3.188463555765254,3.168986625733089,3.2697709932975503,0.2607527153992185,0.2587299443281552,0.24576239152651405,0,0,1,2025-12-19T16:19:57.815134,3.208409
2017-10-21,21,5,-0.2225209339563146,-0.9749279121818236,294,0.341570769167856,-0.9398560579418953,12,0,0,0,True,1,3.4339872044851463,3.4339872044851463,3.367295829986474,3.4339872044851463,3.1780538303479458,3.1780538303479458,3.2188758248682006,3.6635616461296463,10,0.5000000000000001,-0.8660254037844386,0,3.188463555765254,3.168986625733089,3.2697709932975503,0.2607527153992202,0.2587299443281496,0.24576239152649595,0,0,1,2025-12-19T16:19:59.507832,3.281365156173706
2017-10-22,22,6,0.6234898018587334,-0.7818314824680299,295,0.35769823883312546,-0.9338372288229252,11,25,0,0,True,1,3.4339872044851463,3.4339872044851463,3.367295829986474,3.4339872044851463,3.1780538303479458,3.1780538303479458,3.2188758248682006,3.6635616461296463,10,0.5000000000000001,-0.8660254037844386,0,3.188463555765254,3.168986625733089,3.2697709932975503,0.2607527153992185,0.2587299443281552,0.24576239152651405,0,0,1,2025-12-19T16:19:59.776828,3.327486
2017-10-23,23,0,1.0,0.0,296,0.3737197147904692,-0.9275416835791965,10,0,0,0,False,1,3.4339872044851463,3.4339872044851463,3.367295829986474,3.4339872044851463,3.1780538303479458,3.1780538303479458,3.2188758248682006,3.6635616461296463,10,0.5000000000000001,-0.8660254037844386,0,3.188463555765254,3.168986625733089,3.2697709932975503,0.2607527153992202,0.2587299443281496,0.24576239152649595,0,0,1,2025-12-19T16:19:59.855937,2.954897880554199
2017-10-25,25,2,-0.22252093395631434,0.9749279121818236,298,0.4054257283599973,-0.9141279881853337,8,0,0,0,False,1,3.4339872044851463,3.4339872044851463,3.367295829986474,3.4339872044851463,3.1780538303479458,3.1780538303479458,3.2188758248682006,3.6635616461296463,10,0.5000000000000001,-0.8660254037844386,0,3.188463555765254,3.168986625733089,3.2697709932975503,0.2607527153992202,0.2587299443281496,0.24576239152649595,0,0,1,2025-12-19T16:19:59.951111,3.0957858562469482
2017-10-24,24,1,0.6234898018587336,0.7818314824680298,297,0.38963044953078774,-0.9209712877166347,9,40,0,0,False,1,3.4339872044851463,3.4339872044851463,3.367295829986474,3.4339872044851463,3.1780538303479458,3.1780538303479458,3.2188758248682006,3.6635616461296463,10,0.5000000000000001,-0.8660254037844386,0,3.188463555765254,3.168986625733089,3.2697709932975503,0.2607527153992185,0.2587299443281552,0.24576239152651405,0,0,1,2025-12-19T16:20:00.033176,3.094256
2017-10-26,26,3,-0.900968867902419,0.43388373911755823,299,0.42110087079608916,-0.9070138128026362,7,40,0,0,False,1,3.4339872044851463,3.4339872044851463,3.367295829986474,3.4339872044851463,3.1780538303479458,3.1780538303479458,3.2188758248682006,3.6635616461296463,10,0.5000000000000001,-0.8660254037844386,0,3.188463555765254,3.168986625733089,3.2697709932975503,0.2607527153992185,0.2587299443281552,0.24576239152651405,0,0,1,2025-12-19T16:20:01.636994,3.1639893
2017-10-27,27,4,-0.9009688679024191,-0.433883739117558,300,0.4366512319560638,-0.8996308696522434,6,0,0,0,False,1,3.4339872044851463,3.4339872044851463,3.367295829986474,3.4339872044851463,3.1780538303479458,3.1780538303479458,3.2188758248682006,3.6635616461296463,10,0.5000000000000001,-0.8660254037844386,0,3.188463555765254,3.168986625733089,3.2697709932975503,0.2607527153992202,0.2587299443281496,0.24576239152649595,0,0,1,2025-12-19T16:20:01.911648,3.23266863822937
2017-10-28,28,5,-0.2225209339563146,-0.9749279121818236,301,0.45207220393230374,-0.8919813464595487,5,48,0,0,True,1,3.4339872044851463,3.4339872044851463,3.367295829986474,3.4339872044851463,3.1780538303479458,3.1780538303479458,3.2188758248682006,3.6635616461296463,10,0.5000000000000001,-0.8660254037844386,0,3.188463555765254,3.168986625733089,3.2697709932975503,0.2607527153992185,0.2587299443281552,0.24576239152651405,0,0,1,2025-12-19T16:20:01.974760,3.2943325
2017-10-29,29,6,0.6234898018587334,-0.7818314824680299,302,0.46735921715800205,-0.8840675099433637,4,0,0,0,True,1,3.4339872044851463,3.4339872044851463,3.367295829986474,3.4339872044851463,3.1780538303479458,3.1780538303479458,3.2188758248682006,3.6635616461296463,10,0.5000000000000001,-0.8660254037844386,0,3.188463555765254,3.168986625733089,3.2697709932975503,0.2607527153992202,0.2587299443281496,0.24576239152649595,0,0,1,2025-12-19T16:20:02.030375,3.344815254211426
2017-10-30,30,0,1.0,0.0,303,0.48250774176121763,-0.8758917051442433,3,43,0,0,False,1,3.4339872044851463,3.4339872044851463,3.367295829986474,3.4339872044851463,3.1780538303479458,3.1780538303479458,3.2188758248682006,3.6635616461296463,10,0.5000000000000001,-0.8660254037844386,0,3.188463555765254,3.168986625733089,3.2697709932975503,0.2607527153992185,0.2587299443281552,0.24576239152651405,0,0,1,2025-12-19T16:20:02.112946,2.9738324
2017-10-31,31,1,0.6234898018587336,0.7818314824680298,304,0.4975132889071803,-0.8674563547295971,2,0,0,0,False,1,3.4339872044851463,3.4339872044851463,3.367295829986474,3.4339872044851463,3.1780538303479458,3.1780538303479458,3.2188758248682006,3.6635616461296463,10,0.5000000000000001,-0.8660254037844386,0,3.188463555765254,3.168986625733089,3.2697709932975503,0.2607527153992202,0.2587299443281496,0.24576239152649595,0,0,1,2025-12-19T16:20:03.735605,3.112278938293457
2017-11-02,2,3,-0.900968867902419,0.43388373911755823,306,0.5270777086423724,-0.8498170915275277,0,0,1,1,False,1,3.4339872044851463,3.4339872044851463,3.367295829986474,3.4339872044851463,3.1780538303479458,3.1780538303479458,3.2188758248682006,3.6635616461296463,11,0.8660254037844384,-0.5000000000000004,0,3.188463555765254,3.168986625733089,3.2697709932975503,0.2607527153992202,0.2587299443281496,0.24576239152649595,0,0,1,2025-12-19T16:20:04.113521,3.2517151832580566
2017-11-01,1,2,-0.22252093395631434,0.9749279121818236,305,0.5123714121284235,-0.858763958275803,1,19,0,1,False,1,3.4339872044851463,3.4339872044851463,3.367295829986474,3.4339872044851463,3.1780538303479458,3.1780538303479458,3.2188758248682006,3.6635616461296463,11,0.8660254037844384,-0.5000000000000004,0,3.188463555765254,3.168986625733089,3.2697709932975503,0.2607527153992185,0.2587299443281552,0.24576239152651405,0,0,1,2025-12-19T16:20:04.118521,3.1883695
2017-11-03,3,4,-0.9009688679024191,-0.433883739117558,307,0.5416278206559811,-0.8406184056344783,12,49,0,1,False,1,3.4339872044851463,3.4339872044851463,3.367295829986474,3.4339872044851463,3.1780538303479458,3.1780538303479458,3.2188758248682006,3.6635616461296463,11,0.8660254037844384,-0.5000000000000004,0,3.188463555765254,3.168986625733089,3.2697709932975503,0.2607527153992185,0.2587299443281552,0.24576239152651405,0,0,1,2025-12-19T16:20:04.191785,3.3177433
2017-11-04,4,5,-0.2225209339563146,-0.9749279121818236,308,0.5560174366570446,-0.8311706263658079,11,0,0,1,True,1,3.4339872044851463,3.4339872044851463,3.367295829986474,3.4339872044851463,3.1780538303479458,3.1780538303479458,3.2188758248682006,3.6635616461296463,11,0.8660254037844384,-0.5000000000000004,0,3.188463555765254,3.168986625733089,3.2697709932975503,0.2607527153992202,0.2587299443281496,0.24576239152649595,0,0,1,2025-12-19T16:20:04.210751,3.3713583946228027
2017-11-05,5,6,0.6234898018587334,-0.7818314824680299,309,0.5702422926917867,-0.8214765533024145,10,4,0,1,True,1,3.4339872044851463,3.4339872044851463,3.367295829986474,3.4339872044851463,3.1780538303479458,3.1780538303479458,3.2188758248682006,3.6635616461296463,11,0.8660254037844384,-0.5000000000000004,12,3.188463555765254,3.168986625733089,3.2697709932975503,0.2607527153992185,0.2587299443281552,0.24576239152651405,0,0,1,2025-12-19T16:20:05.849713,3.4115648
2017-11-06,6,0,1.0,0.0,310,0.5842981736283683,-0.8115390590073611,9,0,0,1,False,1,3.4339872044851463,3.4339872044851463,3.367295829986474,3.4339872044851463,3.1780538303479458,3.1780538303479458,3.2188758248682006,3.6635616461296463,11,0.8660254037844384,-0.5000000000000004,0,3.188463555765254,3.168986625733089,3.2697709932975503,0.2607527153992202,0.2587299443281496,0.24576239152649595,0,0,1,2025-12-19T16:20:06.224664,3.0401782989501953
2017-11-08,8,2,-0.22252093395631434,0.9749279121818236,312,0.6118864012687242,-0.7909456567567774,7,0,0,1,False,1,3.4339872044851463,3.4339872044851463,3.367295829986474,3.4339872044851463,3.1780538303479458,3.1780538303479458,3.2188758248682006,3.6635616461296463,11,0.8660254037844384,-0.5000000000000004,0,3.188463555765254,3.168986625733089,3.2697709932975503,0.2607527153992202,0.2587299443281496,0.24576239152649595,0,0,1,2025-12-19T16:20:06.320669,3.173156261444092
2017-11-07,7,1,0.6234898018587336,0.7818314824680298,311,0.5981809144059158,-0.801361088174677,8,39,0,1,False,1,3.4339872044851463,3.4339872044851463,3.367295829986474,3.4339872044851463,3.1780538303479458,3.1780538303479458,3.2188758248682006,3.6635616461296463,11,0.8660254037844384,-0.5000000000000004,0,3.188463555765254,3.168986625733089,3.2697709932975503,0.2607527153992185,0.2587299443281552,0.24576239152651405,0,0,1,2025-12-19T16:20:06.350665,3.175934
2017-11-09,9,3,-0.900968867902419,0.43388373911755823,313,0.6254105729852457,-0.780295851070776,6,45,0,1,False,1,3.4339872044851463,3.4339872044851463,3.367295829986474,3.4339872044851463,3.1780538303479458,3.1780538303479458,3.2188758248682006,3.6635616461296463,11,0.8660254037844384,-0.5000000000000004,0,3.188463555765254,3.168986625733089,3.2697709932975503,0.2607527153992185,0.2587299443281552,0.24576239152651405,0,0,1,2025-12-19T16:20:06.391666,3.2411783
2017-11-10,10,4,-0.9009688679024191,-0.433883739117558,314,0.6387494220515268,-0.7694148268839381,5,0,0,1,False,1,3.4339872044851463,3.4339872044851463,3.367295829986474,3.4339872044851463,3.1780538303479458,3.1780538303479458,3.2188758248682006,3.6635616461296463,11,0.8660254037844384,-0.5000000000000004,0,3.188463555765254,3.168986625733089,3.2697709932975503,0.2607527153992202,0.2587299443281496,0.24576239152649595,0,0,1,2025-12-19T16:20:07.923991,3.3075037002563477
2017-11-11,11,5,-0.2225209339563146,-0.9749279121818236,315,0.6518989958787125,-0.7583058084785625,4,25,0,0,True,1,3.4339872044851463,3.4339872044851463,3.367295829986474,3.4339872044851463,3.1780538303479458,3.1780538303479458,3.2188758248682006,3.6635616461296463,11,0.8660254037844384,-0.5000000000000004,0,3.188463555765254,3.168986625733089,3.2697709932975503,0.2607527153992185,0.2587299443281552,0.24576239152651405,0,0,1,2025-12-19T16:20:08.351195,3.3637578
2017-11-12,12,6,0.6234898018587334,-0.7818314824680299,316,0.6648553979642866,-0.7469720876965551,3,0,0,0,True,1,3.4339872044851463,3.4339872044851463,3.367295829986474,3.4339872044851463,3.1780538303479458,3.1780538303479458,3.2188758248682006,3.6635616461296463,11,0.8660254037844384,-0.5000000000000004,0,3.188463555765254,3.168986625733089,3.2697709932975503,0.2607527153992202,0.2587299443281496,0.24576239152649595,0,0,1,2025-12-19T16:20:08.395811,3.4094326496124268
2017-11-13,13,0,1.0,0.0,317,0.6776147890466887,-0.7354170229639858,2,48,0,0,False,1,3.4339872044851463,3.4339872044851463,3.367295829986474,3.4339872044851463,3.1780538303479458,3.1780538303479458,3.2188758248682006,3.6635616461296463,11,0.8660254037844384,-0.5000000000000004,0,3.188463555765254,3.168986625733089,3.2697709932975503,0.2607527153992185,0.2587299443281552,0.24576239152651405,0,0,1,2025-12-19T16:20:08.457839,3.033099
2017-11-14,14,1,0.6234898018587336,0.7818314824680298,318,0.690173388242972,-0.7236440382959124,1,0,0,0,False,1,3.4339872044851463,3.4339872044851463,3.367295829986474,3.4339872044851463,3.1780538303479458,3.1780538303479458,3.2188758248682006,3.6635616461296463,11,0.8660254037844384,-0.5000000000000004,0,3.188463555765254,3.168986625733089,3.2697709932975503,0.2607527153992202,0.2587299443281496,0.24576239152649595,0,0,1,2025-12-19T16:20:08.500811,3.174826145172119
2017-11-15,15,2,-0.22252093395631434,0.9749279121818236,319,0.7025274741691566,-0.711656622281775,0,45,1,0,False,1,3.4339872044851463,3.4339872044851463,3.367295829986474,3.4339872044851463,3.1780538303479458,3.1780538303479458,3.2188758248682006,3.6635616461296463,11,0.8660254037844384,-0.5000000000000004,0,3.188463555765254,3.168986625733089,3.2697709932975503,0.2607527153992185,0.2587299443281552,0.24576239152651405,0,0,1,2025-12-19T16:20:10.051106,3.178123
2017-11-16,16,3,-0.900968867902419,0.43388373911755823,320,0.7146733860429608,-0.6994583270516471,39,0,0,0,False,1,3.4339872044851463,3.4339872044851463,3.367295829986474,3.4339872044851463,3.1780538303479458,3.1780538303479458,3.2188758248682006,3.6635616461296463,11,0.8660254037844384,-0.5000000000000004,0,3.188463555765254,3.168986625733089,3.2697709932975503,0.2607527153992202,0.2587299443281496,0.24576239152649595,0,0,1,2025-12-19T16:20:10.426568,3.2438907623291016
2017-11-17,17,4,-0.9009688679024191,-0.433883739117558,321,0.7266075247685652,-0.6870527672236675,38,48,0,0,False,1,3.4339872044851463,3.4339872044851463,3.367295829986474,3.4339872044851463,3.1780538303479458,3.1780538303479458,3.2188758248682006,3.6635616461296463,11,0.8660254037844384,-0.5000000000000004,0,3.188463555765254,3.168986625733089,3.2697709932975503,0.2607527153992185,0.2587299443281552,0.24576239152651405,0,0,1,2025-12-19T16:20:10.506082,3.3102784
2017-11-18,18,5,-0.2225209339563146,-0.9749279121818236,322,0.7383263540031063,-0.6744436188329457,37,0,0,0,True,1,3.4339872044851463,3.4339872044851463,3.367295829986474,3.4339872044851463,3.1780538303479458,3.1780538303479458,3.2188758248682006,3.6635616461296463,11,0.8660254037844384,-0.5000000000000004,0,3.188463555765254,3.168986625733089,3.2697709932975503,0.2607527153992202,0.2587299443281496,0.24576239152649595,0,0,1,2025-12-19T16:20:10.554103,3.364459753036499
2017-11-19,19,6,0.6234898018587334,-0.7818314824680299,323,0.749826401204568,-0.661634618242279,36,49,0,0,True,1,3.4339872044851463,3.4339872044851463,3.367295829986474,3.4339872044851463,3.1780538303479458,3.1780538303479458,3.2188758248682006,3.6635616461296463,11,0.8660254037844384,-0.5000000000000004,0,3.188463555765254,3.168986625733089,3.2697709932975503,0.2607527153992185,0.2587299443281552,0.24576239152651405,0,0,1,2025-12-19T16:20:10.619211,3.4147828
2017-11-20,20,0,1.0,0.0,324,0.7611042586607742,-0.6486295610349818,35,0,0,0,False,1,3.4339872044851463,3.4339872044851463,3.367295829986474,3.4339872044851463,3.1780538303479458,3.1780538303479458,3.2188758248682006,3.6635616461296463,11,0.8660254037844384,-0.5000000000000004,0,3.188463555765254,3.168986625733089,3.2697709932975503,0.2607527153992202,0.2587299443281496,0.24576239152649595,0,0,1,2025-12-19T16:20:12.160916,3.0430619716644287
2017-11-21,21,1,0.6234898018587336,0.7818314824680298,325,0.7721565844991641,-0.6354323008901775,34,25,0,0,False,1,3.4339872044851463,3.4339872044851463,3.367295829986474,3.4339872044851463,3.1780538303479458,3.1780538303479458,3.2188758248682006,3.6635616461296463,11,0.8660254037844384,-0.5000000000000004,0,3.188463555765254,3.168986625733089,3.2697709932975503,0.2607527153992185,0.2587299443281552,0.24576239152651405,0,0,1,2025-12-19T16:20:12.533576,3.181071
2017-11-22,22,2,-0.22252093395631434,0.9749279121818236,326,0.7829801036770624,-0.622046748440868,33,0,0,0,False,1,3.4339872044851463,3.4339872044851463,3.367295829986474,3.4339872044851463,3.1780538303479458,3.1780538303479458,3.2188758248682006,3.6635616461296463,11,0.8660254037844384,-0.5000000000000004,0,3.188463555765254,3.168986625733089,3.2697709932975503,0.2607527153992202,0.2587299443281496,0.24576239152649595,0,0,1,2025-12-19T16:20:12.641100,3.1749539375305176
2017-11-23,23,3,-0.900968867902419,0.43388373911755823,327,0.7935716089521472,-0.6084768701151264,32,6,0,0,False,1,3.4339872044851463,3.4339872044851463,3.367295829986474,3.4339872044851463,3.1780538303479458,3.1780538303479458,3.2188758248682006,3.6635616461296463,11,0.8660254037844384,-0.5000000000000004,10,3.188463555765254,3.168986625733089,3.2697709932975503,0.2607527153992185,0.2587299443281552,0.24576239152651405,0,0,1,2025-12-19T16:20:12.709100,3.2463107
2017-11-24,24,4,-0.9009688679024191,-0.433883739117558,328,0.8039279618328208,-0.594726686960764,31,0,0,0,False,1,3.4339872044851463,3.4339872044851463,3.367295829986474,3.4339872044851463,3.1780538303479458,3.1780538303479458,3.2188758248682006,3.6635616461296463,11,0.8660254037844384,-0.5000000000000004,0,3.188463555765254,3.168986625733089,3.2697709932975503,0.2607527153992202,0.2587299443281496,0.24576239152649595,0,0,1,2025-12-19T16:20:12.747099,3.3138930797576904
2017-11-25,25,5,-0.2225209339563146,-0.9749279121818236,329,0.8140460935082175,-0.5808002734538013,30,43,0,0,True,1,3.4339872044851463,3.4339872044851463,3.367295829986474,3.4339872044851463,3.1780538303479458,3.1780538303479458,3.2188758248682006,3.6635616461296463,11,0.8660254037844384,-0.5000000000000004,0,3.188463555765254,3.168986625733089,3.2697709932975503,0.2607527153992185,0.2587299443281552,0.24576239152651405,0,0,1,2025-12-19T16:20:14.274928,3.3620124
2017-11-26,26,6,0.6234898018587334,-0.7818314824680299,330,0.8239230057575536,-0.5667017562911184,29,0,0,0,True,1,3.4339872044851463,3.4339872044851463,3.367295829986474,3.4339872044851463,3.1780538303479458,3.1780538303479458,3.2188758248682006,3.6635616461296463,11,0.8660254037844384,-0.5000000000000004,0,3.188463555765254,3.168986625733089,3.2697709932975503,0.2607527153992202,0.2587299443281496,0.24576239152649595,0,0,1,2025-12-19T16:20:14.625470,3.399545192718506
2017-11-27,27,0,1.0,0.0,331,0.8335557718385695,-0.5524353131676203,28,8,0,0,False,1,3.4339872044851463,3.4339872044851463,3.367295829986474,3.4339872044851463,3.1780538303479458,3.1780538303479458,3.2188758248682006,3.6635616461296463,11,0.8660254037844384,-0.5000000000000004,8,3.188463555765254,3.168986625733089,3.2697709932975503,0.2607527153992185,0.2587299443281552,0.24576239152651405,0,0,1,2025-12-19T16:20:14.777473,3.0233648
2017-11-28,28,1,0.6234898018587336,0.7818314824680298,332,0.8429415373547832,-0.5380051715382992,27,0,0,0,False,1,3.4339872044851463,3.4339872044851463,3.367295829986474,3.4339872044851463,3.1780538303479458,3.1780538303479458,3.2188758248682006,3.6635616461296463,11,0.8660254037844384,-0.5000000000000004,0,3.188463555765254,3.168986625733089,3.2697709932975503,0.2607527153992202,0.2587299443281496,0.24576239152649595,0,0,1,2025-12-19T16:20:14.827999,3.1701998710632324
2017-11-29,29,2,-0.22252093395631434,0.9749279121818236,333,0.8520775211013093,-0.5234156073655503,26,6,0,0,False,1,3.4339872044851463,3.4339872044851463,3.367295829986474,3.4339872044851463,3.1780538303479458,3.1780538303479458,3.2188758248682006,3.6635616461296463,11,0.8660254037844384,-0.5000000000000004,10,3.188463555765254,3.168986625733089,3.2697709932975503,0.2607527153992185,0.2587299443281552,0.24576239152651405,0,0,1,2025-12-19T16:20:14.882994,3.160759
2017-11-30,30,3,-0.900968867902419,0.43388373911755823,334,0.8609610158889945,-0.5086709438521042,25,0,0,0,False,1,3.4339872044851463,3.4339872044851463,3.367295829986474,3.4339872044851463,3.1780538303479458,3.1780538303479458,3.2188758248682006,3.6635616461296463,11,0.8660254037844384,-0.5000000000000004,0,3.188463555765254,3.168986625733089,3.2697709932975503,0.2607527153992202,0.2587299443281496,0.24576239152649595,0,0,1,2025-12-19T16:20:16.376611,3.236907958984375
2017-12-01,1,4,-0.9009688679024191,-0.433883739117558,335,0.8695893893466109,-0.49377555015997737,24,3,0,1,False,1,3.4339872044851463,3.4339872044851463,3.367295829986474,3.4339872044851463,3.1780538303479458,3.1780538303479458,3.2188758248682006,3.6635616461296463,12,1.0,-2.4492935982947064e-16,13,3.188463555765254,3.168986625733089,3.2697709932975503,0.2607527153992185,0.2587299443281552,0.24576239152651405,0,0,1,2025-12-19T16:20:16.758566,3.0096395
2017-12-02,2,5,-0.2225209339563146,-0.9749279121818236,336,0.8779600847008883,-0.4787338401157883,23,0,0,1,True,1,3.4339872044851463,3.4339872044851463,3.367295829986474,3.4339872044851463,3.1780538303479458,3.1780538303479458,3.2188758248682006,3.6635616461296463,12,1.0,-2.4492935982947064e-16,0,3.188463555765254,3.168986625733089,3.2697709932975503,0.2607527153992202,0.2587299443281496,0.24576239152649595,0,0,1,2025-12-19T16:20:16.895143,3.050471544265747
2017-12-03,3,6,0.6234898018587334,-0.7818314824680299,337,0.8860706215341378,-0.4635502709028512,22,44,0,1,True,1,3.4339872044851463,3.4339872044851463,3.367295829986474,3.4339872044851463,3.1780538303479458,3.1780538303479458,3.2188758248682006,3.6635616461296463,12,1.0,-2.4492935982947064e-16,0,3.188463555765254,3.168986625733089,3.2697709932975503,0.2607527153992185,0.2587299443281552,0.24576239152651405,0,0,1,2025-12-19T16:20:16.994149,3.0839787
2017-12-04,4,0,1.0,0.0,338,0.893918596519257,-0.4482293417404106,21,0,0,1,False,1,3.4339872044851463,3.4339872044851463,3.367295829986474,3.4339872044851463,3.1780538303479458,3.1780538303479458,3.2188758248682006,3.6635616461296463,12,1.0,-2.4492935982947064e-16,0,3.188463555765254,3.168986625733089,3.2697709932975503,0.2607527153992202,0.2587299443281496,0.24576239152649595,0,0,1,2025-12-19T16:20:17.007156,2.7635443210601807
2017-12-05,5,1,0.6234898018587336,0.7818314824680298,339,0.9015016841318838,-0.4327755925504317,20,47,0,1,False,1,3.4339872044851463,3.4339872044851463,3.367295829986474,3.4339872044851463,3.1780538303479458,3.1780538303479458,3.2188758248682006,3.6635616461296463,12,1.0,-2.4492935982947064e-16,0,3.188463555765254,3.168986625733089,3.2697709932975503,0.2607527153992185,0.2587299443281552,0.24576239152651405,0,0,1,2025-12-19T16:20:18.516317,2.8759568
2017-12-06,6,2,-0.22252093395631434,0.9749279121818236,340,0.9088176373395028,-0.41719360261231697,19,0,0,1,False,1,3.4339872044851463,3.4339872044851463,3.367295829986474,3.4339872044851463,3.1780538303479458,3.1780538303479458,3.2188758248682006,3.6635616461296463,12,1.0,-2.4492935982947064e-16,0,3.188463555765254,3.168986625733089,3.2697709932975503,0.2607527153992202,0.2587299443281496,0.24576239152649595,0,0,1,2025-12-19T16:20:18.852525,2.873643159866333
2017-12-07,7,3,-0.900968867902419,0.43388373911755823,341,0.9158642882672868,-0.4014879892059737,18,5,0,1,False,1,3.4339872044851463,3.4339872044851463,3.367295829986474,3.4339872044851463,3.1780538303479458,3.1780538303479458,3.2188758248682006,3.6635616461296463,12,1.0,-2.4492935982947064e-16,10,3.188463555765254,3.168986625733089,3.2697709932975503,0.2607527153992185,0.2587299443281552,0.24576239152651405,0,0,1,2025-12-19T16:20:19.036527,2.925245
2017-12-08,8,4,-0.9009688679024191,-0.433883739117558,342,0.9226395488404875,-0.38566340624360745,17,0,0,1,False,1,3.4339872044851463,3.4339872044851463,3.367295829986474,3.4339872044851463,3.1780538303479458,3.1780538303479458,3.2188758248682006,3.6635616461296463,12,1.0,-2.4492935982947064e-16,0,3.188463555765254,3.168986625733089,3.2697709932975503,0.2607527153992202,0.2587299443281496,0.24576239152649595,0,0,1,2025-12-19T16:20:19.114940,3.023470401763916
2017-12-09,9,5,-0.2225209339563146,-0.9749279121818236,343,0.9291414114031743,-0.3697245428906732,16,32,0,1,True,1,3.4339872044851463,3.4339872044851463,3.367295829986474,3.4339872044851463,3.1780538303479458,3.1780538303479458,3.2188758248682006,3.6635616461296463,12,1.0,-2.4492935982947064e-16,0,3.188463555765254,3.168986625733089,3.2697709932975503,0.2607527153992185,0.2587299443281552,0.24576239152651405,0,0,1,2025-12-19T16:20:19.161190,3.0654373
2017-12-10,10,6,0.6234898018587334,-0.7818314824680299,344,0.935367949313148,-0.3536761221763721,15,0,0,1,True,1,3.4339872044851463,3.4339872044851463,3.367295829986474,3.4339872044851463,3.1780538303479458,3.1780538303479458,3.2188758248682006,3.6635616461296463,12,1.0,-2.4492935982947064e-16,0,3.188463555765254,3.168986625733089,3.2697709932975503,0.2607527153992202,0.2587299443281496,0.24576239152649595,0,0,1,2025-12-19T16:20:20.610324,3.115706205368042
2017-12-11,11,0,1.0,0.0,345,0.941317317512847,-0.33752289959411347,14,14,0,0,False,1,3.4339872044851463,3.4339872044851463,3.367295829986474,3.4339872044851463,3.1780538303479458,3.1780538303479458,3.2188758248682006,3.6635616461296463,12,1.0,-2.4492935982947064e-16,1,3.188463555765254,3.168986625733089,3.2697709932975503,0.2607527153992185,0.2587299443281552,0.24576239152651405,0,0,1,2025-12-19T16:20:20.981888,2.7843573
2017-12-12,12,1,0.6234898018587336,0.7818314824680298,346,0.9469877530760751,-0.32126966169236515,13,0,0,0,False,1,3.4339872044851463,3.4339872044851463,3.367295829986474,3.4339872044851463,3.1780538303479458,3.1780538303479458,3.2188758248682006,3.6635616461296463,12,1.0,-2.4492935982947064e-16,0,3.188463555765254,3.168986625733089,3.2697709932975503,0.2607527153992202,0.2587299443281496,0.24576239152649595,0,0,1,2025-12-19T16:20:21.144020,2.912367820739746
2017-12-14,14,3,-0.900968867902419,0.43388373911755823,348,0.9574851883550389,-0.2884824328806098,11,0,0,0,False,1,3.4339872044851463,3.4339872044851463,3.367295829986474,3.4339872044851463,3.1780538303479458,3.1780538303479458,3.2188758248682006,3.6635616461296463,12,1.0,-2.4492935982947064e-16,0,3.188463555765254,3.168986625733089,3.2697709932975503,0.2607527153992202,0.2587299443281496,0.24576239152649595,0,0,1,2025-12-19T16:20:21.264573,2.977350950241089
2017-12-13,13,2,-0.22252093395631434,0.9749279121818236,347,0.9523775757303973,-0.3049212246562894,12,49,0,0,False,1,3.4339872044851463,3.4339872044851463,3.367295829986474,3.4339872044851463,3.1780538303479458,3.1780538303479458,3.2188758248682006,3.6635616461296463,12,1.0,-2.4492935982947064e-16,0,3.188463555765254,3.168986625733089,3.2697709932975503,0.2607527153992185,0.2587299443281552,0.24576239152651405,0,0,1,2025-12-19T16:20:21.286600,2.9129925
2017-12-15,15,4,-0.9009688679024191,-0.433883739117558,349,0.9623090774541487,-0.27195815753410524,10,25,0,0,False,1,3.4339872044851463,3.4339872044851463,3.367295829986474,3.4339872044851463,3.1780538303479458,3.1780538303479458,3.2188758248682006,3.6635616461296463,12,1.0,-2.4492935982947064e-16,0,3.188463555765254,3.168986625733089,3.2697709932975503,0.2607527153992185,0.2587299443281552,0.24576239152651405,0,0,1,2025-12-19T16:20:22.734350,3.0694947
2017-12-16,16,5,-0.2225209339563146,-0.9749279121818236,350,0.9668478136052773,-0.2553532951161881,9,0,0,0,True,1,3.4339872044851463,3.4339872044851463,3.367295829986474,3.4339872044851463,3.1780538303479458,3.1780538303479458,3.2188758248682006,3.6635616461296463,12,1.0,-2.4492935982947064e-16,0,3.188463555765254,3.168986625733089,3.2697709932975503,0.2607527153992202,0.2587299443281496,0.24576239152649595,0,0,1,2025-12-19T16:20:23.087131,3.117666721343994
2017-12-17,17,6,0.6234898018587334,-0.7818314824680299,351,0.9711000518829505,-0.23867276600594997,8,44,0,0,True,1,3.4339872044851463,3.4339872044851463,3.367295829986474,3.4339872044851463,3.1780538303479458,3.1780538303479458,3.2188758248682006,3.6635616461296463,12,1.0,-2.4492935982947064e-16,0,3.188463555765254,3.168986625733089,3.2697709932975503,0.2607527153992185,0.2587299443281552,0.24576239152651405,0,0,1,2025-12-19T16:20:23.282495,3.1606164
2017-12-18,18,0,1.0,0.0,352,0.9750645322571945,-0.22192151300416674,7,0,0,0,False,1,3.4339872044851463,3.4339872044851463,3.367295829986474,3.4339872044851463,3.1780538303479458,3.1780538303479458,3.2188758248682006,3.6635616461296463,12,1.0,-2.4492935982947064e-16,0,3.188463555765254,3.168986625733089,3.2697709932975503,0.2607527153992202,0.2587299443281496,0.24576239152649595,0,0,1,2025-12-19T16:20:23.371105,2.836435079574585
2017-12-19,19,1,0.6234898018587336,0.7818314824680298,353,0.9787400799669153,-0.20510449986861926,6,45,0,0,False,1,3.4339872044851463,3.4339872044851463,3.367295829986474,3.4339872044851463,3.1780538303479458,3.1780538303479458,3.2188758248682006,3.6635616461296463,12,1.0,-2.4492935982947064e-16,0,3.188463555765254,3.168986625733089,3.2697709932975503,0.2607527153992185,0.2587299443281552,0.24576239152651405,0,0,1,2025-12-19T16:20:23.424105,2.9505367
2017-12-20,20,2,-0.22252093395631434,0.9749279121818236,354,0.9821256058680006,-0.1882267098432439,5,0,0,0,False,1,3.4339872044851463,3.4339872044851463,3.367295829986474,3.4339872044851463,3.1780538303479458,3.1780538303479458,3.2188758248682006,3.6635616461296463,12,1.0,-2.4492935982947064e-16,0,3.188463555765254,3.168986625733089,3.2697709932975503,0.2607527153992202,0.2587299443281496,0.24576239152649595,0,0,1,2025-12-19T16:20:24.822968,2.952674388885498
2017-12-21,21,3,-0.900968867902419,0.43388373911755823,355,0.9852201067560606,-0.1712931441814778,4,50,0,0,False,1,3.4339872044851463,3.4339872044851463,3.367295829986474,3.4339872044851463,3.1780538303479458,3.1780538303479458,3.2188758248682006,3.6635616461296463,12,1.0,-2.4492935982947064e-16,0,3.188463555765254,3.168986625733089,3.2697709932975503,0.2607527153992185,0.2587299443281552,0.24576239152651405,0,0,1,2025-12-19T16:20:25.226698,3.0168176
2017-12-22,22,4,-0.9009688679024191,-0.433883739117558,356,0.9880226656636976,-0.154308820664281,3,0,0,0,False,1,3.4339872044851463,3.4339872044851463,3.367295829986474,3.4339872044851463,3.1780538303479458,3.1780538303479458,3.2188758248682006,3.6635616461296463,12,1.0,-2.4492935982947064e-16,0,3.188463555765254,3.168986625733089,3.2697709932975503,0.2607527153992202,0.2587299443281496,0.24576239152649595,0,0,1,2025-12-19T16:20:25.436722,3.1036102771759033
2017-12-24,24,6,0.6234898018587334,-0.7818314824680299,358,0.9927487224577402,-0.12020804489935275,1,0,0,0,True,1,3.4339872044851463,3.4339872044851463,3.367295829986474,3.4339872044851463,3.1780538303479458,3.1780538303479458,3.2188758248682006,3.6635616461296463,12,1.0,-2.4492935982947064e-16,0,3.188463555765254,3.168986625733089,3.2697709932975503,0.2607527153992202,0.2587299443281496,0.24576239152649595,0,0,1,2025-12-19T16:20:25.614746,3.2109391689300537
2017-12-23,23,5,-0.2225209339563146,-0.9749279121818236,357,0.9905324521322227,-0.13727877211326517,2,24,0,0,True,1,3.4339872044851463,3.4339872044851463,3.367295829986474,3.4339872044851463,3.1780538303479458,3.1780538303479458,3.2188758248682006,3.6635616461296463,12,1.0,-2.4492935982947064e-16,0,3.188463555765254,3.168986625733089,3.2697709932975503,0.2607527153992185,0.2587299443281552,0.24576239152651405,0,0,1,2025-12-19T16:20:25.750283,3.1383255
2017-12-25,25,0,1.0,0.0,359,0.9946708199115211,-0.10310169744743544,0,18,1,0,False,1,3.4339872044851463,3.4339872044851463,3.367295829986474,3.4339872044851463,3.1780538303479458,3.1780538303479458,3.2188758248682006,3.6635616461296463,12,1.0,-2.4492935982947064e-16,0,3.188463555765254,3.168986625733089,3.2697709932975503,0.2607527153992185,0.2587299443281552,0.24576239152651405,0,0,1,2025-12-19T16:20:26.995112,2.8783362
2017-12-26,26,1,0.6234898018587336,0.7818314824680298,360,0.9962981749346077,-0.0859647987374467,6,0,0,0,False,1,3.4339872044851463,3.4339872044851463,3.367295829986474,3.4339872044851463,3.1780538303479458,3.1780538303479458,3.2188758248682006,3.6635616461296463,12,1.0,-2.4492935982947064e-16,0,3.188463555765254,3.168986625733089,3.2697709932975503,0.2607527153992202,0.2587299443281496,0.24576239152649595,0,0,1,2025-12-19T16:20:27.368332,2.9890758991241455
2017-12-27,27,2,-0.22252093395631434,0.9749279121818236,361,0.9976303053065857,-0.06880242680232064,5,40,0,0,False,1,3.4339872044851463,3.4339872044851463,3.367295829986474,3.4339872044851463,3.1780538303479458,3.1780538303479458,3.2188758248682006,3.6635616461296463,12,1.0,-2.4492935982947064e-16,0,3.188463555765254,3.168986625733089,3.2697709932975503,0.2607527153992185,0.2587299443281552,0.24576239152651405,0,0,1,2025-12-19T16:20:27.613353,2.9887297
2017-12-28,28,3,-0.900968867902419,0.43388373911755823,362,0.9986668162884759,-0.05161966722325418,4,0,0,0,False,1,3.4339872044851463,3.4339872044851463,3.367295829986474,3.4339872044851463,3.1780538303479458,3.1780538303479458,3.2188758248682006,3.6635616461296463,12,1.0,-2.4492935982947064e-16,0,3.188463555765254,3.168986625733089,3.2697709932975503,0.2607527153992202,0.2587299443281496,0.24576239152649595,0,0,1,2025-12-19T16:20:27.729390,3.0597984790802
2017-12-29,29,4,-0.9009688679024191,-0.433883739117558,363,0.9994074007397048,-0.034421611622745804,3,26,0,0,False,1,3.4339872044851463,3.4339872044851463,3.367295829986474,3.4339872044851463,3.1780538303479458,3.1780538303479458,3.2188758248682006,3.6635616461296463,12,1.0,-2.4492935982947064e-16,0,3.188463555765254,3.168986625733089,3.2697709932975503,0.2607527153992185,0.2587299443281552,0.24576239152651405,0,0,1,2025-12-19T16:20:27.941589,3.1414025
2017-12-30,30,5,-0.2225209339563146,-0.9749279121818236,364,0.9998518392091162,-0.01721335615583528,2,0,0,0,True,1,3.4339872044851463,3.4339872044851463,3.367295829986474,3.4339872044851463,3.1780538303479458,3.1780538303479458,3.2188758248682006,3.6635616461296463,12,1.0,-2.4492935982947064e-16,0,3.188463555765254,3.168986625733089,3.2697709932975503,0.2607527153992202,0.2587299443281496,0.24576239152649595,0,0,1,2025-12-19T16:20:29.070408,3.1882946491241455
2017-12-31,31,6,0.6234898018587334,-0.7818314824680299,365,1.0,6.432490598706546e-16,1,26,0,0,True,1,3.4339872044851463,3.4339872044851463,3.367295829986474,3.4339872044851463,3.1780538303479458,3.1780538303479458,3.2188758248682006,3.6635616461296463,12,1.0,-2.4492935982947064e-16,0,3.188463555765254,3.168986625733089,3.2697709932975503,0.2607527153992185,0.2587299443281552,0.24576239152651405,0,0,1,2025-12-19T16:20:29.452937,3.225722
2017-10-01,1,6,0.6234898018587334,-0.7818314824680299,274,0.004303538296243821,-0.9999907397361901,11,0,0,1,True,1,3.4965075614664802,3.871201010907891,3.7612001156935624,3.58351893845611,3.6888794541139363,3.4011973816621555,3.6635616461296463,3.8918202981106265,10,0.5000000000000001,-0.8660254037844386,0,3.5046043532928906,3.49597675653881,3.6269192361189666,0.18321705814852765,0.1770308117093312,0.20658119045696302,0,0,2,2025-12-19T16:20:29.754089,3.6206703186035156
2017-10-02,2,0,1.0,0.0,275,0.021516097436222233,-0.9997685019798909,10,26,0,1,False,1,3.4965075614664802,3.871201010907891,3.7612001156935624,3.58351893845611,3.6888794541139363,3.4011973816621555,3.6635616461296463,3.8918202981106265,10,0.5000000000000001,-0.8660254037844386,0,3.504604353292891,3.49597675653881,3.626919236118967,0.18321705814852587,0.17703081170933072,0.20658119045697218,0,0,2,2025-12-19T16:20:29.895902,3.2409375
2017-10-03,3,1,0.6234898018587336,0.7818314824680298,276,0.03872228089217399,-0.9992500112396835,9,0,0,1,False,1,3.4965075614664802,3.871201010907891,3.7612001156935624,3.58351893845611,3.6888794541139363,3.4011973816621555,3.6635616461296463,3.8918202981106265,10,0.5000000000000001,-0.8660254037844386,0,3.5046043532928906,3.49597675653881,3.6269192361189666,0.18321705814852765,0.1770308117093312,0.20658119045696302,0,0,2,2025-12-19T16:20:30.050007,3.3811569213867188
2017-10-04,4,2,-0.22252093395631434,0.9749279121818236,277,0.05591699010060302,-0.9984354211555643,8,19,0,1,False,1,3.4965075614664802,3.871201010907891,3.7612001156935624,3.58351893845611,3.6888794541139363,3.4011973816621555,3.6635616461296463,3.8918202981106265,10,0.5000000000000001,-0.8660254037844386,0,3.504604353292891,3.49597675653881,3.626919236118967,0.18321705814852587,0.17703081170933072,0.20658119045697218,0,0,2,2025-12-19T16:20:31.238962,3.3791103
2017-10-05,5,3,-0.900968867902419,0.43388373911755823,278,0.07309512989807776,-0.9973249731081555,7,0,0,1,False,1,3.4965075614664802,3.871201010907891,3.7612001156935624,3.58351893845611,3.6888794541139363,3.4011973816621555,3.6635616461296463,3.8918202981106265,10,0.5000000000000001,-0.8660254037844386,0,3.5046043532928906,3.49597675653881,3.6269192361189666,0.18321705814852765,0.1770308117093312,0.20658119045696302,0,0,2,2025-12-19T16:20:31.581539,3.456453323364258
2017-10-06,6,4,-0.9009688679024191,-0.433883739117558,279,0.0902516100310407,-0.9959189961471792,6,43,0,1,False,1,3.4965075614664802,3.871201010907891,3.7612001156935624,3.58351893845611,3.6888794541139363,3.4011973816621555,3.6635616461296463,3.8918202981106265,10,0.5000000000000001,-0.8660254037844386,0,3.504604353292891,3.49597675653881,3.626919236118967,0.18321705814852587,0.17703081170933072,0.20658119045697218,0,0,2,2025-12-19T16:20:31.894919,3.514119
2017-10-07,7,5,-0.2225209339563146,-0.9749279121818236,280,0.10738134666416306,-0.994217906893952,5,0,0,1,True,1,3.4965075614664802,3.871201010907891,3.7612001156935624,3.58351893845611,3.6888794541139363,3.4011973816621555,3.6635616461296463,3.8918202981106265,10,0.5000000000000001,-0.8660254037844386,0,3.5046043532928906,3.49597675653881,3.6269192361189666,0.18321705814852765,0.1770308117093312,0.20658119045696302,0,0,2,2025-12-19T16:20:31.949662,3.5741994380950928
2017-10-08,8,6,0.6234898018587334,-0.7818314824680299,281,0.12447926388678869,-0.9922222094179324,4,4,0,1,True,1,3.4965075614664802,3.871201010907891,3.7612001156935624,3.58351893845611,3.6888794541139363,3.4011973816621555,3.6635616461296463,3.8918202981106265,10,0.5000000000000001,-0.8660254037844386,12,3.504604353292891,3.49597675653881,3.626919236118967,0.18321705814852587,0.17703081170933072,0.20658119045697218,0,0,2,2025-12-19T16:20:32.170293,3.641425
2017-10-09,9,0,1.0,0.0,282,0.141540295217043,-0.989932495087353,3,0,0,1,False,1,3.4965075614664802,3.871201010907891,3.7612001156935624,3.58351893845611,3.6888794541139363,3.4011973816621555,3.6635616461296463,3.8918202981106265,10,0.5000000000000001,-0.8660254037844386,0,3.5046043532928906,3.49597675653881,3.6269192361189666,0.18321705814852765,0.1770308117093312,0.20658119045696302,0,0,2,2025-12-19T16:20:33.323360,3.2552826404571533
2017-10-10,10,1,0.6234898018587336,0.7818314824680298,283,0.15855938510313475,-0.9873494423939864,2,14,0,1,False,1,3.4965075614664802,3.871201010907891,3.7612001156935624,3.58351893845611,3.6888794541139363,3.4011973816621555,3.6635616461296463,3.8918202981106265,10,0.5000000000000001,-0.8660254037844386,2,3.504604353292891,3.49597675653881,3.626919236118967,0.18321705814852587,0.17703081170933072,0.20658119045697218,0,0,2,2025-12-19T16:20:33.694210,3.3954532
2017-10-11,11,2,-0.22252093395631434,0.9749279121818236,284,0.17553149042142777,-0.9844738167520923,1,0,0,0,False,1,3.4965075614664802,3.871201010907891,3.7612001156935624,3.58351893845611,3.6888794541139363,3.4011973816621555,3.6635616461296463,3.8918202981106265,10,0.5000000000000001,-0.8660254037844386,0,3.5046043532928906,3.49597675653881,3.6269192361189666,0.18321705814852765,0.1770308117093312,0.20658119045696302,0,0,2,2025-12-19T16:20:34.000643,3.3964850902557373
2017-10-12,12,3,-0.900968867902419,0.43388373911755823,285,0.19245158197082995,-0.9813064702716093,0,13,1,0,False,1,3.4965075614664802,3.871201010907891,3.7612001156935624,3.58351893845611,3.6888794541139363,3.4011973816621555,3.6635616461296463,3.8918202981106265,10,0.5000000000000001,-0.8660254037844386,3,3.504604353292891,3.49597675653881,3.626919236118967,0.18321705814852587,0.17703081170933072,0.20658119045697218,0,0,2,2025-12-19T16:20:34.065678,3.477163
2017-10-13,13,4,-0.9009688679024191,-0.433883739117558,286,0.20931464596304888,-0.9778483415056567,20,0,0,0,False,1,3.4965075614664802,3.871201010907891,3.7612001156935624,3.58351893845611,3.6888794541139363,3.4011973816621555,3.6635616461296463,3.8918202981106265,10,0.5000000000000001,-0.8660254037844386,0,3.5046043532928906,3.49597675653881,3.6269192361189666,0.18321705814852765,0.1770308117093312,0.20658119045696302,0,0,2,2025-12-19T16:20:34.305066,3.534461259841919
2017-10-14,14,5,-0.2225209339563146,-0.9749279121818236,287,0.22611568550828803,-0.9741004551724206,19,36,0,0,True,1,3.4965075614664802,3.871201010907891,3.7612001156935624,3.58351893845611,3.6888794541139363,3.4011973816621555,3.6635616461296463,3.8918202981106265,10,0.5000000000000001,-0.8660254037844386,0,3.504604353292891,3.49597675653881,3.626919236118967,0.18321705814852587,0.17703081170933072,0.20658119045697218,0,0,2,2025-12-19T16:20:35.456889,3.5887067
2017-10-15,15,6,0.6234898018587334,-0.7818314824680299,288,0.2428497220959358,-0.970063921851507,18,0,0,0,True,1,3.4965075614664802,3.871201010907891,3.7612001156935624,3.58351893845611,3.6888794541139363,3.4011973816621555,3.6635616461296463,3.8918202981106265,10,0.5000000000000001,-0.8660254037844386,0,3.5046043532928906,3.49597675653881,3.6269192361189666,0.18321705814852765,0.1770308117093312,0.20658119045696302,0,0,2,2025-12-19T16:20:35.798413,3.6509909629821777
2017-10-17,17,1,0.6234898018587336,0.7818314824680298,290,0.27609697309746883,-0.9611297838723007,16,0,0,0,False,1,3.4965075614664802,3.871201010907891,3.7612001156935624,3.58351893845611,3.6888794541139363,3.4011973816621555,3.6635616461296463,3.8918202981106265,10,0.5000000000000001,-0.8660254037844386,0,3.5046043532928906,3.49597675653881,3.6269192361189666,0.18321705814852765,0.1770308117093312,0.20658119045696302,0,0,2,2025-12-19T16:20:36.195506,3.4212610721588135
2017-10-16,16,0,1.0,0.0,289,0.25951179706979943,-0.965739937654855,17,50,0,0,False,1,3.4965075614664802,3.871201010907891,3.7612001156935624,3.58351893845611,3.6888794541139363,3.4011973816621555,3.6635616461296463,3.8918202981106265,10,0.5000000000000001,-0.8660254037844386,0,3.504604353292891,3.49597675653881,3.626919236118967,0.18321705814852587,0.17703081170933072,0.20658119045697218,0,0,2,2025-12-19T16:20:36.207499,3.2728033
2017-10-18,18,2,-0.22252093395631434,0.9749279121818236,291,0.2926003356333479,-0.9562348265919058,15,31,0,0,False,1,3.4965075614664802,3.871201010907891,3.7612001156935624,3.58351893845611,3.6888794541139363,3.4011973816621555,3.6635616461296463,3.8918202981106265,10,0.5000000000000001,-0.8660254037844386,0,3.504604353292891,3.49597675653881,3.626919236118967,0.18321705814852587,0.17703081170933072,0.20658119045697218,0,0,2,2025-12-19T16:20:36.431940,3.4192765
2017-10-19,19,3,-0.900968867902419,0.43388373911755823,292,0.30901699437494723,-0.9510565162951536,14,0,0,0,False,1,3.4965075614664802,3.871201010907891,3.7612001156935624,3.58351893845611,3.6888794541139363,3.4011973816621555,3.6635616461296463,3.8918202981106265,10,0.5000000000000001,-0.8660254037844386,0,3.5046043532928906,3.49597675653881,3.6269192361189666,0.18321705814852765,0.1770308117093312,0.20658119045696302,0,0,2,2025-12-19T16:20:37.578879,3.4998886585235596
2017-10-20,20,4,-0.9009688679024191,-0.433883739117558,293,0.3253420847119795,-0.9455963874271428,13,39,0,0,False,1,3.4965075614664802,3.871201010907891,3.7612001156935624,3.58351893845611,3.6888794541139363,3.4011973816621555,3.6635616461296463,3.8918202981106265,10,0.5000000000000001,-0.8660254037844386,0,3.504604353292891,3.49597675653881,3.626919236118967,0.18321705814852587,0.17703081170933072,0.20658119045697218,0,0,2,2025-12-19T16:20:37.962901,3.554999
2017-10-21,21,5,-0.2225209339563146,-0.9749279121818236,294,0.341570769167856,-0.9398560579418953,12,0,0,0,True,1,3.4965075614664802,3.871201010907891,3.7612001156935624,3.58351893845611,3.6888794541139363,3.4011973816621555,3.6635616461296463,3.8918202981106265,10,0.5000000000000001,-0.8660254037844386,0,3.5046043532928906,3.49597675653881,3.6269192361189666,0.18321705814852765,0.1770308117093312,0.20658119045696302,0,0,2,2025-12-19T16:20:38.334447,3.615457534790039
2017-10-22,22,6,0.6234898018587334,-0.7818314824680299,295,0.35769823883312546,-0.9338372288229252,11,35,0,0,True,1,3.4965075614664802,3.871201010907891,3.7612001156935624,3.58351893845611,3.6888794541139363,3.4011973816621555,3.6635616461296463,3.8918202981106265,10,0.5000000000000001,-0.8660254037844386,0,3.504604353292891,3.49597675653881,3.626919236118967,0.18321705814852587,0.17703081170933072,0.20658119045697218,0,0,2,2025-12-19T16:20:38.379407,3.6701906
2017-10-23,23,0,1.0,0.0,296,0.3737197147904692,-0.9275416835791965,10,0,0,0,False,1,3.4965075614664802,3.871201010907891,3.7612001156935624,3.58351893845611,3.6888794541139363,3.4011973816621555,3.6635616461296463,3.8918202981106265,10,0.5000000000000001,-0.8660254037844386,0,3.5046043532928906,3.49597675653881,3.6269192361189666,0.18321705814852765,0.1770308117093312,0.20658119045696302,0,0,2,2025-12-19T16:20:38.542155,3.2902464866638184
2017-10-24,24,1,0.6234898018587336,0.7818314824680298,297,0.38963044953078774,-0.9209712877166347,9,5,0,0,False,1,3.4965075614664802,3.871201010907891,3.7612001156935624,3.58351893845611,3.6888794541139363,3.4011973816621555,3.6635616461296463,3.8918202981106265,10,0.5000000000000001,-0.8660254037844386,11,3.504604353292891,3.49597675653881,3.626919236118967,0.18321705814852587,0.17703081170933072,0.20658119045697218,0,0,2,2025-12-19T16:20:39.695294,3.4374914
2017-10-25,25,2,-0.22252093395631434,0.9749279121818236,298,0.4054257283599973,-0.9141279881853337,8,0,0,0,False,1,3.4965075614664802,3.871201010907891,3.7612001156935624,3.58351893845611,3.6888794541139363,3.4011973816621555,3.6635616461296463,3.8918202981106265,10,0.5000000000000001,-0.8660254037844386,0,3.5046043532928906,3.49597675653881,3.6269192361189666,0.18321705814852765,0.1770308117093312,0.20658119045696302,0,0,2,2025-12-19T16:20:40.034901,3.4331796169281006
2017-10-26,26,3,-0.900968867902419,0.43388373911755823,299,0.42110087079608916,-0.9070138128026362,7,5,0,0,False,1,3.4965075614664802,3.871201010907891,3.7612001156935624,3.58351893845611,3.6888794541139363,3.4011973816621555,3.6635616461296463,3.8918202981106265,10,0.5000000000000001,-0.8660254037844386,11,3.504604353292891,3.49597675653881,3.626919236118967,0.18321705814852587,0.17703081170933072,0.20658119045697218,0,0,2,2025-12-19T16:20:40.470552,3.5118072
2017-10-27,27,4,-0.9009688679024191,-0.433883739117558,300,0.4366512319560638,-0.8996308696522434,6,0,0,0,False,1,3.4965075614664802,3.871201010907891,3.7612001156935624,3.58351893845611,3.6888794541139363,3.4011973816621555,3.6635616461296463,3.8918202981106265,10,0.5000000000000001,-0.8660254037844386,0,3.5046043532928906,3.49597675653881,3.6269192361189666,0.18321705814852765,0.1770308117093312,0.20658119045696302,0,0,2,2025-12-19T16:20:40.492795,3.573967933654785
2017-10-28,28,5,-0.2225209339563146,-0.9749279121818236,301,0.45207220393230374,-0.8919813464595487,5,45,0,0,True,1,3.4965075614664802,3.871201010907891,3.7612001156935624,3.58351893845611,3.6888794541139363,3.4011973816621555,3.6635616461296463,3.8918202981106265,10,0.5000000000000001,-0.8660254037844386,0,3.504604353292891,3.49597675653881,3.626919236118967,0.18321705814852587,0.17703081170933072,0.20658119045697218,0,0,2,2025-12-19T16:20:40.693763,3.630049
2017-10-29,29,6,0.6234898018587334,-0.7818314824680299,302,0.46735921715800205,-0.8840675099433637,4,0,0,0,True,1,3.4965075614664802,3.871201010907891,3.7612001156935624,3.58351893845611,3.6888794541139363,3.4011973816621555,3.6635616461296463,3.8918202981106265,10,0.5000000000000001,-0.8660254037844386,0,3.5046043532928906,3.49597675653881,3.6269192361189666,0.18321705814852765,0.1770308117093312,0.20658119045696302,0,0,2,2025-12-19T16:20:41.805777,3.6926157474517822
2017-10-30,30,0,1.0,0.0,303,0.48250774176121763,-0.8758917051442433,3,17,0,0,False,1,3.4965075614664802,3.871201010907891,3.7612001156935624,3.58351893845611,3.6888794541139363,3.4011973816621555,3.6635616461296463,3.8918202981106265,10,0.5000000000000001,-0.8660254037844386,0,3.504604353292891,3.49597675653881,3.626919236118967,0.18321705814852587,0.17703081170933072,0.20658119045697218,0,0,2,2025-12-19T16:20:42.196357,3.3162792
2017-10-31,31,1,0.6234898018587336,0.7818314824680298,304,0.4975132889071803,-0.8674563547295971,2,0,0,0,False,1,3.4965075614664802,3.871201010907891,3.7612001156935624,3.58351893845611,3.6888794541139363,3.4011973816621555,3.6635616461296463,3.8918202981106265,10,0.5000000000000001,-0.8660254037844386,0,3.5046043532928906,3.49597675653881,3.6269192361189666,0.18321705814852765,0.1770308117093312,0.20658119045696302,0,0,2,2025-12-19T16:20:42.659971,3.4670052528381348
2017-11-01,1,2,-0.22252093395631434,0.9749279121818236,305,0.5123714121284235,-0.858763958275803,1,50,0,1,False,1,3.4965075614664802,3.871201010907891,3.7612001156935624,3.58351893845611,3.6888794541139363,3.4011973816621555,3.6635616461296463,3.8918202981106265,11,0.8660254037844384,-0.5000000000000004,0,3.504604353292891,3.49597675653881,3.626919236118967,0.18321705814852587,0.17703081170933072,0.20658119045697218,0,0,2,2025-12-19T16:20:42.706366,3.529768
2017-11-02,2,3,-0.900968867902419,0.43388373911755823,306,0.5270777086423724,-0.8498170915275277,0,0,1,1,False,1,3.4965075614664802,3.871201010907891,3.7612001156935624,3.58351893845611,3.6888794541139363,3.4011973816621555,3.6635616461296463,3.8918202981106265,11,0.8660254037844384,-0.5000000000000004,0,3.5046043532928906,3.49597675653881,3.6269192361189666,0.18321705814852765,0.1770308117093312,0.20658119045696302,0,0,2,2025-12-19T16:20:42.791456,3.5983989238739014
2017-11-03,3,4,-0.9009688679024191,-0.433883739117558,307,0.5416278206559811,-0.8406184056344783,12,3,0,1,False,1,3.4965075614664802,3.871201010907891,3.7612001156935624,3.58351893845611,3.6888794541139363,3.4011973816621555,3.6635616461296463,3.8918202981106265,11,0.8660254037844384,-0.5000000000000004,13,3.504604353292891,3.49597675653881,3.626919236118967,0.18321705814852587,0.17703081170933072,0.20658119045697218,0,0,2,2025-12-19T16:20:43.934740,3.6518946
2017-11-04,4,5,-0.2225209339563146,-0.9749279121818236,308,0.5560174366570446,-0.8311706263658079,11,0,0,1,True,1,3.4965075614664802,3.871201010907891,3.7612001156935624,3.58351893845611,3.6888794541139363,3.4011973816621555,3.6635616461296463,3.8918202981106265,11,0.8660254037844384,-0.5000000000000004,0,3.5046043532928906,3.49597675653881,3.6269192361189666,0.18321705814852765,0.1770308117093312,0.20658119045696302,0,0,2,2025-12-19T16:20:44.336215,3.7038774490356445
2017-11-06,6,0,1.0,0.0,310,0.5842981736283683,-0.8115390590073611,9,0,0,1,False,1,3.4965075614664802,3.871201010907891,3.7612001156935624,3.58351893845611,3.6888794541139363,3.4011973816621555,3.6635616461296463,3.8918202981106265,11,0.8660254037844384,-0.5000000000000004,0,3.5046043532928906,3.49597675653881,3.6269192361189666,0.18321705814852765,0.1770308117093312,0.20658119045696302,0,0,2,2025-12-19T16:20:44.810956,3.3626279830932617
2017-11-05,5,6,0.6234898018587334,-0.7818314824680299,309,0.5702422926917867,-0.8214765533024145,10,45,0,1,True,1,3.4965075614664802,3.871201010907891,3.7612001156935624,3.58351893845611,3.6888794541139363,3.4011973816621555,3.6635616461296463,3.8918202981106265,11,0.8660254037844384,-0.5000000000000004,0,3.504604353292891,3.49597675653881,3.626919236118967,0.18321705814852587,0.17703081170933072,0.20658119045697218,0,0,2,2025-12-19T16:20:44.884145,3.759955
2017-11-07,7,1,0.6234898018587336,0.7818314824680298,311,0.5981809144059158,-0.801361088174677,8,39,0,1,False,1,3.4965075614664802,3.871201010907891,3.7612001156935624,3.58351893845611,3.6888794541139363,3.4011973816621555,3.6635616461296463,3.8918202981106265,11,0.8660254037844384,-0.5000000000000004,0,3.504604353292891,3.49597675653881,3.626919236118967,0.18321705814852587,0.17703081170933072,0.20658119045697218,0,0,2,2025-12-19T16:20:44.963067,3.5102894
2017-11-08,8,2,-0.22252093395631434,0.9749279121818236,312,0.6118864012687242,-0.7909456567567774,7,0,0,1,False,1,3.4965075614664802,3.871201010907891,3.7612001156935624,3.58351893845611,3.6888794541139363,3.4011973816621555,3.6635616461296463,3.8918202981106265,11,0.8660254037844384,-0.5000000000000004,0,3.5046043532928906,3.49597675653881,3.6269192361189666,0.18321705814852765,0.1770308117093312,0.20658119045696302,0,0,2,2025-12-19T16:20:46.019124,3.5081090927124023
2017-11-09,9,3,-0.900968867902419,0.43388373911755823,313,0.6254105729852457,-0.780295851070776,6,27,0,1,False,1,3.4965075614664802,3.871201010907891,3.7612001156935624,3.58351893845611,3.6888794541139363,3.4011973816621555,3.6635616461296463,3.8918202981106265,11,0.8660254037844384,-0.5000000000000004,0,3.504604353292891,3.49597675653881,3.626919236118967,0.18321705814852587,0.17703081170933072,0.20658119045697218,0,0,2,2025-12-19T16:20:46.449545,3.5854251
2017-11-10,10,4,-0.9009688679024191,-0.433883739117558,314,0.6387494220515268,-0.7694148268839381,5,0,0,1,False,1,3.4965075614664802,3.871201010907891,3.7612001156935624,3.58351893845611,3.6888794541139363,3.4011973816621555,3.6635616461296463,3.8918202981106265,11,0.8660254037844384,-0.5000000000000004,0,3.5046043532928906,3.49597675653881,3.6269192361189666,0.18321705814852765,0.1770308117093312,0.20658119045696302,0,0,2,2025-12-19T16:20:46.974112,3.643221139907837
2017-11-12,12,6,0.6234898018587334,-0.7818314824680299,316,0.6648553979642866,-0.7469720876965551,3,0,0,0,True,1,3.4965075614664802,3.871201010907891,3.7612001156935624,3.58351893845611,3.6888794541139363,3.4011973816621555,3.6635616461296463,3.8918202981106265,11,0.8660254037844384,-0.5000000000000004,0,3.5046043532928906,3.49597675653881,3.6269192361189666,0.18321705814852765,0.1770308117093312,0.20658119045696302,0,0,2,2025-12-19T16:20:47.128411,3.756732702255249
2017-11-11,11,5,-0.2225209339563146,-0.9749279121818236,315,0.6518989958787125,-0.7583058084785625,4,11,0,0,True,1,3.4965075614664802,3.871201010907891,3.7612001156935624,3.58351893845611,3.6888794541139363,3.4011973816621555,3.6635616461296463,3.8918202981106265,11,0.8660254037844384,-0.5000000000000004,5,3.504604353292891,3.49597675653881,3.626919236118967,0.18321705814852587,0.17703081170933072,0.20658119045697218,0,0,2,2025-12-19T16:20:47.216449,3.694388
2017-11-13,13,0,1.0,0.0,317,0.6776147890466887,-0.7354170229639858,2,27,0,0,False,1,3.4965075614664802,3.871201010907891,3.7612001156935624,3.58351893845611,3.6888794541139363,3.4011973816621555,3.6635616461296463,3.8918202981106265,11,0.8660254037844384,-0.5000000000000004,0,3.504604353292891,3.49597675653881,3.626919236118967,0.18321705814852587,0.17703081170933072,0.20658119045697218,0,0,2,2025-12-19T16:20:48.148438,3.3619304
2017-11-14,14,1,0.6234898018587336,0.7818314824680298,318,0.690173388242972,-0.7236440382959124,1,0,0,0,False,1,3.4965075614664802,3.871201010907891,3.7612001156935624,3.58351893845611,3.6888794541139363,3.4011973816621555,3.6635616461296463,3.8918202981106265,11,0.8660254037844384,-0.5000000000000004,0,3.5046043532928906,3.49597675653881,3.6269192361189666,0.18321705814852765,0.1770308117093312,0.20658119045696302,0,0,2,2025-12-19T16:20:48.543297,3.5118722915649414
2017-11-15,15,2,-0.22252093395631434,0.9749279121818236,319,0.7025274741691566,-0.711656622281775,0,38,1,0,False,1,3.4965075614664802,3.871201010907891,3.7612001156935624,3.58351893845611,3.6888794541139363,3.4011973816621555,3.6635616461296463,3.8918202981106265,11,0.8660254037844384,-0.5000000000000004,0,3.504604353292891,3.49597675653881,3.626919236118967,0.18321705814852587,0.17703081170933072,0.20658119045697218,0,0,2,2025-12-19T16:20:49.259811,3.5048432
2017-11-16,16,3,-0.900968867902419,0.43388373911755823,320,0.7146733860429608,-0.6994583270516471,39,0,0,0,False,1,3.4965075614664802,3.871201010907891,3.7612001156935624,3.58351893845611,3.6888794541139363,3.4011973816621555,3.6635616461296463,3.8918202981106265,11,0.8660254037844384,-0.5000000000000004,0,3.5046043532928906,3.49597675653881,3.6269192361189666,0.18321705814852765,0.1770308117093312,0.20658119045696302,0,0,2,2025-12-19T16:20:49.293811,3.5776114463806152
2017-11-17,17,4,-0.9009688679024191,-0.433883739117558,321,0.7266075247685652,-0.6870527672236675,38,0,0,0,False,1,3.4965075614664802,3.871201010907891,3.7612001156935624,3.58351893845611,3.6888794541139363,3.4011973816621555,3.6635616461296463,3.8918202981106265,11,0.8660254037844384,-0.5000000000000004,16,3.504604353292891,3.49597675653881,3.626919236118967,0.18321705814852587,0.17703081170933072,0.20658119045697218,0,0,2,2025-12-19T16:20:49.385677,3.6364968
2017-11-18,18,5,-0.2225209339563146,-0.9749279121818236,322,0.7383263540031063,-0.6744436188329457,37,0,0,0,True,1,3.4965075614664802,3.871201010907891,3.7612001156935624,3.58351893845611,3.6888794541139363,3.4011973816621555,3.6635616461296463,3.8918202981106265,11,0.8660254037844384,-0.5000000000000004,0,3.5046043532928906,3.49597675653881,3.6269192361189666,0.18321705814852765,0.1770308117093312,0.20658119045696302,0,0,2,2025-12-19T16:20:50.252004,3.6902318000793457
2017-11-19,19,6,0.6234898018587334,-0.7818314824680299,323,0.749826401204568,-0.661634618242279,36,37,0,0,True,1,3.4965075614664802,3.871201010907891,3.7612001156935624,3.58351893845611,3.6888794541139363,3.4011973816621555,3.6635616461296463,3.8918202981106265,11,0.8660254037844384,-0.5000000000000004,0,3.504604353292891,3.49597675653881,3.626919236118967,0.18321705814852587,0.17703081170933072,0.20658119045697218,0,0,2,2025-12-19T16:20:50.721841,3.7488503
2017-11-20,20,0,1.0,0.0,324,0.7611042586607742,-0.6486295610349818,35,0,0,0,False,1,3.4965075614664802,3.871201010907891,3.7612001156935624,3.58351893845611,3.6888794541139363,3.4011973816621555,3.6635616461296463,3.8918202981106265,11,0.8660254037844384,-0.5000000000000004,0,3.5046043532928906,3.49597675653881,3.6269192361189666,0.18321705814852765,0.1770308117093312,0.20658119045696302,0,0,2,2025-12-19T16:20:51.384108,3.3563129901885986
2017-11-21,21,1,0.6234898018587336,0.7818314824680298,325,0.7721565844991641,-0.6354323008901775,34,35,0,0,False,1,3.4965075614664802,3.871201010907891,3.7612001156935624,3.58351893845611,3.6888794541139363,3.4011973816621555,3.6635616461296463,3.8918202981106265,11,0.8660254037844384,-0.5000000000000004,0,3.504604353292891,3.49597675653881,3.626919236118967,0.18321705814852587,0.17703081170933072,0.20658119045697218,0,0,2,2025-12-19T16:20:51.477800,3.5043182
2017-11-22,22,2,-0.22252093395631434,0.9749279121818236,326,0.7829801036770624,-0.622046748440868,33,0,0,0,False,1,3.4965075614664802,3.871201010907891,3.7612001156935624,3.58351893845611,3.6888794541139363,3.4011973816621555,3.6635616461296463,3.8918202981106265,11,0.8660254037844384,-0.5000000000000004,0,3.5046043532928906,3.49597675653881,3.6269192361189666,0.18321705814852765,0.1770308117093312,0.20658119045696302,0,0,2,2025-12-19T16:20:51.511639,3.499361038208008
2017-11-23,23,3,-0.900968867902419,0.43388373911755823,327,0.7935716089521472,-0.6084768701151264,32,43,0,0,False,1,3.4965075614664802,3.871201010907891,3.7612001156935624,3.58351893845611,3.6888794541139363,3.4011973816621555,3.6635616461296463,3.8918202981106265,11,0.8660254037844384,-0.5000000000000004,0,3.504604353292891,3.49597675653881,3.626919236118967,0.18321705814852587,0.17703081170933072,0.20658119045697218,0,0,2,2025-12-19T16:20:52.359839,3.5720184
2017-11-24,24,4,-0.9009688679024191,-0.433883739117558,328,0.8039279618328208,-0.594726686960764,31,0,0,0,False,1,3.4965075614664802,3.871201010907891,3.7612001156935624,3.58351893845611,3.6888794541139363,3.4011973816621555,3.6635616461296463,3.8918202981106265,11,0.8660254037844384,-0.5000000000000004,0,3.5046043532928906,3.49597675653881,3.6269192361189666,0.18321705814852765,0.1770308117093312,0.20658119045696302,0,0,2,2025-12-19T16:20:52.834099,3.631527900695801
2017-11-25,25,5,-0.2225209339563146,-0.9749279121818236,329,0.8140460935082175,-0.5808002734538013,30,42,0,0,True,1,3.4965075614664802,3.871201010907891,3.7612001156935624,3.58351893845611,3.6888794541139363,3.4011973816621555,3.6635616461296463,3.8918202981106265,11,0.8660254037844384,-0.5000000000000004,0,3.504604353292891,3.49597675653881,3.626919236118967,0.18321705814852587,0.17703081170933072,0.20658119045697218,0,0,2,2025-12-19T16:20:53.497752,3.6755195
2017-11-26,26,6,0.6234898018587334,-0.7818314824680299,330,0.8239230057575536,-0.5667017562911184,29,0,0,0,True,1,3.4965075614664802,3.871201010907891,3.7612001156935624,3.58351893845611,3.6888794541139363,3.4011973816621555,3.6635616461296463,3.8918202981106265,11,0.8660254037844384,-0.5000000000000004,0,3.5046043532928906,3.49597675653881,3.6269192361189666,0.18321705814852765,0.1770308117093312,0.20658119045696302,0,0,2,2025-12-19T16:20:53.663087,3.726469039916992
2017-11-27,27,0,1.0,0.0,331,0.8335557718385695,-0.5524353131676203,28,49,0,0,False,1,3.4965075614664802,3.871201010907891,3.7612001156935624,3.58351893845611,3.6888794541139363,3.4011973816621555,3.6635616461296463,3.8918202981106265,11,0.8660254037844384,-0.5000000000000004,0,3.504604353292891,3.49597675653881,3.626919236118967,0.18321705814852587,0.17703081170933072,0.20658119045697218,0,0,2,2025-12-19T16:20:53.720658,3.3449545
2017-11-28,28,1,0.6234898018587336,0.7818314824680298,332,0.8429415373547832,-0.5380051715382992,27,0,0,0,False,1,3.4965075614664802,3.871201010907891,3.7612001156935624,3.58351893845611,3.6888794541139363,3.4011973816621555,3.6635616461296463,3.8918202981106265,11,0.8660254037844384,-0.5000000000000004,0,3.5046043532928906,3.49597675653881,3.6269192361189666,0.18321705814852765,0.1770308117093312,0.20658119045696302,0,0,2,2025-12-19T16:20:54.506261,3.5000932216644287
2017-11-29,29,2,-0.22252093395631434,0.9749279121818236,333,0.8520775211013093,-0.5234156073655503,26,13,0,0,False,1,3.4965075614664802,3.871201010907891,3.7612001156935624,3.58351893845611,3.6888794541139363,3.4011973816621555,3.6635616461296463,3.8918202981106265,11,0.8660254037844384,-0.5000000000000004,3,3.504604353292891,3.49597675653881,3.626919236118967,0.18321705814852587,0.17703081170933072,0.20658119045697218,0,0,2,2025-12-19T16:20:54.951553,3.497071
2017-11-30,30,3,-0.900968867902419,0.43388373911755823,334,0.8609610158889945,-0.5086709438521042,25,0,0,0,False,1,3.4965075614664802,3.871201010907891,3.7612001156935624,3.58351893845611,3.6888794541139363,3.4011973816621555,3.6635616461296463,3.8918202981106265,11,0.8660254037844384,-0.5000000000000004,0,3.5046043532928906,3.49597675653881,3.6269192361189666,0.18321705814852765,0.1770308117093312,0.20658119045696302,0,0,2,2025-12-19T16:20:55.612163,3.5682172775268555
2017-12-02,2,5,-0.2225209339563146,-0.9749279121818236,336,0.8779600847008883,-0.4787338401157883,23,0,0,1,True,1,3.4965075614664802,3.871201010907891,3.7612001156935624,3.58351893845611,3.6888794541139363,3.4011973816621555,3.6635616461296463,3.8918202981106265,12,1.0,-2.4492935982947064e-16,0,3.5046043532928906,3.49597675653881,3.6269192361189666,0.18321705814852765,0.1770308117093312,0.20658119045696302,0,0,2,2025-12-19T16:20:55.867160,3.3664073944091797
2017-12-01,1,4,-0.9009688679024191,-0.433883739117558,335,0.8695893893466109,-0.49377555015997737,24,9,0,1,False,1,3.4965075614664802,3.871201010907891,3.7612001156935624,3.58351893845611,3.6888794541139363,3.4011973816621555,3.6635616461296463,3.8918202981106265,12,1.0,-2.4492935982947064e-16,7,3.504604353292891,3.49597675653881,3.626919236118967,0.18321705814852587,0.17703081170933072,0.20658119045697218,0,0,2,2025-12-19T16:20:55.909136,3.3078253
2017-12-03,3,6,0.6234898018587334,-0.7818314824680299,337,0.8860706215341378,-0.4635502709028512,22,20,0,1,True,1,3.4965075614664802,3.871201010907891,3.7612001156935624,3.58351893845611,3.6888794541139363,3.4011973816621555,3.6635616461296463,3.8918202981106265,12,1.0,-2.4492935982947064e-16,0,3.504604353292891,3.49597675653881,3.626919236118967,0.18321705814852587,0.17703081170933072,0.20658119045697218,0,0,2,2025-12-19T16:20:56.672573,3.3945513
2017-12-04,4,0,1.0,0.0,338,0.893918596519257,-0.4482293417404106,21,0,0,1,False,1,3.4965075614664802,3.871201010907891,3.7612001156935624,3.58351893845611,3.6888794541139363,3.4011973816621555,3.6635616461296463,3.8918202981106265,12,1.0,-2.4492935982947064e-16,0,3.5046043532928906,3.49597675653881,3.6269192361189666,0.18321705814852765,0.1770308117093312,0.20658119045696302,0,0,2,2025-12-19T16:20:57.074237,3.05672287940979
2017-12-05,5,1,0.6234898018587336,0.7818314824680298,339,0.9015016841318838,-0.4327755925504317,20,34,0,1,False,1,3.4965075614664802,3.871201010907891,3.7612001156935624,3.58351893845611,3.6888794541139363,3.4011973816621555,3.6635616461296463,3.8918202981106265,12,1.0,-2.4492935982947064e-16,0,3.504604353292891,3.49597675653881,3.626919236118967,0.18321705814852587,0.17703081170933072,0.20658119045697218,0,0,2,2025-12-19T16:20:57.716573,3.2295828
2017-12-06,6,2,-0.22252093395631434,0.9749279121818236,340,0.9088176373395028,-0.41719360261231697,19,0,0,1,False,1,3.4965075614664802,3.871201010907891,3.7612001156935624,3.58351893845611,3.6888794541139363,3.4011973816621555,3.6635616461296463,3.8918202981106265,12,1.0,-2.4492935982947064e-16,0,3.5046043532928906,3.49597675653881,3.6269192361189666,0.18321705814852765,0.1770308117093312,0.20658119045696302,0,0,2,2025-12-19T16:20:57.983370,3.2253918647766113
2017-12-07,7,3,-0.900968867902419,0.43388373911755823,341,0.9158642882672868,-0.4014879892059737,18,47,0,1,False,1,3.4965075614664802,3.871201010907891,3.7612001156935624,3.58351893845611,3.6888794541139363,3.4011973816621555,3.6635616461296463,3.8918202981106265,12,1.0,-2.4492935982947064e-16,0,3.504604353292891,3.49597675653881,3.626919236118967,0.18321705814852587,0.17703081170933072,0.20658119045697218,0,0,2,2025-12-19T16:20:58.048406,3.3039176
2017-12-08,8,4,-0.9009688679024191,-0.433883739117558,342,0.9226395488404875,-0.38566340624360745,17,0,0,1,False,1,3.4965075614664802,3.871201010907891,3.7612001156935624,3.58351893845611,3.6888794541139363,3.4011973816621555,3.6635616461296463,3.8918202981106265,12,1.0,-2.4492935982947064e-16,0,3.5046043532928906,3.49597675653881,3.6269192361189666,0.18321705814852765,0.1770308117093312,0.20658119045696302,0,0,2,2025-12-19T16:20:58.780521,3.3873941898345947
2017-12-09,9,5,-0.2225209339563146,-0.9749279121818236,343,0.9291414114031743,-0.3697245428906732,16,49,0,1,True,1,3.4965075614664802,3.871201010907891,3.7612001156935624,3.58351893845611,3.6888794541139363,3.4011973816621555,3.6635616461296463,3.8918202981106265,12,1.0,-2.4492935982947064e-16,0,3.504604353292891,3.49597675653881,3.626919236118967,0.18321705814852587,0.17703081170933072,0.20658119045697218,0,0,2,2025-12-19T16:20:59.200523,3.437788
2017-12-10,10,6,0.6234898018587334,-0.7818314824680299,344,0.935367949313148,-0.3536761221763721,15,0,0,1,True,1,3.4965075614664802,3.871201010907891,3.7612001156935624,3.58351893845611,3.6888794541139363,3.4011973816621555,3.6635616461296463,3.8918202981106265,12,1.0,-2.4492935982947064e-16,0,3.5046043532928906,3.49597675653881,3.6269192361189666,0.18321705814852765,0.1770308117093312,0.20658119045696302,0,0,2,2025-12-19T16:20:59.836946,3.4887983798980713
2017-12-11,11,0,1.0,0.0,345,0.941317317512847,-0.33752289959411347,14,30,0,0,False,1,3.4965075614664802,3.871201010907891,3.7612001156935624,3.58351893845611,3.6888794541139363,3.4011973816621555,3.6635616461296463,3.8918202981106265,12,1.0,-2.4492935982947064e-16,0,3.504604353292891,3.49597675653881,3.626919236118967,0.18321705814852587,0.17703081170933072,0.20658119045697218,0,0,2,2025-12-19T16:21:00.134471,3.1261919
2017-12-12,12,1,0.6234898018587336,0.7818314824680298,346,0.9469877530760751,-0.32126966169236515,13,0,0,0,False,1,3.4965075614664802,3.871201010907891,3.7612001156935624,3.58351893845611,3.6888794541139363,3.4011973816621555,3.6635616461296463,3.8918202981106265,12,1.0,-2.4492935982947064e-16,0,3.5046043532928906,3.49597675653881,3.6269192361189666,0.18321705814852765,0.1770308117093312,0.20658119045696302,0,0,2,2025-12-19T16:21:00.174477,3.2912285327911377
2017-12-13,13,2,-0.22252093395631434,0.9749279121818236,347,0.9523775757303973,-0.3049212246562894,12,44,0,0,False,1,3.4965075614664802,3.871201010907891,3.7612001156935624,3.58351893845611,3.6888794541139363,3.4011973816621555,3.6635616461296463,3.8918202981106265,12,1.0,-2.4492935982947064e-16,0,3.504604353292891,3.49597675653881,3.626919236118967,0.18321705814852587,0.17703081170933072,0.20658119045697218,0,0,2,2025-12-19T16:21:00.915436,3.2879226
2017-12-14,14,3,-0.900968867902419,0.43388373911755823,348,0.9574851883550389,-0.2884824328806098,11,0,0,0,False,1,3.4965075614664802,3.871201010907891,3.7612001156935624,3.58351893845611,3.6888794541139363,3.4011973816621555,3.6635616461296463,3.8918202981106265,12,1.0,-2.4492935982947064e-16,0,3.5046043532928906,3.49597675653881,3.6269192361189666,0.18321705814852765,0.1770308117093312,0.20658119045696302,0,0,2,2025-12-19T16:21:01.311957,3.3392484188079834
2017-12-15,15,4,-0.9009688679024191,-0.433883739117558,349,0.9623090774541487,-0.27195815753410524,10,45,0,0,False,1,3.4965075614664802,3.871201010907891,3.7612001156935624,3.58351893845611,3.6888794541139363,3.4011973816621555,3.6635616461296463,3.8918202981106265,12,1.0,-2.4492935982947064e-16,0,3.504604353292891,3.49597675653881,3.626919236118967,0.18321705814852587,0.17703081170933072,0.20658119045697218,0,0,2,2025-12-19T16:21:01.959826,3.4075112
2017-12-16,16,5,-0.2225209339563146,-0.9749279121818236,350,0.9668478136052773,-0.2553532951161881,9,0,0,0,True,1,3.4965075614664802,3.871201010907891,3.7612001156935624,3.58351893845611,3.6888794541139363,3.4011973816621555,3.6635616461296463,3.8918202981106265,12,1.0,-2.4492935982947064e-16,0,3.5046043532928906,3.49597675653881,3.6269192361189666,0.18321705814852765,0.1770308117093312,0.20658119045696302,0,0,2,2025-12-19T16:21:02.264323,3.4650683403015137
2017-12-17,17,6,0.6234898018587334,-0.7818314824680299,351,0.9711000518829505,-0.23867276600594997,8,6,0,0,True,1,3.4965075614664802,3.871201010907891,3.7612001156935624,3.58351893845611,3.6888794541139363,3.4011973816621555,3.6635616461296463,3.8918202981106265,12,1.0,-2.4492935982947064e-16,10,3.504604353292891,3.49597675653881,3.626919236118967,0.18321705814852587,0.17703081170933072,0.20658119045697218,0,0,2,2025-12-19T16:21:02.322291,3.5314894
2017-12-18,18,0,1.0,0.0,352,0.9750645322571945,-0.22192151300416674,7,0,0,0,False,1,3.4965075614664802,3.871201010907891,3.7612001156935624,3.58351893845611,3.6888794541139363,3.4011973816621555,3.6635616461296463,3.8918202981106265,12,1.0,-2.4492935982947064e-16,0,3.5046043532928906,3.49597675653881,3.6269192361189666,0.18321705814852765,0.1770308117093312,0.20658119045696302,0,0,2,2025-12-19T16:21:03.174631,3.1636221408843994
2017-12-19,19,1,0.6234898018587336,0.7818314824680298,353,0.9787400799669153,-0.20510449986861926,6,14,0,0,False,1,3.4965075614664802,3.871201010907891,3.7612001156935624,3.58351893845611,3.6888794541139363,3.4011973816621555,3.6635616461296463,3.8918202981106265,12,1.0,-2.4492935982947064e-16,2,3.504604353292891,3.49597675653881,3.626919236118967,0.18321705814852587,0.17703081170933072,0.20658119045697218,0,0,2,2025-12-19T16:21:03.441775,3.3110318
2017-12-20,20,2,-0.22252093395631434,0.9749279121818236,354,0.9821256058680006,-0.1882267098432439,5,0,0,0,False,1,3.4965075614664802,3.871201010907891,3.7612001156935624,3.58351893845611,3.6888794541139363,3.4011973816621555,3.6635616461296463,3.8918202981106265,12,1.0,-2.4492935982947064e-16,0,3.5046043532928906,3.49597675653881,3.6269192361189666,0.18321705814852765,0.1770308117093312,0.20658119045696302,0,0,2,2025-12-19T16:21:04.075261,3.3098809719085693
2017-12-21,21,3,-0.900968867902419,0.43388373911755823,355,0.9852201067560606,-0.1712931441814778,4,34,0,0,False,1,3.4965075614664802,3.871201010907891,3.7612001156935624,3.58351893845611,3.6888794541139363,3.4011973816621555,3.6635616461296463,3.8918202981106265,12,1.0,-2.4492935982947064e-16,0,3.504604353292891,3.49597675653881,3.626919236118967,0.18321705814852587,0.17703081170933072,0.20658119045697218,0,0,2,2025-12-19T16:21:04.463579,3.3781812
2017-12-22,22,4,-0.9009688679024191,-0.433883739117558,356,0.9880226656636976,-0.154308820664281,3,0,0,0,False,1,3.4965075614664802,3.871201010907891,3.7612001156935624,3.58351893845611,3.6888794541139363,3.4011973816621555,3.6635616461296463,3.8918202981106265,12,1.0,-2.4492935982947064e-16,0,3.5046043532928906,3.49597675653881,3.6269192361189666,0.18321705814852765,0.1770308117093312,0.20658119045696302,0,0,2,2025-12-19T16:21:04.499156,3.4468648433685303
2017-12-23,23,5,-0.2225209339563146,-0.9749279121818236,357,0.9905324521322227,-0.13727877211326517,2,30,0,0,True,1,3.4965075614664802,3.871201010907891,3.7612001156935624,3.58351893845611,3.6888794541139363,3.4011973816621555,3.6635616461296463,3.8918202981106265,12,1.0,-2.4492935982947064e-16,0,3.504604353292891,3.49597675653881,3.626919236118967,0.18321705814852587,0.17703081170933072,0.20658119045697218,0,0,2,2025-12-19T16:21:05.331647,3.5017455
2017-12-24,24,6,0.6234898018587334,-0.7818314824680299,358,0.9927487224577402,-0.12020804489935275,1,0,0,0,True,1,3.4965075614664802,3.871201010907891,3.7612001156935624,3.58351893845611,3.6888794541139363,3.4011973816621555,3.6635616461296463,3.8918202981106265,12,1.0,-2.4492935982947064e-16,0,3.5046043532928906,3.49597675653881,3.6269192361189666,0.18321705814852765,0.1770308117093312,0.20658119045696302,0,0,2,2025-12-19T16:21:05.540497,3.557698965072632
2017-12-25,25,0,1.0,0.0,359,0.9946708199115211,-0.10310169744743544,0,9,1,0,False,1,3.4965075614664802,3.871201010907891,3.7612001156935624,3.58351893845611,3.6888794541139363,3.4011973816621555,3.6635616461296463,3.8918202981106265,12,1.0,-2.4492935982947064e-16,7,3.504604353292891,3.49597675653881,3.626919236118967,0.18321705814852587,0.17703081170933072,0.20658119045697218,0,0,2,2025-12-19T16:21:06.227301,3.1881032
2017-12-26,26,1,0.6234898018587336,0.7818314824680298,360,0.9962981749346077,-0.0859647987374467,6,0,0,0,False,1,3.4965075614664802,3.871201010907891,3.7612001156935624,3.58351893845611,3.6888794541139363,3.4011973816621555,3.6635616461296463,3.8918202981106265,12,1.0,-2.4492935982947064e-16,0,3.5046043532928906,3.49597675653881,3.6269192361189666,0.18321705814852765,0.1770308117093312,0.20658119045696302,0,0,2,2025-12-19T16:21:06.603186,3.3462307453155518
2017-12-27,27,2,-0.22252093395631434,0.9749279121818236,361,0.9976303053065857,-0.06880242680232064,5,4,0,0,False,1,3.4965075614664802,3.871201010907891,3.7612001156935624,3.58351893845611,3.6888794541139363,3.4011973816621555,3.6635616461296463,3.8918202981106265,12,1.0,-2.4492935982947064e-16,12,3.504604353292891,3.49597675653881,3.626919236118967,0.18321705814852587,0.17703081170933072,0.20658119045697218,0,0,2,2025-12-19T16:21:06.706889,3.3480947
2017-12-28,28,3,-0.900968867902419,0.43388373911755823,362,0.9986668162884759,-0.05161966722325418,4,0,0,0,False,1,3.4965075614664802,3.871201010907891,3.7612001156935624,3.58351893845611,3.6888794541139363,3.4011973816621555,3.6635616461296463,3.8918202981106265,12,1.0,-2.4492935982947064e-16,0,3.5046043532928906,3.49597675653881,3.6269192361189666,0.18321705814852765,0.1770308117093312,0.20658119045696302,0,0,2,2025-12-19T16:21:07.487834,3.416747570037842
2017-12-29,29,4,-0.9009688679024191,-0.433883739117558,363,0.9994074007397048,-0.034421611622745804,3,43,0,0,False,1,3.4965075614664802,3.871201010907891,3.7612001156935624,3.58351893845611,3.6888794541139363,3.4011973816621555,3.6635616461296463,3.8918202981106265,12,1.0,-2.4492935982947064e-16,0,3.504604353292891,3.49597675653881,3.626919236118967,0.18321705814852587,0.17703081170933072,0.20658119045697218,0,0,2,2025-12-19T16:21:07.709608,3.4871829
2017-12-30,30,5,-0.2225209339563146,-0.9749279121818236,364,0.9998518392091162,-0.01721335615583528,2,0,0,0,True,1,3.4965075614664802,3.871201010907891,3.7612001156935624,3.58351893845611,3.6888794541139363,3.4011973816621555,3.6635616461296463,3.8918202981106265,12,1.0,-2.4492935982947064e-16,0,3.5046043532928906,3.49597675653881,3.6269192361189666,0.18321705814852765,0.1770308117093312,0.20658119045696302,0,0,2,2025-12-19T16:21:08.309736,3.5465757846832275
2017-12-31,31,6,0.6234898018587334,-0.7818314824680299,365,1.0,6.432490598706546e-16,1,5,0,0,True,1,3.4965075614664802,3.871201010907891,3.7612001156935624,3.58351893845611,3.6888794541139363,3.4011973816621555,3.6635616461296463,3.8918202981106265,12,1.0,-2.4492935982947064e-16,11,3.504604353292891,3.49597675653881,3.626919236118967,0.18321705814852587,0.17703081170933072,0.20658119045697218,0,0,2,2025-12-19T16:21:08.730101,3.591521
2017-10-01,1,6,0.6234898018587334,-0.7818314824680299,274,0.004303538296243821,-0.9999907397361901,11,0,0,1,True,1,3.367295829986474,3.6375861597263857,3.091042453358316,3.4965075614664802,3.4339872044851463,3.2188758248682006,3.6109179126442243,3.713572066704308,10,0.5000000000000001,-0.8660254037844386,0,3.377155819750839,3.296601245983145,3.470420131013361,0.21298678239627494,0.1849701338785605,0.2362634031891397,0,0,3,2025-12-19T16:21:08.794618,3.5154459476470947
2017-10-02,2,0,1.0,0.0,275,0.021516097436222233,-0.9997685019798909,10,42,0,1,False,1,3.367295829986474,3.6375861597263857,3.091042453358316,3.4965075614664802,3.4339872044851463,3.2188758248682006,3.6109179126442243,3.713572066704308,10,0.5000000000000001,-0.8660254037844386,0,3.3771558197508393,3.296601245983145,3.470420131013361,0.21298678239628321,0.18497013387856634,0.2362634031891607,0,0,3,2025-12-19T16:21:09.696947,3.1137216
2017-10-03,3,1,0.6234898018587336,0.7818314824680298,276,0.03872228089217399,-0.9992500112396835,9,0,0,1,False,1,3.367295829986474,3.6375861597263857,3.091042453358316,3.4965075614664802,3.4339872044851463,3.2188758248682006,3.6109179126442243,3.713572066704308,10,0.5000000000000001,-0.8660254037844386,0,3.377155819750839,3.296601245983145,3.470420131013361,0.21298678239627494,0.1849701338785605,0.2362634031891397,0,0,3,2025-12-19T16:21:09.924917,3.2601537704467773
2017-10-04,4,2,-0.22252093395631434,0.9749279121818236,277,0.05591699010060302,-0.9984354211555643,8,18,0,1,False,1,3.367295829986474,3.6375861597263857,3.091042453358316,3.4965075614664802,3.4339872044851463,3.2188758248682006,3.6109179126442243,3.713572066704308,10,0.5000000000000001,-0.8660254037844386,0,3.3771558197508393,3.296601245983145,3.470420131013361,0.21298678239628321,0.18497013387856634,0.2362634031891607,0,0,3,2025-12-19T16:21:10.448051,3.2589061
2017-10-05,5,3,-0.900968867902419,0.43388373911755823,278,0.07309512989807776,-0.9973249731081555,7,0,0,1,False,1,3.367295829986474,3.6375861597263857,3.091042453358316,3.4965075614664802,3.4339872044851463,3.2188758248682006,3.6109179126442243,3.713572066704308,10,0.5000000000000001,-0.8660254037844386,0,3.377155819750839,3.296601245983145,3.470420131013361,0.21298678239627494,0.1849701338785605,0.2362634031891397,0,0,3,2025-12-19T16:21:10.819487,3.335496664047241
2017-10-06,6,4,-0.9009688679024191,-0.433883739117558,279,0.0902516100310407,-0.9959189961471792,6,20,0,1,False,1,3.367295829986474,3.6375861597263857,3.091042453358316,3.4965075614664802,3.4339872044851463,3.2188758248682006,3.6109179126442243,3.713572066704308,10,0.5000000000000001,-0.8660254037844386,0,3.3771558197508393,3.296601245983145,3.470420131013361,0.21298678239628321,0.18497013387856634,0.2362634031891607,0,0,3,2025-12-19T16:21:10.935411,3.3827245
2017-10-07,7,5,-0.2225209339563146,-0.9749279121818236,280,0.10738134666416306,-0.994217906893952,5,0,0,1,True,1,3.367295829986474,3.6375861597263857,3.091042453358316,3.4965075614664802,3.4339872044851463,3.2188758248682006,3.6109179126442243,3.713572066704308,10,0.5000000000000001,-0.8660254037844386,0,3.377155819750839,3.296601245983145,3.470420131013361,0.21298678239627494,0.1849701338785605,0.2362634031891397,0,0,3,2025-12-19T16:21:11.931900,3.4629404544830322
2017-10-08,8,6,0.6234898018587334,-0.7818314824680299,281,0.12447926388678869,-0.9922222094179324,4,35,0,1,True,1,3.367295829986474,3.6375861597263857,3.091042453358316,3.4965075614664802,3.4339872044851463,3.2188758248682006,3.6109179126442243,3.713572066704308,10,0.5000000000000001,-0.8660254037844386,0,3.3771558197508393,3.296601245983145,3.470420131013361,0.21298678239628321,0.18497013387856634,0.2362634031891607,0,0,3,2025-12-19T16:21:12.128052,3.5230422
2017-10-09,9,0,1.0,0.0,282,0.141540295217043,-0.989932495087353,3,0,0,1,False,1,3.367295829986474,3.6375861597263857,3.091042453358316,3.4965075614664802,3.4339872044851463,3.2188758248682006,3.6109179126442243,3.713572066704308,10,0.5000000000000001,-0.8660254037844386,0,3.377155819750839,3.296601245983145,3.470420131013361,0.21298678239627494,0.1849701338785605,0.2362634031891397,0,0,3,2025-12-19T16:21:12.555512,3.1184823513031006
2017-10-10,10,1,0.6234898018587336,0.7818314824680298,283,0.15855938510313475,-0.9873494423939864,2,32,0,1,False,1,3.367295829986474,3.6375861597263857,3.091042453358316,3.4965075614664802,3.4339872044851463,3.2188758248682006,3.6109179126442243,3.713572066704308,10,0.5000000000000001,-0.8660254037844386,0,3.3771558197508393,3.296601245983145,3.470420131013361,0.21298678239628321,0.18497013387856634,0.2362634031891607,0,0,3,2025-12-19T16:21:12.944508,3.2659557
2017-10-11,11,2,-0.22252093395631434,0.9749279121818236,284,0.17553149042142777,-0.9844738167520923,1,0,0,0,False,1,3.367295829986474,3.6375861597263857,3.091042453358316,3.4965075614664802,3.4339872044851463,3.2188758248682006,3.6109179126442243,3.713572066704308,10,0.5000000000000001,-0.8660254037844386,0,3.377155819750839,3.296601245983145,3.470420131013361,0.21298678239627494,0.1849701338785605,0.2362634031891397,0,0,3,2025-12-19T16:21:13.019511,3.2644197940826416
2017-10-12,12,3,-0.900968867902419,0.43388373911755823,285,0.19245158197082995,-0.9813064702716093,0,19,1,0,False,1,3.367295829986474,3.6375861597263857,3.091042453358316,3.4965075614664802,3.4339872044851463,3.2188758248682006,3.6109179126442243,3.713572066704308,10,0.5000000000000001,-0.8660254037844386,0,3.3771558197508393,3.296601245983145,3.470420131013361,0.21298678239628321,0.18497013387856634,0.2362634031891607,0,0,3,2025-12-19T16:21:14.073156,3.3391721
2017-10-13,13,4,-0.9009688679024191,-0.433883739117558,286,0.20931464596304888,-0.9778483415056567,20,0,0,0,False,1,3.367295829986474,3.6375861597263857,3.091042453358316,3.4965075614664802,3.4339872044851463,3.2188758248682006,3.6109179126442243,3.713572066704308,10,0.5000000000000001,-0.8660254037844386,0,3.377155819750839,3.296601245983145,3.470420131013361,0.21298678239627494,0.1849701338785605,0.2362634031891397,0,0,3,2025-12-19T16:21:14.284489,3.399550676345825
2017-10-14,14,5,-0.2225209339563146,-0.9749279121818236,287,0.22611568550828803,-0.9741004551724206,19,22,0,0,True,1,3.367295829986474,3.6375861597263857,3.091042453358316,3.4965075614664802,3.4339872044851463,3.2188758248682006,3.6109179126442243,3.713572066704308,10,0.5000000000000001,-0.8660254037844386,0,3.3771558197508393,3.296601245983145,3.470420131013361,0.21298678239628321,0.18497013387856634,0.2362634031891607,0,0,3,2025-12-19T16:21:14.727392,3.4695606
2017-10-15,15,6,0.6234898018587334,-0.7818314824680299,288,0.2428497220959358,-0.970063921851507,18,0,0,0,True,1,3.367295829986474,3.6375861597263857,3.091042453358316,3.4965075614664802,3.4339872044851463,3.2188758248682006,3.6109179126442243,3.713572066704308,10,0.5000000000000001,-0.8660254037844386,0,3.377155819750839,3.296601245983145,3.470420131013361,0.21298678239627494,0.1849701338785605,0.2362634031891397,0,0,3,2025-12-19T16:21:15.090816,3.530033826828003
2017-10-16,16,0,1.0,0.0,289,0.25951179706979943,-0.965739937654855,17,14,0,0,False,1,3.367295829986474,3.6375861597263857,3.091042453358316,3.4965075614664802,3.4339872044851463,3.2188758248682006,3.6109179126442243,3.713572066704308,10,0.5000000000000001,-0.8660254037844386,2,3.3771558197508393,3.296601245983145,3.470420131013361,0.21298678239628321,0.18497013387856634,0.2362634031891607,0,0,3,2025-12-19T16:21:15.236709,3.1353698
2017-10-17,17,1,0.6234898018587336,0.7818314824680298,290,0.27609697309746883,-0.9611297838723007,16,0,0,0,False,1,3.367295829986474,3.6375861597263857,3.091042453358316,3.4965075614664802,3.4339872044851463,3.2188758248682006,3.6109179126442243,3.713572066704308,10,0.5000000000000001,-0.8660254037844386,0,3.377155819750839,3.296601245983145,3.470420131013361,0.21298678239627494,0.1849701338785605,0.2362634031891397,0,0,3,2025-12-19T16:21:16.172194,3.2912309169769287
2017-10-18,18,2,-0.22252093395631434,0.9749279121818236,291,0.2926003356333479,-0.9562348265919058,15,7,0,0,False,1,3.367295829986474,3.6375861597263857,3.091042453358316,3.4965075614664802,3.4339872044851463,3.2188758248682006,3.6109179126442243,3.713572066704308,10,0.5000000000000001,-0.8660254037844386,9,3.3771558197508393,3.296601245983145,3.470420131013361,0.21298678239628321,0.18497013387856634,0.2362634031891607,0,0,3,2025-12-19T16:21:16.406927,3.2891657
2017-10-19,19,3,-0.900968867902419,0.43388373911755823,292,0.30901699437494723,-0.9510565162951536,14,0,0,0,False,1,3.367295829986474,3.6375861597263857,3.091042453358316,3.4965075614664802,3.4339872044851463,3.2188758248682006,3.6109179126442243,3.713572066704308,10,0.5000000000000001,-0.8660254037844386,0,3.377155819750839,3.296601245983145,3.470420131013361,0.21298678239627494,0.1849701338785605,0.2362634031891397,0,0,3,2025-12-19T16:21:16.813303,3.362837791442871
2017-10-20,20,4,-0.9009688679024191,-0.433883739117558,293,0.3253420847119795,-0.9455963874271428,13,46,0,0,False,1,3.367295829986474,3.6375861597263857,3.091042453358316,3.4965075614664802,3.4339872044851463,3.2188758248682006,3.6109179126442243,3.713572066704308,10,0.5000000000000001,-0.8660254037844386,0,3.3771558197508393,3.296601245983145,3.470420131013361,0.21298678239628321,0.18497013387856634,0.2362634031891607,0,0,3,2025-12-19T16:21:17.234141,3.4167576
2017-10-21,21,5,-0.2225209339563146,-0.9749279121818236,294,0.341570769167856,-0.9398560579418953,12,0,0,0,True,1,3.367295829986474,3.6375861597263857,3.091042453358316,3.4965075614664802,3.4339872044851463,3.2188758248682006,3.6109179126442243,3.713572066704308,10,0.5000000000000001,-0.8660254037844386,0,3.377155819750839,3.296601245983145,3.470420131013361,0.21298678239627494,0.1849701338785605,0.2362634031891397,0,0,3,2025-12-19T16:21:17.313706,3.498250961303711
2017-10-22,22,6,0.6234898018587334,-0.7818314824680299,295,0.35769823883312546,-0.9338372288229252,11,37,0,0,True,1,3.367295829986474,3.6375861597263857,3.091042453358316,3.4965075614664802,3.4339872044851463,3.2188758248682006,3.6109179126442243,3.713572066704308,10,0.5000000000000001,-0.8660254037844386,0,3.3771558197508393,3.296601245983145,3.470420131013361,0.21298678239628321,0.18497013387856634,0.2362634031891607,0,0,3,2025-12-19T16:21:18.320255,3.5502346
2017-10-23,23,0,1.0,0.0,296,0.3737197147904692,-0.9275416835791965,10,0,0,0,False,1,3.367295829986474,3.6375861597263857,3.091042453358316,3.4965075614664802,3.4339872044851463,3.2188758248682006,3.6109179126442243,3.713572066704308,10,0.5000000000000001,-0.8660254037844386,0,3.377155819750839,3.296601245983145,3.470420131013361,0.21298678239627494,0.1849701338785605,0.2362634031891397,0,0,3,2025-12-19T16:21:18.495293,3.155942916870117
2017-10-24,24,1,0.6234898018587336,0.7818314824680298,297,0.38963044953078774,-0.9209712877166347,9,24,0,0,False,1,3.367295829986474,3.6375861597263857,3.091042453358316,3.4965075614664802,3.4339872044851463,3.2188758248682006,3.6109179126442243,3.713572066704308,10,0.5000000000000001,-0.8660254037844386,0,3.3771558197508393,3.296601245983145,3.470420131013361,0.21298678239628321,0.18497013387856634,0.2362634031891607,0,0,3,2025-12-19T16:21:18.940408,3.311681
2017-10-25,25,2,-0.22252093395631434,0.9749279121818236,298,0.4054257283599973,-0.9141279881853337,8,0,0,0,False,1,3.367295829986474,3.6375861597263857,3.091042453358316,3.4965075614664802,3.4339872044851463,3.2188758248682006,3.6109179126442243,3.713572066704308,10,0.5000000000000001,-0.8660254037844386,0,3.377155819750839,3.296601245983145,3.470420131013361,0.21298678239627494,0.1849701338785605,0.2362634031891397,0,0,3,2025-12-19T16:21:19.393050,3.3101000785827637
2017-10-26,26,3,-0.900968867902419,0.43388373911755823,299,0.42110087079608916,-0.9070138128026362,7,34,0,0,False,1,3.367295829986474,3.6375861597263857,3.091042453358316,3.4965075614664802,3.4339872044851463,3.2188758248682006,3.6109179126442243,3.713572066704308,10,0.5000000000000001,-0.8660254037844386,0,3.3771558197508393,3.296601245983145,3.470420131013361,0.21298678239628321,0.18497013387856634,0.2362634031891607,0,0,3,2025-12-19T16:21:19.465081,3.3785553
2017-10-27,27,4,-0.9009688679024191,-0.433883739117558,300,0.4366512319560638,-0.8996308696522434,6,0,0,0,False,1,3.367295829986474,3.6375861597263857,3.091042453358316,3.4965075614664802,3.4339872044851463,3.2188758248682006,3.6109179126442243,3.713572066704308,10,0.5000000000000001,-0.8660254037844386,0,3.377155819750839,3.296601245983145,3.470420131013361,0.21298678239627494,0.1849701338785605,0.2362634031891397,0,0,3,2025-12-19T16:21:20.418550,3.437720775604248
2017-10-28,28,5,-0.2225209339563146,-0.9749279121818236,301,0.45207220393230374,-0.8919813464595487,5,25,0,0,True,1,3.367295829986474,3.6375861597263857,3.091042453358316,3.4965075614664802,3.4339872044851463,3.2188758248682006,3.6109179126442243,3.713572066704308,10,0.5000000000000001,-0.8660254037844386,0,3.3771558197508393,3.296601245983145,3.470420131013361,0.21298678239628321,0.18497013387856634,0.2362634031891607,0,0,3,2025-12-19T16:21:20.685126,3.5131943
2017-10-29,29,6,0.6234898018587334,-0.7818314824680299,302,0.46735921715800205,-0.8840675099433637,4,0,0,0,True,1,3.367295829986474,3.6375861597263857,3.091042453358316,3.4965075614664802,3.4339872044851463,3.2188758248682006,3.6109179126442243,3.713572066704308,10,0.5000000000000001,-0.8660254037844386,0,3.377155819750839,3.296601245983145,3.470420131013361,0.21298678239627494,0.1849701338785605,0.2362634031891397,0,0,3,2025-12-19T16:21:21.016602,3.5709030628204346
2017-10-31,31,1,0.6234898018587336,0.7818314824680298,304,0.4975132889071803,-0.8674563547295971,2,0,0,0,False,1,3.367295829986474,3.6375861597263857,3.091042453358316,3.4965075614664802,3.4339872044851463,3.2188758248682006,3.6109179126442243,3.713572066704308,10,0.5000000000000001,-0.8660254037844386,0,3.377155819750839,3.296601245983145,3.470420131013361,0.21298678239627494,0.1849701338785605,0.2362634031891397,0,0,3,2025-12-19T16:21:21.578807,3.341639995574951
2017-10-30,30,0,1.0,0.0,303,0.48250774176121763,-0.8758917051442433,3,28,0,0,False,1,3.367295829986474,3.6375861597263857,3.091042453358316,3.4965075614664802,3.4339872044851463,3.2188758248682006,3.6109179126442243,3.713572066704308,10,0.5000000000000001,-0.8660254037844386,0,3.3771558197508393,3.296601245983145,3.470420131013361,0.21298678239628321,0.18497013387856634,0.2362634031891607,0,0,3,2025-12-19T16:21:21.597813,3.180575
2017-11-01,1,2,-0.22252093395631434,0.9749279121818236,305,0.5123714121284235,-0.858763958275803,1,37,0,1,False,1,3.367295829986474,3.6375861597263857,3.091042453358316,3.4965075614664802,3.4339872044851463,3.2188758248682006,3.6109179126442243,3.713572066704308,11,0.8660254037844384,-0.5000000000000004,0,3.3771558197508393,3.296601245983145,3.470420131013361,0.21298678239628321,0.18497013387856634,0.2362634031891607,0,0,3,2025-12-19T16:21:22.522571,3.4157705
2017-11-02,2,3,-0.900968867902419,0.43388373911755823,306,0.5270777086423724,-0.8498170915275277,0,0,1,1,False,1,3.367295829986474,3.6375861597263857,3.091042453358316,3.4965075614664802,3.4339872044851463,3.2188758248682006,3.6109179126442243,3.713572066704308,11,0.8660254037844384,-0.5000000000000004,0,3.377155819750839,3.296601245983145,3.470420131013361,0.21298678239627494,0.1849701338785605,0.2362634031891397,0,0,3,2025-12-19T16:21:22.767409,3.4714272022247314
2017-11-03,3,4,-0.9009688679024191,-0.433883739117558,307,0.5416278206559811,-0.8406184056344783,12,2,0,1,False,1,3.367295829986474,3.6375861597263857,3.091042453358316,3.4965075614664802,3.4339872044851463,3.2188758248682006,3.6109179126442243,3.713572066704308,11,0.8660254037844384,-0.5000000000000004,14,3.3771558197508393,3.296601245983145,3.470420131013361,0.21298678239628321,0.18497013387856634,0.2362634031891607,0,0,3,2025-12-19T16:21:23.164942,3.521565
2017-11-04,4,5,-0.2225209339563146,-0.9749279121818236,308,0.5560174366570446,-0.8311706263658079,11,0,0,1,True,1,3.367295829986474,3.6375861597263857,3.091042453358316,3.4965075614664802,3.4339872044851463,3.2188758248682006,3.6109179126442243,3.713572066704308,11,0.8660254037844384,-0.5000000000000004,0,3.377155819750839,3.296601245983145,3.470420131013361,0.21298678239627494,0.1849701338785605,0.2362634031891397,0,0,3,2025-12-19T16:21:23.696183,3.5896570682525635
2017-11-05,5,6,0.6234898018587334,-0.7818314824680299,309,0.5702422926917867,-0.8214765533024145,10,39,0,1,True,1,3.367295829986474,3.6375861597263857,3.091042453358316,3.4965075614664802,3.4339872044851463,3.2188758248682006,3.6109179126442243,3.713572066704308,11,0.8660254037844384,-0.5000000000000004,0,3.3771558197508393,3.296601245983145,3.470420131013361,0.21298678239628321,0.18497013387856634,0.2362634031891607,0,0,3,2025-12-19T16:21:23.741151,3.6417418
2017-11-06,6,0,1.0,0.0,310,0.5842981736283683,-0.8115390590073611,9,0,0,1,False,1,3.367295829986474,3.6375861597263857,3.091042453358316,3.4965075614664802,3.4339872044851463,3.2188758248682006,3.6109179126442243,3.713572066704308,11,0.8660254037844384,-0.5000000000000004,0,3.377155819750839,3.296601245983145,3.470420131013361,0.21298678239627494,0.1849701338785605,0.2362634031891397,0,0,3,2025-12-19T16:21:24.674903,3.239678144454956
2017-11-07,7,1,0.6234898018587336,0.7818314824680298,311,0.5981809144059158,-0.801361088174677,8,37,0,1,False,1,3.367295829986474,3.6375861597263857,3.091042453358316,3.4965075614664802,3.4339872044851463,3.2188758248682006,3.6109179126442243,3.713572066704308,11,0.8660254037844384,-0.5000000000000004,0,3.3771558197508393,3.296601245983145,3.470420131013361,0.21298678239628321,0.18497013387856634,0.2362634031891607,0,0,3,2025-12-19T16:21:24.881987,3.3980525
2017-11-08,8,2,-0.22252093395631434,0.9749279121818236,312,0.6118864012687242,-0.7909456567567774,7,0,0,1,False,1,3.367295829986474,3.6375861597263857,3.091042453358316,3.4965075614664802,3.4339872044851463,3.2188758248682006,3.6109179126442243,3.713572066704308,11,0.8660254037844384,-0.5000000000000004,0,3.377155819750839,3.296601245983145,3.470420131013361,0.21298678239627494,0.1849701338785605,0.2362634031891397,0,0,3,2025-12-19T16:21:25.261062,3.3983166217803955
2017-11-09,9,3,-0.900968867902419,0.43388373911755823,313,0.6254105729852457,-0.780295851070776,6,35,0,1,False,1,3.367295829986474,3.6375861597263857,3.091042453358316,3.4965075614664802,3.4339872044851463,3.2188758248682006,3.6109179126442243,3.713572066704308,11,0.8660254037844384,-0.5000000000000004,0,3.3771558197508393,3.296601245983145,3.470420131013361,0.21298678239628321,0.18497013387856634,0.2362634031891607,0,0,3,2025-12-19T16:21:25.849424,3.463524
2017-11-10,10,4,-0.9009688679024191,-0.433883739117558,314,0.6387494220515268,-0.7694148268839381,5,0,0,1,False,1,3.367295829986474,3.6375861597263857,3.091042453358316,3.4965075614664802,3.4339872044851463,3.2188758248682006,3.6109179126442243,3.713572066704308,11,0.8660254037844384,-0.5000000000000004,0,3.377155819750839,3.296601245983145,3.470420131013361,0.21298678239627494,0.1849701338785605,0.2362634031891397,0,0,3,2025-12-19T16:21:25.886429,3.5169835090637207
2017-11-11,11,5,-0.2225209339563146,-0.9749279121818236,315,0.6518989958787125,-0.7583058084785625,4,4,0,0,True,1,3.367295829986474,3.6375861597263857,3.091042453358316,3.4965075614664802,3.4339872044851463,3.2188758248682006,3.6109179126442243,3.713572066704308,11,0.8660254037844384,-0.5000000000000004,12,3.3771558197508393,3.296601245983145,3.470420131013361,0.21298678239628321,0.18497013387856634,0.2362634031891607,0,0,3,2025-12-19T16:21:26.798539,3.5810838
2017-11-12,12,6,0.6234898018587334,-0.7818314824680299,316,0.6648553979642866,-0.7469720876965551,3,0,0,0,True,1,3.367295829986474,3.6375861597263857,3.091042453358316,3.4965075614664802,3.4339872044851463,3.2188758248682006,3.6109179126442243,3.713572066704308,11,0.8660254037844384,-0.5000000000000004,0,3.377155819750839,3.296601245983145,3.470420131013361,0.21298678239627494,0.1849701338785605,0.2362634031891397,0,0,3,2025-12-19T16:21:26.973538,3.6359734535217285
2017-11-13,13,0,1.0,0.0,317,0.6776147890466887,-0.7354170229639858,2,16,0,0,False,1,3.367295829986474,3.6375861597263857,3.091042453358316,3.4965075614664802,3.4339872044851463,3.2188758248682006,3.6109179126442243,3.713572066704308,11,0.8660254037844384,-0.5000000000000004,0,3.3771558197508393,3.296601245983145,3.470420131013361,0.21298678239628321,0.18497013387856634,0.2362634031891607,0,0,3,2025-12-19T16:21:27.405785,3.238452
2017-11-14,14,1,0.6234898018587336,0.7818314824680298,318,0.690173388242972,-0.7236440382959124,1,0,0,0,False,1,3.367295829986474,3.6375861597263857,3.091042453358316,3.4965075614664802,3.4339872044851463,3.2188758248682006,3.6109179126442243,3.713572066704308,11,0.8660254037844384,-0.5000000000000004,0,3.377155819750839,3.296601245983145,3.470420131013361,0.21298678239627494,0.1849701338785605,0.2362634031891397,0,0,3,2025-12-19T16:21:27.966409,3.400256872177124
2017-11-15,15,2,-0.22252093395631434,0.9749279121818236,319,0.7025274741691566,-0.711656622281775,0,3,1,0,False,1,3.367295829986474,3.6375861597263857,3.091042453358316,3.4965075614664802,3.4339872044851463,3.2188758248682006,3.6109179126442243,3.713572066704308,11,0.8660254037844384,-0.5000000000000004,13,3.3771558197508393,3.296601245983145,3.470420131013361,0.21298678239628321,0.18497013387856634,0.2362634031891607,0,0,3,2025-12-19T16:21:28.019367,3.394876
2017-11-16,16,3,-0.900968867902419,0.43388373911755823,320,0.7146733860429608,-0.6994583270516471,39,0,0,0,False,1,3.367295829986474,3.6375861597263857,3.091042453358316,3.4965075614664802,3.4339872044851463,3.2188758248682006,3.6109179126442243,3.713572066704308,11,0.8660254037844384,-0.5000000000000004,0,3.377155819750839,3.296601245983145,3.470420131013361,0.21298678239627494,0.1849701338785605,0.2362634031891397,0,0,3,2025-12-19T16:21:28.888966,3.4572970867156982
2017-11-17,17,4,-0.9009688679024191,-0.433883739117558,321,0.7266075247685652,-0.6870527672236675,38,28,0,0,False,1,3.367295829986474,3.6375861597263857,3.091042453358316,3.4965075614664802,3.4339872044851463,3.2188758248682006,3.6109179126442243,3.713572066704308,11,0.8660254037844384,-0.5000000000000004,0,3.3771558197508393,3.296601245983145,3.470420131013361,0.21298678239628321,0.18497013387856634,0.2362634031891607,0,0,3,2025-12-19T16:21:29.109327,3.512425
2017-11-18,18,5,-0.2225209339563146,-0.9749279121818236,322,0.7383263540031063,-0.6744436188329457,37,0,0,0,True,1,3.367295829986474,3.6375861597263857,3.091042453358316,3.4965075614664802,3.4339872044851463,3.2188758248682006,3.6109179126442243,3.713572066704308,11,0.8660254037844384,-0.5000000000000004,0,3.377155819750839,3.296601245983145,3.470420131013361,0.21298678239627494,0.1849701338785605,0.2362634031891397,0,0,3,2025-12-19T16:21:29.514738,3.5783205032348633
2017-11-19,19,6,0.6234898018587334,-0.7818314824680299,323,0.749826401204568,-0.661634618242279,36,22,0,0,True,1,3.367295829986474,3.6375861597263857,3.091042453358316,3.4965075614664802,3.4339872044851463,3.2188758248682006,3.6109179126442243,3.713572066704308,11,0.8660254037844384,-0.5000000000000004,0,3.3771558197508393,3.296601245983145,3.470420131013361,0.21298678239628321,0.18497013387856634,0.2362634031891607,0,0,3,2025-12-19T16:21:30.066395,3.6317375
2017-11-20,20,0,1.0,0.0,324,0.7611042586607742,-0.6486295610349818,35,0,0,0,False,1,3.367295829986474,3.6375861597263857,3.091042453358316,3.4965075614664802,3.4339872044851463,3.2188758248682006,3.6109179126442243,3.713572066704308,11,0.8660254037844384,-0.5000000000000004,0,3.377155819750839,3.296601245983145,3.470420131013361,0.21298678239627494,0.1849701338785605,0.2362634031891397,0,0,3,2025-12-19T16:21:30.118034,3.2349159717559814
2017-11-21,21,1,0.6234898018587336,0.7818314824680298,325,0.7721565844991641,-0.6354323008901775,34,49,0,0,False,1,3.367295829986474,3.6375861597263857,3.091042453358316,3.4965075614664802,3.4339872044851463,3.2188758248682006,3.6109179126442243,3.713572066704308,11,0.8660254037844384,-0.5000000000000004,0,3.3771558197508393,3.296601245983145,3.470420131013361,0.21298678239628321,0.18497013387856634,0.2362634031891607,0,0,3,2025-12-19T16:21:31.029647,3.3910024
2017-11-22,22,2,-0.22252093395631434,0.9749279121818236,326,0.7829801036770624,-0.622046748440868,33,0,0,0,False,1,3.367295829986474,3.6375861597263857,3.091042453358316,3.4965075614664802,3.4339872044851463,3.2188758248682006,3.6109179126442243,3.713572066704308,11,0.8660254037844384,-0.5000000000000004,0,3.377155819750839,3.296601245983145,3.470420131013361,0.21298678239627494,0.1849701338785605,0.2362634031891397,0,0,3,2025-12-19T16:21:31.207297,3.3877384662628174
2017-11-23,23,3,-0.900968867902419,0.43388373911755823,327,0.7935716089521472,-0.6084768701151264,32,32,0,0,False,1,3.367295829986474,3.6375861597263857,3.091042453358316,3.4965075614664802,3.4339872044851463,3.2188758248682006,3.6109179126442243,3.713572066704308,11,0.8660254037844384,-0.5000000000000004,0,3.3771558197508393,3.296601245983145,3.470420131013361,0.21298678239628321,0.18497013387856634,0.2362634031891607,0,0,3,2025-12-19T16:21:31.607146,3.4560611
2017-11-24,24,4,-0.9009688679024191,-0.433883739117558,328,0.8039279618328208,-0.594726686960764,31,0,0,0,False,1,3.367295829986474,3.6375861597263857,3.091042453358316,3.4965075614664802,3.4339872044851463,3.2188758248682006,3.6109179126442243,3.713572066704308,11,0.8660254037844384,-0.5000000000000004,0,3.377155819750839,3.296601245983145,3.470420131013361,0.21298678239627494,0.1849701338785605,0.2362634031891397,0,0,3,2025-12-19T16:21:32.204089,3.5073907375335693
2017-11-25,25,5,-0.2225209339563146,-0.9749279121818236,329,0.8140460935082175,-0.5808002734538013,30,11,0,0,True,1,3.367295829986474,3.6375861597263857,3.091042453358316,3.4965075614664802,3.4339872044851463,3.2188758248682006,3.6109179126442243,3.713572066704308,11,0.8660254037844384,-0.5000000000000004,5,3.3771558197508393,3.296601245983145,3.470420131013361,0.21298678239628321,0.18497013387856634,0.2362634031891607,0,0,3,2025-12-19T16:21:32.264088,3.568905
2017-11-26,26,6,0.6234898018587334,-0.7818314824680299,330,0.8239230057575536,-0.5667017562911184,29,0,0,0,True,1,3.367295829986474,3.6375861597263857,3.091042453358316,3.4965075614664802,3.4339872044851463,3.2188758248682006,3.6109179126442243,3.713572066704308,11,0.8660254037844384,-0.5000000000000004,0,3.377155819750839,3.296601245983145,3.470420131013361,0.21298678239627494,0.1849701338785605,0.2362634031891397,0,0,3,2025-12-19T16:21:33.113803,3.606290102005005
2017-11-27,27,0,1.0,0.0,331,0.8335557718385695,-0.5524353131676203,28,3,0,0,False,1,3.367295829986474,3.6375861597263857,3.091042453358316,3.4965075614664802,3.4339872044851463,3.2188758248682006,3.6109179126442243,3.713572066704308,11,0.8660254037844384,-0.5000000000000004,13,3.3771558197508393,3.296601245983145,3.470420131013361,0.21298678239628321,0.18497013387856634,0.2362634031891607,0,0,3,2025-12-19T16:21:33.336183,3.22721
2017-11-28,28,1,0.6234898018587336,0.7818314824680298,332,0.8429415373547832,-0.5380051715382992,27,0,0,0,False,1,3.367295829986474,3.6375861597263857,3.091042453358316,3.4965075614664802,3.4339872044851463,3.2188758248682006,3.6109179126442243,3.713572066704308,11,0.8660254037844384,-0.5000000000000004,0,3.377155819750839,3.296601245983145,3.470420131013361,0.21298678239627494,0.1849701338785605,0.2362634031891397,0,0,3,2025-12-19T16:21:33.715850,3.3829867839813232
2017-11-30,30,3,-0.900968867902419,0.43388373911755823,334,0.8609610158889945,-0.5086709438521042,25,0,0,0,False,1,3.367295829986474,3.6375861597263857,3.091042453358316,3.4965075614664802,3.4339872044851463,3.2188758248682006,3.6109179126442243,3.713572066704308,11,0.8660254037844384,-0.5000000000000004,0,3.377155819750839,3.296601245983145,3.470420131013361,0.21298678239627494,0.1849701338785605,0.2362634031891397,0,0,3,2025-12-19T16:21:34.364353,3.4432172775268555
2017-11-29,29,2,-0.22252093395631434,0.9749279121818236,333,0.8520775211013093,-0.5234156073655503,26,50,0,0,False,1,3.367295829986474,3.6375861597263857,3.091042453358316,3.4965075614664802,3.4339872044851463,3.2188758248682006,3.6109179126442243,3.713572066704308,11,0.8660254037844384,-0.5000000000000004,0,3.3771558197508393,3.296601245983145,3.470420131013361,0.21298678239628321,0.18497013387856634,0.2362634031891607,0,0,3,2025-12-19T16:21:34.403905,3.37456
2017-12-01,1,4,-0.9009688679024191,-0.433883739117558,335,0.8695893893466109,-0.49377555015997737,24,36,0,1,False,1,3.367295829986474,3.6375861597263857,3.091042453358316,3.4965075614664802,3.4339872044851463,3.2188758248682006,3.6109179126442243,3.713572066704308,12,1.0,-2.4492935982947064e-16,0,3.3771558197508393,3.296601245983145,3.470420131013361,0.21298678239628321,0.18497013387856634,0.2362634031891607,0,0,3,2025-12-19T16:21:35.357675,3.1734838
2017-12-02,2,5,-0.2225209339563146,-0.9749279121818236,336,0.8779600847008883,-0.4787338401157883,23,0,0,1,True,1,3.367295829986474,3.6375861597263857,3.091042453358316,3.4965075614664802,3.4339872044851463,3.2188758248682006,3.6109179126442243,3.713572066704308,12,1.0,-2.4492935982947064e-16,0,3.377155819750839,3.296601245983145,3.470420131013361,0.21298678239627494,0.1849701338785605,0.2362634031891397,0,0,3,2025-12-19T16:21:35.400264,3.2404613494873047
2017-12-03,3,6,0.6234898018587334,-0.7818314824680299,337,0.8860706215341378,-0.4635502709028512,22,17,0,1,True,1,3.367295829986474,3.6375861597263857,3.091042453358316,3.4965075614664802,3.4339872044851463,3.2188758248682006,3.6109179126442243,3.713572066704308,12,1.0,-2.4492935982947064e-16,0,3.3771558197508393,3.296601245983145,3.470420131013361,0.21298678239628321,0.18497013387856634,0.2362634031891607,0,0,3,2025-12-19T16:21:35.831416,3.291155
2017-12-04,4,0,1.0,0.0,338,0.893918596519257,-0.4482293417404106,21,0,0,1,False,1,3.367295829986474,3.6375861597263857,3.091042453358316,3.4965075614664802,3.4339872044851463,3.2188758248682006,3.6109179126442243,3.713572066704308,12,1.0,-2.4492935982947064e-16,0,3.377155819750839,3.296601245983145,3.470420131013361,0.21298678239627494,0.1849701338785605,0.2362634031891397,0,0,3,2025-12-19T16:21:36.538213,2.9722979068756104
2017-12-05,5,1,0.6234898018587336,0.7818314824680298,339,0.9015016841318838,-0.4327755925504317,20,24,0,1,False,1,3.367295829986474,3.6375861597263857,3.091042453358316,3.4965075614664802,3.4339872044851463,3.2188758248682006,3.6109179126442243,3.713572066704308,12,1.0,-2.4492935982947064e-16,0,3.3771558197508393,3.296601245983145,3.470420131013361,0.21298678239628321,0.18497013387856634,0.2362634031891607,0,0,3,2025-12-19T16:21:36.605551,3.110927
2017-12-06,6,2,-0.22252093395631434,0.9749279121818236,340,0.9088176373395028,-0.41719360261231697,19,0,0,1,False,1,3.367295829986474,3.6375861597263857,3.091042453358316,3.4965075614664802,3.4339872044851463,3.2188758248682006,3.6109179126442243,3.713572066704308,12,1.0,-2.4492935982947064e-16,0,3.377155819750839,3.296601245983145,3.470420131013361,0.21298678239627494,0.1849701338785605,0.2362634031891397,0,0,3,2025-12-19T16:21:37.488077,3.1074652671813965
2017-12-07,7,3,-0.900968867902419,0.43388373911755823,341,0.9158642882672868,-0.4014879892059737,18,35,0,1,False,1,3.367295829986474,3.6375861597263857,3.091042453358316,3.4965075614664802,3.4339872044851463,3.2188758248682006,3.6109179126442243,3.713572066704308,12,1.0,-2.4492935982947064e-16,0,3.3771558197508393,3.296601245983145,3.470420131013361,0.21298678239628321,0.18497013387856634,0.2362634031891607,0,0,3,2025-12-19T16:21:37.535079,3.2011669
2017-12-08,8,4,-0.9009688679024191,-0.433883739117558,342,0.9226395488404875,-0.38566340624360745,17,0,0,1,False,1,3.367295829986474,3.6375861597263857,3.091042453358316,3.4965075614664802,3.4339872044851463,3.2188758248682006,3.6109179126442243,3.713572066704308,12,1.0,-2.4492935982947064e-16,0,3.377155819750839,3.296601245983145,3.470420131013361,0.21298678239627494,0.1849701338785605,0.2362634031891397,0,0,3,2025-12-19T16:21:37.966250,3.274033546447754
2017-12-09,9,5,-0.2225209339563146,-0.9749279121818236,343,0.9291414114031743,-0.3697245428906732,16,19,0,1,True,1,3.367295829986474,3.6375861597263857,3.091042453358316,3.4965075614664802,3.4339872044851463,3.2188758248682006,3.6109179126442243,3.713572066704308,12,1.0,-2.4492935982947064e-16,0,3.3771558197508393,3.296601245983145,3.470420131013361,0.21298678239628321,0.18497013387856634,0.2362634031891607,0,0,3,2025-12-19T16:21:38.636843,3.3347898
2017-12-10,10,6,0.6234898018587334,-0.7818314824680299,344,0.935367949313148,-0.3536761221763721,15,0,0,1,True,1,3.367295829986474,3.6375861597263857,3.091042453358316,3.4965075614664802,3.4339872044851463,3.2188758248682006,3.6109179126442243,3.713572066704308,12,1.0,-2.4492935982947064e-16,0,3.377155819750839,3.296601245983145,3.470420131013361,0.21298678239627494,0.1849701338785605,0.2362634031891397,0,0,3,2025-12-19T16:21:38.687309,3.3834071159362793
2017-12-12,12,1,0.6234898018587336,0.7818314824680298,346,0.9469877530760751,-0.32126966169236515,13,0,0,0,False,1,3.367295829986474,3.6375861597263857,3.091042453358316,3.4965075614664802,3.4339872044851463,3.2188758248682006,3.6109179126442243,3.713572066704308,12,1.0,-2.4492935982947064e-16,0,3.377155819750839,3.296601245983145,3.470420131013361,0.21298678239627494,0.1849701338785605,0.2362634031891397,0,0,3,2025-12-19T16:21:39.625490,3.1600568294525146
2017-12-11,11,0,1.0,0.0,345,0.941317317512847,-0.33752289959411347,14,8,0,0,False,1,3.367295829986474,3.6375861597263857,3.091042453358316,3.4965075614664802,3.4339872044851463,3.2188758248682006,3.6109179126442243,3.713572066704308,12,1.0,-2.4492935982947064e-16,8,3.3771558197508393,3.296601245983145,3.470420131013361,0.21298678239628321,0.18497013387856634,0.2362634031891607,0,0,3,2025-12-19T16:21:39.681330,3.028834
2017-12-13,13,2,-0.22252093395631434,0.9749279121818236,347,0.9523775757303973,-0.3049212246562894,12,45,0,0,False,1,3.367295829986474,3.6375861597263857,3.091042453358316,3.4965075614664802,3.4339872044851463,3.2188758248682006,3.6109179126442243,3.713572066704308,12,1.0,-2.4492935982947064e-16,0,3.3771558197508393,3.296601245983145,3.470420131013361,0.21298678239628321,0.18497013387856634,0.2362634031891607,0,0,3,2025-12-19T16:21:40.102998,3.1598058
2017-12-14,14,3,-0.900968867902419,0.43388373911755823,348,0.9574851883550389,-0.2884824328806098,11,0,0,0,False,1,3.367295829986474,3.6375861597263857,3.091042453358316,3.4965075614664802,3.4339872044851463,3.2188758248682006,3.6109179126442243,3.713572066704308,12,1.0,-2.4492935982947064e-16,0,3.377155819750839,3.296601245983145,3.470420131013361,0.21298678239627494,0.1849701338785605,0.2362634031891397,0,0,3,2025-12-19T16:21:40.772927,3.2388126850128174
2017-12-15,15,4,-0.9009688679024191,-0.433883739117558,349,0.9623090774541487,-0.27195815753410524,10,25,0,0,False,1,3.367295829986474,3.6375861597263857,3.091042453358316,3.4965075614664802,3.4339872044851463,3.2188758248682006,3.6109179126442243,3.713572066704308,12,1.0,-2.4492935982947064e-16,0,3.3771558197508393,3.296601245983145,3.470420131013361,0.21298678239628321,0.18497013387856634,0.2362634031891607,0,0,3,2025-12-19T16:21:40.822102,3.3001492
2017-12-16,16,5,-0.2225209339563146,-0.9749279121818236,350,0.9668478136052773,-0.2553532951161881,9,0,0,0,True,1,3.367295829986474,3.6375861597263857,3.091042453358316,3.4965075614664802,3.4339872044851463,3.2188758248682006,3.6109179126442243,3.713572066704308,12,1.0,-2.4492935982947064e-16,0,3.377155819750839,3.296601245983145,3.470420131013361,0.21298678239627494,0.1849701338785605,0.2362634031891397,0,0,3,2025-12-19T16:21:41.759489,3.3681013584136963
2017-12-17,17,6,0.6234898018587334,-0.7818314824680299,351,0.9711000518829505,-0.23867276600594997,8,13,0,0,True,1,3.367295829986474,3.6375861597263857,3.091042453358316,3.4965075614664802,3.4339872044851463,3.2188758248682006,3.6109179126442243,3.713572066704308,12,1.0,-2.4492935982947064e-16,3,3.3771558197508393,3.296601245983145,3.470420131013361,0.21298678239628321,0.18497013387856634,0.2362634031891607,0,0,3,2025-12-19T16:21:41.807432,3.4202964
2017-12-18,18,0,1.0,0.0,352,0.9750645322571945,-0.22192151300416674,7,0,0,0,False,1,3.367295829986474,3.6375861597263857,3.091042453358316,3.4965075614664802,3.4339872044851463,3.2188758248682006,3.6109179126442243,3.713572066704308,12,1.0,-2.4492935982947064e-16,0,3.377155819750839,3.296601245983145,3.470420131013361,0.21298678239627494,0.1849701338785605,0.2362634031891397,0,0,3,2025-12-19T16:21:42.181901,3.0391781330108643
2017-12-19,19,1,0.6234898018587336,0.7818314824680298,353,0.9787400799669153,-0.20510449986861926,6,36,0,0,False,1,3.367295829986474,3.6375861597263857,3.091042453358316,3.4965075614664802,3.4339872044851463,3.2188758248682006,3.6109179126442243,3.713572066704308,12,1.0,-2.4492935982947064e-16,0,3.3771558197508393,3.296601245983145,3.470420131013361,0.21298678239628321,0.18497013387856634,0.2362634031891607,0,0,3,2025-12-19T16:21:42.876236,3.1717753
2017-12-20,20,2,-0.22252093395631434,0.9749279121818236,354,0.9821256058680006,-0.1882267098432439,5,0,0,0,False,1,3.367295829986474,3.6375861597263857,3.091042453358316,3.4965075614664802,3.4339872044851463,3.2188758248682006,3.6109179126442243,3.713572066704308,12,1.0,-2.4492935982947064e-16,0,3.377155819750839,3.296601245983145,3.470420131013361,0.21298678239627494,0.1849701338785605,0.2362634031891397,0,0,3,2025-12-19T16:21:42.918278,3.1723122596740723
2017-12-22,22,4,-0.9009688679024191,-0.433883739117558,356,0.9880226656636976,-0.154308820664281,3,0,0,0,False,1,3.367295829986474,3.6375861597263857,3.091042453358316,3.4965075614664802,3.4339872044851463,3.2188758248682006,3.6109179126442243,3.713572066704308,12,1.0,-2.4492935982947064e-16,0,3.377155819750839,3.296601245983145,3.470420131013361,0.21298678239627494,0.1849701338785605,0.2362634031891397,0,0,3,2025-12-19T16:21:43.923805,3.3286120891571045
2017-12-21,21,3,-0.900968867902419,0.43388373911755823,355,0.9852201067560606,-0.1712931441814778,4,20,0,0,False,1,3.367295829986474,3.6375861597263857,3.091042453358316,3.4965075614664802,3.4339872044851463,3.2188758248682006,3.6109179126442243,3.713572066704308,12,1.0,-2.4492935982947064e-16,0,3.3771558197508393,3.296601245983145,3.470420131013361,0.21298678239628321,0.18497013387856634,0.2362634031891607,0,0,3,2025-12-19T16:21:43.941842,3.2649462
2017-12-23,23,5,-0.2225209339563146,-0.9749279121818236,357,0.9905324521322227,-0.13727877211326517,2,32,0,0,True,1,3.367295829986474,3.6375861597263857,3.091042453358316,3.4965075614664802,3.4339872044851463,3.2188758248682006,3.6109179126442243,3.713572066704308,12,1.0,-2.4492935982947064e-16,0,3.3771558197508393,3.296601245983145,3.470420131013361,0.21298678239628321,0.18497013387856634,0.2362634031891607,0,0,3,2025-12-19T16:21:44.281070,3.387949
2017-12-24,24,6,0.6234898018587334,-0.7818314824680299,358,0.9927487224577402,-0.12020804489935275,1,0,0,0,True,1,3.367295829986474,3.6375861597263857,3.091042453358316,3.4965075614664802,3.4339872044851463,3.2188758248682006,3.6109179126442243,3.713572066704308,12,1.0,-2.4492935982947064e-16,0,3.377155819750839,3.296601245983145,3.470420131013361,0.21298678239627494,0.1849701338785605,0.2362634031891397,0,0,3,2025-12-19T16:21:44.958601,3.446756601333618
2017-12-25,25,0,1.0,0.0,359,0.9946708199115211,-0.10310169744743544,0,39,1,0,False,1,3.367295829986474,3.6375861597263857,3.091042453358316,3.4965075614664802,3.4339872044851463,3.2188758248682006,3.6109179126442243,3.713572066704308,12,1.0,-2.4492935982947064e-16,0,3.3771558197508393,3.296601245983145,3.470420131013361,0.21298678239628321,0.18497013387856634,0.2362634031891607,0,0,3,2025-12-19T16:21:45.032600,3.0785794
2017-12-26,26,1,0.6234898018587336,0.7818314824680298,360,0.9962981749346077,-0.0859647987374467,6,0,0,0,False,1,3.367295829986474,3.6375861597263857,3.091042453358316,3.4965075614664802,3.4339872044851463,3.2188758248682006,3.6109179126442243,3.713572066704308,12,1.0,-2.4492935982947064e-16,0,3.377155819750839,3.296601245983145,3.470420131013361,0.21298678239627494,0.1849701338785605,0.2362634031891397,0,0,3,2025-12-19T16:21:46.076049,3.213667869567871
2017-12-27,27,2,-0.22252093395631434,0.9749279121818236,361,0.9976303053065857,-0.06880242680232064,5,50,0,0,False,1,3.367295829986474,3.6375861597263857,3.091042453358316,3.4965075614664802,3.4339872044851463,3.2188758248682006,3.6109179126442243,3.713572066704308,12,1.0,-2.4492935982947064e-16,0,3.3771558197508393,3.296601245983145,3.470420131013361,0.21298678239628321,0.18497013387856634,0.2362634031891607,0,0,3,2025-12-19T16:21:46.127048,3.2182138
2017-12-28,28,3,-0.900968867902419,0.43388373911755823,362,0.9986668162884759,-0.05161966722325418,4,0,0,0,False,1,3.367295829986474,3.6375861597263857,3.091042453358316,3.4965075614664802,3.4339872044851463,3.2188758248682006,3.6109179126442243,3.713572066704308,12,1.0,-2.4492935982947064e-16,0,3.377155819750839,3.296601245983145,3.470420131013361,0.21298678239627494,0.1849701338785605,0.2362634031891397,0,0,3,2025-12-19T16:21:46.376896,3.312345504760742
2017-12-29,29,4,-0.9009688679024191,-0.433883739117558,363,0.9994074007397048,-0.034421611622745804,3,10,0,0,False,1,3.367295829986474,3.6375861597263857,3.091042453358316,3.4965075614664802,3.4339872044851463,3.2188758248682006,3.6109179126442243,3.713572066704308,12,1.0,-2.4492935982947064e-16,6,3.3771558197508393,3.296601245983145,3.470420131013361,0.21298678239628321,0.18497013387856634,0.2362634031891607,0,0,3,2025-12-19T16:21:47.101590,3.3746428
2017-12-30,30,5,-0.2225209339563146,-0.9749279121818236,364,0.9998518392091162,-0.01721335615583528,2,0,0,0,True,1,3.367295829986474,3.6375861597263857,3.091042453358316,3.4965075614664802,3.4339872044851463,3.2188758248682006,3.6109179126442243,3.713572066704308,12,1.0,-2.4492935982947064e-16,0,3.377155819750839,3.296601245983145,3.470420131013361,0.21298678239627494,0.1849701338785605,0.2362634031891397,0,0,3,2025-12-19T16:21:47.136593,3.427935838699341
2017-10-01,1,6,0.6234898018587334,-0.7818314824680299,274,0.004303538296243821,-0.9999907397361901,11,0,0,1,True,1,3.58351893845611,3.6375861597263857,3.2188758248682006,3.4965075614664802,3.5263605246161616,3.367295829986474,3.332204510175204,3.8501476017100584,10,0.5000000000000001,-0.8660254037844386,0,3.3389227398182,3.3402288753366736,3.409712210151325,0.18964457472779847,0.17061834037558607,0.22852474680648002,0,0,4,2025-12-19T16:21:48.235711,3.432750940322876
2017-12-31,31,6,0.6234898018587334,-0.7818314824680299,365,1.0,6.432490598706546e-16,1,46,0,0,True,1,3.367295829986474,3.6375861597263857,3.091042453358316,3.4965075614664802,3.4339872044851463,3.2188758248682006,3.6109179126442243,3.713572066704308,12,1.0,-2.4492935982947064e-16,0,3.3771558197508393,3.296601245983145,3.470420131013361,0.21298678239628321,0.18497013387856634,0.2362634031891607,0,0,3,2025-12-19T16:21:48.252675,3.4753177
2017-10-02,2,0,1.0,0.0,275,0.021516097436222233,-0.9997685019798909,10,26,0,1,False,1,3.58351893845611,3.6375861597263857,3.2188758248682006,3.4965075614664802,3.5263605246161616,3.367295829986474,3.332204510175204,3.8501476017100584,10,0.5000000000000001,-0.8660254037844386,0,3.3389227398182,3.3402288753366736,3.409712210151326,0.18964457472780558,0.17061834037561852,0.22852474680648882,0,0,4,2025-12-19T16:21:48.544880,3.0545332
2017-10-03,3,1,0.6234898018587336,0.7818314824680298,276,0.03872228089217399,-0.9992500112396835,9,0,0,1,False,1,3.58351893845611,3.6375861597263857,3.2188758248682006,3.4965075614664802,3.5263605246161616,3.367295829986474,3.332204510175204,3.8501476017100584,10,0.5000000000000001,-0.8660254037844386,0,3.3389227398182,3.3402288753366736,3.409712210151325,0.18964457472779847,0.17061834037558607,0.22852474680648002,0,0,4,2025-12-19T16:21:49.217388,3.215660333633423
2017-10-04,4,2,-0.22252093395631434,0.9749279121818236,277,0.05591699010060302,-0.9984354211555643,8,21,0,1,False,1,3.58351893845611,3.6375861597263857,3.2188758248682006,3.4965075614664802,3.5263605246161616,3.367295829986474,3.332204510175204,3.8501476017100584,10,0.5000000000000001,-0.8660254037844386,0,3.3389227398182,3.3402288753366736,3.409712210151326,0.18964457472780558,0.17061834037561852,0.22852474680648882,0,0,4,2025-12-19T16:21:49.280766,3.216767
2017-10-05,5,3,-0.900968867902419,0.43388373911755823,278,0.07309512989807776,-0.9973249731081555,7,0,0,1,False,1,3.58351893845611,3.6375861597263857,3.2188758248682006,3.4965075614664802,3.5263605246161616,3.367295829986474,3.332204510175204,3.8501476017100584,10,0.5000000000000001,-0.8660254037844386,0,3.3389227398182,3.3402288753366736,3.409712210151325,0.18964457472779847,0.17061834037558607,0.22852474680648002,0,0,4,2025-12-19T16:21:50.339557,3.2812516689300537
2017-10-06,6,4,-0.9009688679024191,-0.433883739117558,279,0.0902516100310407,-0.9959189961471792,6,13,0,1,False,1,3.58351893845611,3.6375861597263857,3.2188758248682006,3.4965075614664802,3.5263605246161616,3.367295829986474,3.332204510175204,3.8501476017100584,10,0.5000000000000001,-0.8660254037844386,3,3.3389227398182,3.3402288753366736,3.409712210151326,0.18964457472780558,0.17061834037561852,0.22852474680648882,0,0,4,2025-12-19T16:21:50.404188,3.3328905
2017-10-07,7,5,-0.2225209339563146,-0.9749279121818236,280,0.10738134666416306,-0.994217906893952,5,0,0,1,True,1,3.58351893845611,3.6375861597263857,3.2188758248682006,3.4965075614664802,3.5263605246161616,3.367295829986474,3.332204510175204,3.8501476017100584,10,0.5000000000000001,-0.8660254037844386,0,3.3389227398182,3.3402288753366736,3.409712210151325,0.18964457472779847,0.17061834037558607,0.22852474680648002,0,0,4,2025-12-19T16:21:50.711874,3.4002480506896973
2017-10-08,8,6,0.6234898018587334,-0.7818314824680299,281,0.12447926388678869,-0.9922222094179324,4,5,0,1,True,1,3.58351893845611,3.6375861597263857,3.2188758248682006,3.4965075614664802,3.5263605246161616,3.367295829986474,3.332204510175204,3.8501476017100584,10,0.5000000000000001,-0.8660254037844386,11,3.3389227398182,3.3402288753366736,3.409712210151326,0.18964457472780558,0.17061834037561852,0.22852474680648882,0,0,4,2025-12-19T16:21:51.356502,3.463146
2017-10-09,9,0,1.0,0.0,282,0.141540295217043,-0.989932495087353,3,0,0,1,False,1,3.58351893845611,3.6375861597263857,3.2188758248682006,3.4965075614664802,3.5263605246161616,3.367295829986474,3.332204510175204,3.8501476017100584,10,0.5000000000000001,-0.8660254037844386,0,3.3389227398182,3.3402288753366736,3.409712210151325,0.18964457472779847,0.17061834037558607,0.22852474680648002,0,0,4,2025-12-19T16:21:51.431237,3.078716516494751
2017-10-10,10,1,0.6234898018587336,0.7818314824680298,283,0.15855938510313475,-0.9873494423939864,2,35,0,1,False,1,3.58351893845611,3.6375861597263857,3.2188758248682006,3.4965075614664802,3.5263605246161616,3.367295829986474,3.332204510175204,3.8501476017100584,10,0.5000000000000001,-0.8660254037844386,0,3.3389227398182,3.3402288753366736,3.409712210151326,0.18964457472780558,0.17061834037561852,0.22852474680648882,0,0,4,2025-12-19T16:21:52.525362,3.2307472
2017-10-11,11,2,-0.22252093395631434,0.9749279121818236,284,0.17553149042142777,-0.9844738167520923,1,0,0,0,False,1,3.58351893845611,3.6375861597263857,3.2188758248682006,3.4965075614664802,3.5263605246161616,3.367295829986474,3.332204510175204,3.8501476017100584,10,0.5000000000000001,-0.8660254037844386,0,3.3389227398182,3.3402288753366736,3.409712210151325,0.18964457472779847,0.17061834037558607,0.22852474680648002,0,0,4,2025-12-19T16:21:52.550359,3.232771396636963
2017-10-12,12,3,-0.900968867902419,0.43388373911755823,285,0.19245158197082995,-0.9813064702716093,0,17,1,0,False,1,3.58351893845611,3.6375861597263857,3.2188758248682006,3.4965075614664802,3.5263605246161616,3.367295829986474,3.332204510175204,3.8501476017100584,10,0.5000000000000001,-0.8660254037844386,0,3.3389227398182,3.3402288753366736,3.409712210151326,0.18964457472780558,0.17061834037561852,0.22852474680648882,0,0,4,2025-12-19T16:21:52.871535,3.2989588
2017-10-13,13,4,-0.9009688679024191,-0.433883739117558,286,0.20931464596304888,-0.9778483415056567,20,0,0,0,False,1,3.58351893845611,3.6375861597263857,3.2188758248682006,3.4965075614664802,3.5263605246161616,3.367295829986474,3.332204510175204,3.8501476017100584,10,0.5000000000000001,-0.8660254037844386,0,3.3389227398182,3.3402288753366736,3.409712210151325,0.18964457472779847,0.17061834037558607,0.22852474680648002,0,0,4,2025-12-19T16:21:53.504059,3.3552703857421875
2017-10-14,14,5,-0.2225209339563146,-0.9749279121818236,287,0.22611568550828803,-0.9741004551724206,19,19,0,0,True,1,3.58351893845611,3.6375861597263857,3.2188758248682006,3.4965075614664802,3.5263605246161616,3.367295829986474,3.332204510175204,3.8501476017100584,10,0.5000000000000001,-0.8660254037844386,0,3.3389227398182,3.3402288753366736,3.409712210151326,0.18964457472780558,0.17061834037561852,0.22852474680648882,0,0,4,2025-12-19T16:21:53.589047,3.4171207
2017-10-15,15,6,0.6234898018587334,-0.7818314824680299,288,0.2428497220959358,-0.970063921851507,18,0,0,0,True,1,3.58351893845611,3.6375861597263857,3.2188758248682006,3.4965075614664802,3.5263605246161616,3.367295829986474,3.332204510175204,3.8501476017100584,10,0.5000000000000001,-0.8660254037844386,0,3.3389227398182,3.3402288753366736,3.409712210151325,0.18964457472779847,0.17061834037558607,0.22852474680648002,0,0,4,2025-12-19T16:21:54.690573,3.4728939533233643
2017-10-16,16,0,1.0,0.0,289,0.25951179706979943,-0.965739937654855,17,20,0,0,False,1,3.58351893845611,3.6375861597263857,3.2188758248682006,3.4965075614664802,3.5263605246161616,3.367295829986474,3.332204510175204,3.8501476017100584,10,0.5000000000000001,-0.8660254037844386,0,3.3389227398182,3.3402288753366736,3.409712210151326,0.18964457472780558,0.17061834037561852,0.22852474680648882,0,0,4,2025-12-19T16:21:54.743576,3.0962698
2017-10-17,17,1,0.6234898018587336,0.7818314824680298,290,0.27609697309746883,-0.9611297838723007,16,0,0,0,False,1,3.58351893845611,3.6375861597263857,3.2188758248682006,3.4965075614664802,3.5263605246161616,3.367295829986474,3.332204510175204,3.8501476017100584,10,0.5000000000000001,-0.8660254037844386,0,3.3389227398182,3.3402288753366736,3.409712210151325,0.18964457472779847,0.17061834037558607,0.22852474680648002,0,0,4,2025-12-19T16:21:54.953086,3.255825996398926
2017-10-18,18,2,-0.22252093395631434,0.9749279121818236,291,0.2926003356333479,-0.9562348265919058,15,44,0,0,False,1,3.58351893845611,3.6375861597263857,3.2188758248682006,3.4965075614664802,3.5263605246161616,3.367295829986474,3.332204510175204,3.8501476017100584,10,0.5000000000000001,-0.8660254037844386,0,3.3389227398182,3.3402288753366736,3.409712210151326,0.18964457472780558,0.17061834037561852,0.22852474680648882,0,0,4,2025-12-19T16:21:55.654710,3.2579272
2017-10-19,19,3,-0.900968867902419,0.43388373911755823,292,0.30901699437494723,-0.9510565162951536,14,0,0,0,False,1,3.58351893845611,3.6375861597263857,3.2188758248682006,3.4965075614664802,3.5263605246161616,3.367295829986474,3.332204510175204,3.8501476017100584,10,0.5000000000000001,-0.8660254037844386,0,3.3389227398182,3.3402288753366736,3.409712210151325,0.18964457472779847,0.17061834037558607,0.22852474680648002,0,0,4,2025-12-19T16:21:55.688747,3.323155641555786
2017-10-20,20,4,-0.9009688679024191,-0.433883739117558,293,0.3253420847119795,-0.9455963874271428,13,4,0,0,False,1,3.58351893845611,3.6375861597263857,3.2188758248682006,3.4965075614664802,3.5263605246161616,3.367295829986474,3.332204510175204,3.8501476017100584,10,0.5000000000000001,-0.8660254037844386,12,3.3389227398182,3.3402288753366736,3.409712210151326,0.18964457472780558,0.17061834037561852,0.22852474680648882,0,0,4,2025-12-19T16:21:56.832972,3.3787503
2017-10-21,21,5,-0.2225209339563146,-0.9749279121818236,294,0.341570769167856,-0.9398560579418953,12,0,0,0,True,1,3.58351893845611,3.6375861597263857,3.2188758248682006,3.4965075614664802,3.5263605246161616,3.367295829986474,3.332204510175204,3.8501476017100584,10,0.5000000000000001,-0.8660254037844386,0,3.3389227398182,3.3402288753366736,3.409712210151325,0.18964457472779847,0.17061834037558607,0.22852474680648002,0,0,4,2025-12-19T16:21:56.893848,3.4478812217712402
2017-10-22,22,6,0.6234898018587334,-0.7818314824680299,295,0.35769823883312546,-0.9338372288229252,11,33,0,0,True,1,3.58351893845611,3.6375861597263857,3.2188758248682006,3.4965075614664802,3.5263605246161616,3.367295829986474,3.332204510175204,3.8501476017100584,10,0.5000000000000001,-0.8660254037844386,0,3.3389227398182,3.3402288753366736,3.409712210151326,0.18964457472780558,0.17061834037561852,0.22852474680648882,0,0,4,2025-12-19T16:21:57.118284,3.4941256
2017-10-23,23,0,1.0,0.0,296,0.3737197147904692,-0.9275416835791965,10,0,0,0,False,1,3.58351893845611,3.6375861597263857,3.2188758248682006,3.4965075614664802,3.5263605246161616,3.367295829986474,3.332204510175204,3.8501476017100584,10,0.5000000000000001,-0.8660254037844386,0,3.3389227398182,3.3402288753366736,3.409712210151325,0.18964457472779847,0.17061834037558607,0.22852474680648002,0,0,4,2025-12-19T16:21:57.771251,3.114325523376465
2017-10-24,24,1,0.6234898018587336,0.7818314824680298,297,0.38963044953078774,-0.9209712877166347,9,17,0,0,False,1,3.58351893845611,3.6375861597263857,3.2188758248682006,3.4965075614664802,3.5263605246161616,3.367295829986474,3.332204510175204,3.8501476017100584,10,0.5000000000000001,-0.8660254037844386,0,3.3389227398182,3.3402288753366736,3.409712210151326,0.18964457472780558,0.17061834037561852,0.22852474680648882,0,0,4,2025-12-19T16:21:57.831599,3.2719567
2017-10-25,25,2,-0.22252093395631434,0.9749279121818236,298,0.4054257283599973,-0.9141279881853337,8,0,0,0,False,1,3.58351893845611,3.6375861597263857,3.2188758248682006,3.4965075614664802,3.5263605246161616,3.367295829986474,3.332204510175204,3.8501476017100584,10,0.5000000000000001,-0.8660254037844386,0,3.3389227398182,3.3402288753366736,3.409712210151325,0.18964457472779847,0.17061834037558607,0.22852474680648002,0,0,4,2025-12-19T16:21:58.972192,3.270578145980835
2017-10-26,26,3,-0.900968867902419,0.43388373911755823,299,0.42110087079608916,-0.9070138128026362,7,30,0,0,False,1,3.58351893845611,3.6375861597263857,3.2188758248682006,3.4965075614664802,3.5263605246161616,3.367295829986474,3.332204510175204,3.8501476017100584,10,0.5000000000000001,-0.8660254037844386,0,3.3389227398182,3.3402288753366736,3.409712210151326,0.18964457472780558,0.17061834037561852,0.22852474680648882,0,0,4,2025-12-19T16:21:59.038195,3.3318214
2017-10-27,27,4,-0.9009688679024191,-0.433883739117558,300,0.4366512319560638,-0.8996308696522434,6,0,0,0,False,1,3.58351893845611,3.6375861597263857,3.2188758248682006,3.4965075614664802,3.5263605246161616,3.367295829986474,3.332204510175204,3.8501476017100584,10,0.5000000000000001,-0.8660254037844386,0,3.3389227398182,3.3402288753366736,3.409712210151325,0.18964457472779847,0.17061834037558607,0.22852474680648002,0,0,4,2025-12-19T16:21:59.263284,3.3938443660736084
2017-10-29,29,6,0.6234898018587334,-0.7818314824680299,302,0.46735921715800205,-0.8840675099433637,4,0,0,0,True,1,3.58351893845611,3.6375861597263857,3.2188758248682006,3.4965075614664802,3.5263605246161616,3.367295829986474,3.332204510175204,3.8501476017100584,10,0.5000000000000001,-0.8660254037844386,0,3.3389227398182,3.3402288753366736,3.409712210151325,0.18964457472779847,0.17061834037558607,0.22852474680648002,0,0,4,2025-12-19T16:21:59.944760,3.508235216140747
2017-10-28,28,5,-0.2225209339563146,-0.9749279121818236,301,0.45207220393230374,-0.8919813464595487,5,2,0,0,True,1,3.58351893845611,3.6375861597263857,3.2188758248682006,3.4965075614664802,3.5263605246161616,3.367295829986474,3.332204510175204,3.8501476017100584,10,0.5000000000000001,-0.8660254037844386,14,3.3389227398182,3.3402288753366736,3.409712210151326,0.18964457472780558,0.17061834037561852,0.22852474680648882,0,0,4,2025-12-19T16:21:59.988174,3.4591627
2017-10-31,31,1,0.6234898018587336,0.7818314824680298,304,0.4975132889071803,-0.8674563547295971,2,0,0,0,False,1,3.58351893845611,3.6375861597263857,3.2188758248682006,3.4965075614664802,3.5263605246161616,3.367295829986474,3.332204510175204,3.8501476017100584,10,0.5000000000000001,-0.8660254037844386,0,3.3389227398182,3.3402288753366736,3.409712210151325,0.18964457472779847,0.17061834037558607,0.22852474680648002,0,0,4,2025-12-19T16:22:01.137277,3.2955167293548584
2017-10-30,30,0,1.0,0.0,303,0.48250774176121763,-0.8758917051442433,3,33,0,0,False,1,3.58351893845611,3.6375861597263857,3.2188758248682006,3.4965075614664802,3.5263605246161616,3.367295829986474,3.332204510175204,3.8501476017100584,10,0.5000000000000001,-0.8660254037844386,0,3.3389227398182,3.3402288753366736,3.409712210151326,0.18964457472780558,0.17061834037561852,0.22852474680648882,0,0,4,2025-12-19T16:22:01.170245,3.1314764
2017-11-01,1,2,-0.22252093395631434,0.9749279121818236,305,0.5123714121284235,-0.858763958275803,1,38,0,1,False,1,3.58351893845611,3.6375861597263857,3.2188758248682006,3.4965075614664802,3.5263605246161616,3.367295829986474,3.332204510175204,3.8501476017100584,11,0.8660254037844384,-0.5000000000000004,0,3.3389227398182,3.3402288753366736,3.409712210151326,0.18964457472780558,0.17061834037561852,0.22852474680648882,0,0,4,2025-12-19T16:22:01.358169,3.3744633
2017-11-02,2,3,-0.900968867902419,0.43388373911755823,306,0.5270777086423724,-0.8498170915275277,0,0,1,1,False,1,3.58351893845611,3.6375861597263857,3.2188758248682006,3.4965075614664802,3.5263605246161616,3.367295829986474,3.332204510175204,3.8501476017100584,11,0.8660254037844384,-0.5000000000000004,0,3.3389227398182,3.3402288753366736,3.409712210151325,0.18964457472779847,0.17061834037558607,0.22852474680648002,0,0,4,2025-12-19T16:22:02.073167,3.4344263076782227
2017-11-03,3,4,-0.9009688679024191,-0.433883739117558,307,0.5416278206559811,-0.8406184056344783,12,7,0,1,False,1,3.58351893845611,3.6375861597263857,3.2188758248682006,3.4965075614664802,3.5263605246161616,3.367295829986474,3.332204510175204,3.8501476017100584,11,0.8660254037844384,-0.5000000000000004,9,3.3389227398182,3.3402288753366736,3.409712210151326,0.18964457472780558,0.17061834037561852,0.22852474680648882,0,0,4,2025-12-19T16:22:02.129133,3.493491
2017-11-04,4,5,-0.2225209339563146,-0.9749279121818236,308,0.5560174366570446,-0.8311706263658079,11,0,0,1,True,1,3.58351893845611,3.6375861597263857,3.2188758248682006,3.4965075614664802,3.5263605246161616,3.367295829986474,3.332204510175204,3.8501476017100584,11,0.8660254037844384,-0.5000000000000004,0,3.3389227398182,3.3402288753366736,3.409712210151325,0.18964457472779847,0.17061834037558607,0.22852474680648002,0,0,4,2025-12-19T16:22:03.265987,3.551989793777466
2017-11-05,5,6,0.6234898018587334,-0.7818314824680299,309,0.5702422926917867,-0.8214765533024145,10,19,0,1,True,1,3.58351893845611,3.6375861597263857,3.2188758248682006,3.4965075614664802,3.5263605246161616,3.367295829986474,3.332204510175204,3.8501476017100584,11,0.8660254037844384,-0.5000000000000004,0,3.3389227398182,3.3402288753366736,3.409712210151326,0.18964457472780558,0.17061834037561852,0.22852474680648882,0,0,4,2025-12-19T16:22:03.324988,3.5981598
2017-11-06,6,0,1.0,0.0,310,0.5842981736283683,-0.8115390590073611,9,0,0,1,False,1,3.58351893845611,3.6375861597263857,3.2188758248682006,3.4965075614664802,3.5263605246161616,3.367295829986474,3.332204510175204,3.8501476017100584,11,0.8660254037844384,-0.5000000000000004,0,3.3389227398182,3.3402288753366736,3.409712210151325,0.18964457472779847,0.17061834037558607,0.22852474680648002,0,0,4,2025-12-19T16:22:03.424737,3.204489231109619
2017-11-07,7,1,0.6234898018587336,0.7818314824680298,311,0.5981809144059158,-0.801361088174677,8,29,0,1,False,1,3.58351893845611,3.6375861597263857,3.2188758248682006,3.4965075614664802,3.5263605246161616,3.367295829986474,3.332204510175204,3.8501476017100584,11,0.8660254037844384,-0.5000000000000004,0,3.3389227398182,3.3402288753366736,3.409712210151326,0.18964457472780558,0.17061834037561852,0.22852474680648882,0,0,4,2025-12-19T16:22:04.215147,3.3584635
2017-11-08,8,2,-0.22252093395631434,0.9749279121818236,312,0.6118864012687242,-0.7909456567567774,7,0,0,1,False,1,3.58351893845611,3.6375861597263857,3.2188758248682006,3.4965075614664802,3.5263605246161616,3.367295829986474,3.332204510175204,3.8501476017100584,11,0.8660254037844384,-0.5000000000000004,0,3.3389227398182,3.3402288753366736,3.409712210151325,0.18964457472779847,0.17061834037558607,0.22852474680648002,0,0,4,2025-12-19T16:22:04.257145,3.3622097969055176
2017-11-09,9,3,-0.900968867902419,0.43388373911755823,313,0.6254105729852457,-0.780295851070776,6,40,0,1,False,1,3.58351893845611,3.6375861597263857,3.2188758248682006,3.4965075614664802,3.5263605246161616,3.367295829986474,3.332204510175204,3.8501476017100584,11,0.8660254037844384,-0.5000000000000004,0,3.3389227398182,3.3402288753366736,3.409712210151326,0.18964457472780558,0.17061834037561852,0.22852474680648882,0,0,4,2025-12-19T16:22:05.401655,3.4208636
2017-11-10,10,4,-0.9009688679024191,-0.433883739117558,314,0.6387494220515268,-0.7694148268839381,5,0,0,1,False,1,3.58351893845611,3.6375861597263857,3.2188758248682006,3.4965075614664802,3.5263605246161616,3.367295829986474,3.332204510175204,3.8501476017100584,11,0.8660254037844384,-0.5000000000000004,0,3.3389227398182,3.3402288753366736,3.409712210151325,0.18964457472779847,0.17061834037558607,0.22852474680648002,0,0,4,2025-12-19T16:22:05.463184,3.4821853637695312
2017-11-11,11,5,-0.2225209339563146,-0.9749279121818236,315,0.6518989958787125,-0.7583058084785625,4,34,0,0,True,1,3.58351893845611,3.6375861597263857,3.2188758248682006,3.4965075614664802,3.5263605246161616,3.367295829986474,3.332204510175204,3.8501476017100584,11,0.8660254037844384,-0.5000000000000004,0,3.3389227398182,3.3402288753366736,3.409712210151326,0.18964457472780558,0.17061834037561852,0.22852474680648882,0,0,4,2025-12-19T16:22:05.552655,3.5387135
2017-11-12,12,6,0.6234898018587334,-0.7818314824680299,316,0.6648553979642866,-0.7469720876965551,3,0,0,0,True,1,3.58351893845611,3.6375861597263857,3.2188758248682006,3.4965075614664802,3.5263605246161616,3.367295829986474,3.332204510175204,3.8501476017100584,11,0.8660254037844384,-0.5000000000000004,0,3.3389227398182,3.3402288753366736,3.409712210151325,0.18964457472779847,0.17061834037558607,0.22852474680648002,0,0,4,2025-12-19T16:22:06.377103,3.59059739112854
2017-11-13,13,0,1.0,0.0,317,0.6776147890466887,-0.7354170229639858,2,23,0,0,False,1,3.58351893845611,3.6375861597263857,3.2188758248682006,3.4965075614664802,3.5263605246161616,3.367295829986474,3.332204510175204,3.8501476017100584,11,0.8660254037844384,-0.5000000000000004,0,3.3389227398182,3.3402288753366736,3.409712210151326,0.18964457472780558,0.17061834037561852,0.22852474680648882,0,0,4,2025-12-19T16:22:06.429066,3.2027194
2017-11-14,14,1,0.6234898018587336,0.7818314824680298,318,0.690173388242972,-0.7236440382959124,1,0,0,0,False,1,3.58351893845611,3.6375861597263857,3.2188758248682006,3.4965075614664802,3.5263605246161616,3.367295829986474,3.332204510175204,3.8501476017100584,11,0.8660254037844384,-0.5000000000000004,0,3.3389227398182,3.3402288753366736,3.409712210151325,0.18964457472779847,0.17061834037558607,0.22852474680648002,0,0,4,2025-12-19T16:22:07.489986,3.361220359802246
2017-11-15,15,2,-0.22252093395631434,0.9749279121818236,319,0.7025274741691566,-0.711656622281775,0,36,1,0,False,1,3.58351893845611,3.6375861597263857,3.2188758248682006,3.4965075614664802,3.5263605246161616,3.367295829986474,3.332204510175204,3.8501476017100584,11,0.8660254037844384,-0.5000000000000004,0,3.3389227398182,3.3402288753366736,3.409712210151326,0.18964457472780558,0.17061834037561852,0.22852474680648882,0,0,4,2025-12-19T16:22:07.617341,3.3574958
2017-11-16,16,3,-0.900968867902419,0.43388373911755823,320,0.7146733860429608,-0.6994583270516471,39,0,0,0,False,1,3.58351893845611,3.6375861597263857,3.2188758248682006,3.4965075614664802,3.5263605246161616,3.367295829986474,3.332204510175204,3.8501476017100584,11,0.8660254037844384,-0.5000000000000004,0,3.3389227398182,3.3402288753366736,3.409712210151325,0.18964457472779847,0.17061834037558607,0.22852474680648002,0,0,4,2025-12-19T16:22:07.662315,3.4152350425720215
2017-11-18,18,5,-0.2225209339563146,-0.9749279121818236,322,0.7383263540031063,-0.6744436188329457,37,0,0,0,True,1,3.58351893845611,3.6375861597263857,3.2188758248682006,3.4965075614664802,3.5263605246161616,3.367295829986474,3.332204510175204,3.8501476017100584,11,0.8660254037844384,-0.5000000000000004,0,3.3389227398182,3.3402288753366736,3.409712210151325,0.18964457472779847,0.17061834037558607,0.22852474680648002,0,0,4,2025-12-19T16:22:08.550765,3.535939931869507
2017-11-17,17,4,-0.9009688679024191,-0.433883739117558,321,0.7266075247685652,-0.6870527672236675,38,30,0,0,False,1,3.58351893845611,3.6375861597263857,3.2188758248682006,3.4965075614664802,3.5263605246161616,3.367295829986474,3.332204510175204,3.8501476017100584,11,0.8660254037844384,-0.5000000000000004,0,3.3389227398182,3.3402288753366736,3.409712210151326,0.18964457472780558,0.17061834037561852,0.22852474680648882,0,0,4,2025-12-19T16:22:08.602770,3.4790394
2017-11-19,19,6,0.6234898018587334,-0.7818314824680299,323,0.749826401204568,-0.661634618242279,36,35,0,0,True,1,3.58351893845611,3.6375861597263857,3.2188758248682006,3.4965075614664802,3.5263605246161616,3.367295829986474,3.332204510175204,3.8501476017100584,11,0.8660254037844384,-0.5000000000000004,0,3.3389227398182,3.3402288753366736,3.409712210151326,0.18964457472780558,0.17061834037561852,0.22852474680648882,0,0,4,2025-12-19T16:22:09.646302,3.584343
2017-11-20,20,0,1.0,0.0,324,0.7611042586607742,-0.6486295610349818,35,0,0,0,False,1,3.58351893845611,3.6375861597263857,3.2188758248682006,3.4965075614664802,3.5263605246161616,3.367295829986474,3.332204510175204,3.8501476017100584,11,0.8660254037844384,-0.5000000000000004,0,3.3389227398182,3.3402288753366736,3.409712210151325,0.18964457472779847,0.17061834037558607,0.22852474680648002,0,0,4,2025-12-19T16:22:09.808024,3.1989777088165283
2017-11-21,21,1,0.6234898018587336,0.7818314824680298,325,0.7721565844991641,-0.6354323008901775,34,18,0,0,False,1,3.58351893845611,3.6375861597263857,3.2188758248682006,3.4965075614664802,3.5263605246161616,3.367295829986474,3.332204510175204,3.8501476017100584,11,0.8660254037844384,-0.5000000000000004,0,3.3389227398182,3.3402288753366736,3.409712210151326,0.18964457472780558,0.17061834037561852,0.22852474680648882,0,0,4,2025-12-19T16:22:09.877620,3.3529508
2017-11-22,22,2,-0.22252093395631434,0.9749279121818236,326,0.7829801036770624,-0.622046748440868,33,0,0,0,False,1,3.58351893845611,3.6375861597263857,3.2188758248682006,3.4965075614664802,3.5263605246161616,3.367295829986474,3.332204510175204,3.8501476017100584,11,0.8660254037844384,-0.5000000000000004,0,3.3389227398182,3.3402288753366736,3.409712210151325,0.18964457472779847,0.17061834037558607,0.22852474680648002,0,0,4,2025-12-19T16:22:10.674043,3.3487448692321777
2017-11-23,23,3,-0.900968867902419,0.43388373911755823,327,0.7935716089521472,-0.6084768701151264,32,27,0,0,False,1,3.58351893845611,3.6375861597263857,3.2188758248682006,3.4965075614664802,3.5263605246161616,3.367295829986474,3.332204510175204,3.8501476017100584,11,0.8660254037844384,-0.5000000000000004,0,3.3389227398182,3.3402288753366736,3.409712210151326,0.18964457472780558,0.17061834037561852,0.22852474680648882,0,0,4,2025-12-19T16:22:10.734967,3.413151
2017-11-24,24,4,-0.9009688679024191,-0.433883739117558,328,0.8039279618328208,-0.594726686960764,31,0,0,0,False,1,3.58351893845611,3.6375861597263857,3.2188758248682006,3.4965075614664802,3.5263605246161616,3.367295829986474,3.332204510175204,3.8501476017100584,11,0.8660254037844384,-0.5000000000000004,0,3.3389227398182,3.3402288753366736,3.409712210151325,0.18964457472779847,0.17061834037558607,0.22852474680648002,0,0,4,2025-12-19T16:22:11.746693,3.4725069999694824
2017-11-25,25,5,-0.2225209339563146,-0.9749279121818236,329,0.8140460935082175,-0.5808002734538013,30,13,0,0,True,1,3.58351893845611,3.6375861597263857,3.2188758248682006,3.4965075614664802,3.5263605246161616,3.367295829986474,3.332204510175204,3.8501476017100584,11,0.8660254037844384,-0.5000000000000004,3,3.3389227398182,3.3402288753366736,3.409712210151326,0.18964457472780558,0.17061834037561852,0.22852474680648882,0,0,4,2025-12-19T16:22:11.968768,3.5257783
2017-11-26,26,6,0.6234898018587334,-0.7818314824680299,330,0.8239230057575536,-0.5667017562911184,29,0,0,0,True,1,3.58351893845611,3.6375861597263857,3.2188758248682006,3.4965075614664802,3.5263605246161616,3.367295829986474,3.332204510175204,3.8501476017100584,11,0.8660254037844384,-0.5000000000000004,0,3.3389227398182,3.3402288753366736,3.409712210151325,0.18964457472779847,0.17061834037558607,0.22852474680648002,0,0,4,2025-12-19T16:22:12.029047,3.5602550506591797
2017-11-28,28,1,0.6234898018587336,0.7818314824680298,332,0.8429415373547832,-0.5380051715382992,27,0,0,0,False,1,3.58351893845611,3.6375861597263857,3.2188758248682006,3.4965075614664802,3.5263605246161616,3.367295829986474,3.332204510175204,3.8501476017100584,11,0.8660254037844384,-0.5000000000000004,0,3.3389227398182,3.3402288753366736,3.409712210151325,0.18964457472779847,0.17061834037558607,0.22852474680648002,0,0,4,2025-12-19T16:22:12.924346,3.346370220184326
2017-11-27,27,0,1.0,0.0,331,0.8335557718385695,-0.5524353131676203,28,45,0,0,False,1,3.58351893845611,3.6375861597263857,3.2188758248682006,3.4965075614664802,3.5263605246161616,3.367295829986474,3.332204510175204,3.8501476017100584,11,0.8660254037844384,-0.5000000000000004,0,3.3389227398182,3.3402288753366736,3.409712210151326,0.18964457472780558,0.17061834037561852,0.22852474680648882,0,0,4,2025-12-19T16:22:13.086900,3.1862864
2017-11-29,29,2,-0.22252093395631434,0.9749279121818236,333,0.8520775211013093,-0.5234156073655503,26,49,0,0,False,1,3.58351893845611,3.6375861597263857,3.2188758248682006,3.4965075614664802,3.5263605246161616,3.367295829986474,3.332204510175204,3.8501476017100584,11,0.8660254037844384,-0.5000000000000004,0,3.3389227398182,3.3402288753366736,3.409712210151326,0.18964457472780558,0.17061834037561852,0.22852474680648882,0,0,4,2025-12-19T16:22:13.869380,3.3455787
2017-11-30,30,3,-0.900968867902419,0.43388373911755823,334,0.8609610158889945,-0.5086709438521042,25,0,0,0,False,1,3.58351893845611,3.6375861597263857,3.2188758248682006,3.4965075614664802,3.5263605246161616,3.367295829986474,3.332204510175204,3.8501476017100584,11,0.8660254037844384,-0.5000000000000004,0,3.3389227398182,3.3402288753366736,3.409712210151325,0.18964457472779847,0.17061834037558607,0.22852474680648002,0,0,4,2025-12-19T16:22:14.189167,3.4049408435821533
2017-12-01,1,4,-0.9009688679024191,-0.433883739117558,335,0.8695893893466109,-0.49377555015997737,24,21,0,1,False,1,3.58351893845611,3.6375861597263857,3.2188758248682006,3.4965075614664802,3.5263605246161616,3.367295829986474,3.332204510175204,3.8501476017100584,12,1.0,-2.4492935982947064e-16,0,3.3389227398182,3.3402288753366736,3.409712210151326,0.18964457472780558,0.17061834037561852,0.22852474680648882,0,0,4,2025-12-19T16:22:14.293862,3.1194453
2017-12-02,2,5,-0.2225209339563146,-0.9749279121818236,336,0.8779600847008883,-0.4787338401157883,23,0,0,1,True,1,3.58351893845611,3.6375861597263857,3.2188758248682006,3.4965075614664802,3.5263605246161616,3.367295829986474,3.332204510175204,3.8501476017100584,12,1.0,-2.4492935982947064e-16,0,3.3389227398182,3.3402288753366736,3.409712210151325,0.18964457472779847,0.17061834037558607,0.22852474680648002,0,0,4,2025-12-19T16:22:15.154563,3.1594698429107666
2017-12-03,3,6,0.6234898018587334,-0.7818314824680299,337,0.8860706215341378,-0.4635502709028512,22,11,0,1,True,1,3.58351893845611,3.6375861597263857,3.2188758248682006,3.4965075614664802,3.5263605246161616,3.367295829986474,3.332204510175204,3.8501476017100584,12,1.0,-2.4492935982947064e-16,5,3.3389227398182,3.3402288753366736,3.409712210151326,0.18964457472780558,0.17061834037561852,0.22852474680648882,0,0,4,2025-12-19T16:22:15.229567,3.2055473
2017-12-04,4,0,1.0,0.0,338,0.893918596519257,-0.4482293417404106,21,0,0,1,False,1,3.58351893845611,3.6375861597263857,3.2188758248682006,3.4965075614664802,3.5263605246161616,3.367295829986474,3.332204510175204,3.8501476017100584,12,1.0,-2.4492935982947064e-16,0,3.3389227398182,3.3402288753366736,3.409712210151325,0.18964457472779847,0.17061834037558607,0.22852474680648002,0,0,4,2025-12-19T16:22:16.036876,2.897205114364624
2017-12-05,5,1,0.6234898018587336,0.7818314824680298,339,0.9015016841318838,-0.4327755925504317,20,42,0,1,False,1,3.58351893845611,3.6375861597263857,3.2188758248682006,3.4965075614664802,3.5263605246161616,3.367295829986474,3.332204510175204,3.8501476017100584,12,1.0,-2.4492935982947064e-16,0,3.3389227398182,3.3402288753366736,3.409712210151326,0.18964457472780558,0.17061834037561852,0.22852474680648882,0,0,4,2025-12-19T16:22:16.396437,3.0560443
2017-12-06,6,2,-0.22252093395631434,0.9749279121818236,340,0.9088176373395028,-0.41719360261231697,19,0,0,1,False,1,3.58351893845611,3.6375861597263857,3.2188758248682006,3.4965075614664802,3.5263605246161616,3.367295829986474,3.332204510175204,3.8501476017100584,12,1.0,-2.4492935982947064e-16,0,3.3389227398182,3.3402288753366736,3.409712210151325,0.18964457472779847,0.17061834037558607,0.22852474680648002,0,0,4,2025-12-19T16:22:16.428415,3.052157163619995
2017-12-07,7,3,-0.900968867902419,0.43388373911755823,341,0.9158642882672868,-0.4014879892059737,18,25,0,1,False,1,3.58351893845611,3.6375861597263857,3.2188758248682006,3.4965075614664802,3.5263605246161616,3.367295829986474,3.332204510175204,3.8501476017100584,12,1.0,-2.4492935982947064e-16,0,3.3389227398182,3.3402288753366736,3.409712210151326,0.18964457472780558,0.17061834037561852,0.22852474680648882,0,0,4,2025-12-19T16:22:17.337886,3.1011896
2017-12-08,8,4,-0.9009688679024191,-0.433883739117558,342,0.9226395488404875,-0.38566340624360745,17,0,0,1,False,1,3.58351893845611,3.6375861597263857,3.2188758248682006,3.4965075614664802,3.5263605246161616,3.367295829986474,3.332204510175204,3.8501476017100584,12,1.0,-2.4492935982947064e-16,0,3.3389227398182,3.3402288753366736,3.409712210151325,0.18964457472779847,0.17061834037558607,0.22852474680648002,0,0,4,2025-12-19T16:22:17.333853,3.186093330383301
2017-12-09,9,5,-0.2225209339563146,-0.9749279121818236,343,0.9291414114031743,-0.3697245428906732,16,37,0,1,True,1,3.58351893845611,3.6375861597263857,3.2188758248682006,3.4965075614664802,3.5263605246161616,3.367295829986474,3.332204510175204,3.8501476017100584,12,1.0,-2.4492935982947064e-16,0,3.3389227398182,3.3402288753366736,3.409712210151326,0.18964457472780558,0.17061834037561852,0.22852474680648882,0,0,4,2025-12-19T16:22:18.189069,3.2425501
2017-12-10,10,6,0.6234898018587334,-0.7818314824680299,344,0.935367949313148,-0.3536761221763721,15,0,0,1,True,1,3.58351893845611,3.6375861597263857,3.2188758248682006,3.4965075614664802,3.5263605246161616,3.367295829986474,3.332204510175204,3.8501476017100584,12,1.0,-2.4492935982947064e-16,0,3.3389227398182,3.3402288753366736,3.409712210151325,0.18964457472779847,0.17061834037558607,0.22852474680648002,0,0,4,2025-12-19T16:22:18.509975,3.2891058921813965
2017-12-11,11,0,1.0,0.0,345,0.941317317512847,-0.33752289959411347,14,26,0,0,False,1,3.58351893845611,3.6375861597263857,3.2188758248682006,3.4965075614664802,3.5263605246161616,3.367295829986474,3.332204510175204,3.8501476017100584,12,1.0,-2.4492935982947064e-16,0,3.3389227398182,3.3402288753366736,3.409712210151326,0.18964457472780558,0.17061834037561852,0.22852474680648882,0,0,4,2025-12-19T16:22:18.562928,2.9304454
2017-12-12,12,1,0.6234898018587336,0.7818314824680298,346,0.9469877530760751,-0.32126966169236515,13,0,0,0,False,1,3.58351893845611,3.6375861597263857,3.2188758248682006,3.4965075614664802,3.5263605246161616,3.367295829986474,3.332204510175204,3.8501476017100584,12,1.0,-2.4492935982947064e-16,0,3.3389227398182,3.3402288753366736,3.409712210151325,0.18964457472779847,0.17061834037558607,0.22852474680648002,0,0,4,2025-12-19T16:22:19.467159,3.0716943740844727
2017-12-13,13,2,-0.22252093395631434,0.9749279121818236,347,0.9523775757303973,-0.3049212246562894,12,26,0,0,False,1,3.58351893845611,3.6375861597263857,3.2188758248682006,3.4965075614664802,3.5263605246161616,3.367295829986474,3.332204510175204,3.8501476017100584,12,1.0,-2.4492935982947064e-16,0,3.3389227398182,3.3402288753366736,3.409712210151326,0.18964457472780558,0.17061834037561852,0.22852474680648882,0,0,4,2025-12-19T16:22:19.509951,3.0729642
2017-12-14,14,3,-0.900968867902419,0.43388373911755823,348,0.9574851883550389,-0.2884824328806098,11,0,0,0,False,1,3.58351893845611,3.6375861597263857,3.2188758248682006,3.4965075614664802,3.5263605246161616,3.367295829986474,3.332204510175204,3.8501476017100584,12,1.0,-2.4492935982947064e-16,0,3.3389227398182,3.3402288753366736,3.409712210151325,0.18964457472779847,0.17061834037558607,0.22852474680648002,0,0,4,2025-12-19T16:22:20.254385,3.144524097442627
2017-12-15,15,4,-0.9009688679024191,-0.433883739117558,349,0.9623090774541487,-0.27195815753410524,10,27,0,0,False,1,3.58351893845611,3.6375861597263857,3.2188758248682006,3.4965075614664802,3.5263605246161616,3.367295829986474,3.332204510175204,3.8501476017100584,12,1.0,-2.4492935982947064e-16,0,3.3389227398182,3.3402288753366736,3.409712210151326,0.18964457472780558,0.17061834037561852,0.22852474680648882,0,0,4,2025-12-19T16:22:20.633142,3.2392938
2017-12-16,16,5,-0.2225209339563146,-0.9749279121818236,350,0.9668478136052773,-0.2553532951161881,9,0,0,0,True,1,3.58351893845611,3.6375861597263857,3.2188758248682006,3.4965075614664802,3.5263605246161616,3.367295829986474,3.332204510175204,3.8501476017100584,12,1.0,-2.4492935982947064e-16,0,3.3389227398182,3.3402288753366736,3.409712210151325,0.18964457472779847,0.17061834037558607,0.22852474680648002,0,0,4,2025-12-19T16:22:20.670108,3.305253028869629
2017-12-17,17,6,0.6234898018587334,-0.7818314824680299,351,0.9711000518829505,-0.23867276600594997,8,13,0,0,True,1,3.58351893845611,3.6375861597263857,3.2188758248682006,3.4965075614664802,3.5263605246161616,3.367295829986474,3.332204510175204,3.8501476017100584,12,1.0,-2.4492935982947064e-16,3,3.3389227398182,3.3402288753366736,3.409712210151326,0.18964457472780558,0.17061834037561852,0.22852474680648882,0,0,4,2025-12-19T16:22:21.640240,3.3638072
2017-12-18,18,0,1.0,0.0,352,0.9750645322571945,-0.22192151300416674,7,0,0,0,False,1,3.58351893845611,3.6375861597263857,3.2188758248682006,3.4965075614664802,3.5263605246161616,3.367295829986474,3.332204510175204,3.8501476017100584,12,1.0,-2.4492935982947064e-16,0,3.3389227398182,3.3402288753366736,3.409712210151325,0.18964457472779847,0.17061834037558607,0.22852474680648002,0,0,4,2025-12-19T16:22:21.658225,2.9669597148895264
2017-12-19,19,1,0.6234898018587336,0.7818314824680298,353,0.9787400799669153,-0.20510449986861926,6,45,0,0,False,1,3.58351893845611,3.6375861597263857,3.2188758248682006,3.4965075614664802,3.5263605246161616,3.367295829986474,3.332204510175204,3.8501476017100584,12,1.0,-2.4492935982947064e-16,0,3.3389227398182,3.3402288753366736,3.409712210151326,0.18964457472780558,0.17061834037561852,0.22852474680648882,0,0,4,2025-12-19T16:22:22.428120,3.1230183
2017-12-20,20,2,-0.22252093395631434,0.9749279121818236,354,0.9821256058680006,-0.1882267098432439,5,0,0,0,False,1,3.58351893845611,3.6375861597263857,3.2188758248682006,3.4965075614664802,3.5263605246161616,3.367295829986474,3.332204510175204,3.8501476017100584,12,1.0,-2.4492935982947064e-16,0,3.3389227398182,3.3402288753366736,3.409712210151325,0.18964457472779847,0.17061834037558607,0.22852474680648002,0,0,4,2025-12-19T16:22:22.806138,3.1281659603118896
2017-12-21,21,3,-0.900968867902419,0.43388373911755823,355,0.9852201067560606,-0.1712931441814778,4,47,0,0,False,1,3.58351893845611,3.6375861597263857,3.2188758248682006,3.4965075614664802,3.5263605246161616,3.367295829986474,3.332204510175204,3.8501476017100584,12,1.0,-2.4492935982947064e-16,0,3.3389227398182,3.3402288753366736,3.409712210151326,0.18964457472780558,0.17061834037561852,0.22852474680648882,0,0,4,2025-12-19T16:22:22.857138,3.1936
2017-12-22,22,4,-0.9009688679024191,-0.433883739117558,356,0.9880226656636976,-0.154308820664281,3,0,0,0,False,1,3.58351893845611,3.6375861597263857,3.2188758248682006,3.4965075614664802,3.5263605246161616,3.367295829986474,3.332204510175204,3.8501476017100584,12,1.0,-2.4492935982947064e-16,0,3.3389227398182,3.3402288753366736,3.409712210151325,0.18964457472779847,0.17061834037558607,0.22852474680648002,0,0,4,2025-12-19T16:22:23.738091,3.281264543533325
2017-12-23,23,5,-0.2225209339563146,-0.9749279121818236,357,0.9905324521322227,-0.13727877211326517,2,49,0,0,True,1,3.58351893845611,3.6375861597263857,3.2188758248682006,3.4965075614664802,3.5263605246161616,3.367295829986474,3.332204510175204,3.8501476017100584,12,1.0,-2.4492935982947064e-16,0,3.3389227398182,3.3402288753366736,3.409712210151326,0.18964457472780558,0.17061834037561852,0.22852474680648882,0,0,4,2025-12-19T16:22:23.795093,3.3438232
2017-12-24,24,6,0.6234898018587334,-0.7818314824680299,358,0.9927487224577402,-0.12020804489935275,1,0,0,0,True,1,3.58351893845611,3.6375861597263857,3.2188758248682006,3.4965075614664802,3.5263605246161616,3.367295829986474,3.332204510175204,3.8501476017100584,12,1.0,-2.4492935982947064e-16,0,3.3389227398182,3.3402288753366736,3.409712210151325,0.18964457472779847,0.17061834037558607,0.22852474680648002,0,0,4,2025-12-19T16:22:24.542811,3.408083915710449
2017-12-26,26,1,0.6234898018587336,0.7818314824680298,360,0.9962981749346077,-0.0859647987374467,6,0,0,0,False,1,3.58351893845611,3.6375861597263857,3.2188758248682006,3.4965075614664802,3.5263605246161616,3.367295829986474,3.332204510175204,3.8501476017100584,12,1.0,-2.4492935982947064e-16,0,3.3389227398182,3.3402288753366736,3.409712210151325,0.18964457472779847,0.17061834037558607,0.22852474680648002,0,0,4,2025-12-19T16:22:24.946269,3.16113543510437
2017-12-25,25,0,1.0,0.0,359,0.9946708199115211,-0.10310169744743544,0,4,1,0,False,1,3.58351893845611,3.6375861597263857,3.2188758248682006,3.4965075614664802,3.5263605246161616,3.367295829986474,3.332204510175204,3.8501476017100584,12,1.0,-2.4492935982947064e-16,12,3.3389227398182,3.3402288753366736,3.409712210151326,0.18964457472780558,0.17061834037561852,0.22852474680648882,0,0,4,2025-12-19T16:22:24.983663,3.0177147
2017-12-27,27,2,-0.22252093395631434,0.9749279121818236,361,0.9976303053065857,-0.06880242680232064,5,21,0,0,False,1,3.58351893845611,3.6375861597263857,3.2188758248682006,3.4965075614664802,3.5263605246161616,3.367295829986474,3.332204510175204,3.8501476017100584,12,1.0,-2.4492935982947064e-16,0,3.3389227398182,3.3402288753366736,3.409712210151326,0.18964457472780558,0.17061834037561852,0.22852474680648882,0,0,4,2025-12-19T16:22:25.855221,3.1719368
2017-12-28,28,3,-0.900968867902419,0.43388373911755823,362,0.9986668162884759,-0.05161966722325418,4,0,0,0,False,1,3.58351893845611,3.6375861597263857,3.2188758248682006,3.4965075614664802,3.5263605246161616,3.367295829986474,3.332204510175204,3.8501476017100584,12,1.0,-2.4492935982947064e-16,0,3.3389227398182,3.3402288753366736,3.409712210151325,0.18964457472779847,0.17061834037558607,0.22852474680648002,0,0,4,2025-12-19T16:22:25.898854,3.243400812149048
2017-12-29,29,4,-0.9009688679024191,-0.433883739117558,363,0.9994074007397048,-0.034421611622745804,3,1,0,0,False,1,3.58351893845611,3.6375861597263857,3.2188758248682006,3.4965075614664802,3.5263605246161616,3.367295829986474,3.332204510175204,3.8501476017100584,12,1.0,-2.4492935982947064e-16,15,3.3389227398182,3.3402288753366736,3.409712210151326,0.18964457472780558,0.17061834037561852,0.22852474680648882,0,0,4,2025-12-19T16:22:26.697078,3.3314753
2017-12-30,30,5,-0.2225209339563146,-0.9749279121818236,364,0.9998518392091162,-0.01721335615583528,2,0,0,0,True,1,3.58351893845611,3.6375861597263857,3.2188758248682006,3.4965075614664802,3.5263605246161616,3.367295829986474,3.332204510175204,3.8501476017100584,12,1.0,-2.4492935982947064e-16,0,3.3389227398182,3.3402288753366736,3.409712210151325,0.18964457472779847,0.17061834037558607,0.22852474680648002,0,0,4,2025-12-19T16:22:27.058479,3.38608980178833
2017-12-31,31,6,0.6234898018587334,-0.7818314824680299,365,1.0,6.432490598706546e-16,1,3,0,0,True,1,3.58351893845611,3.6375861597263857,3.2188758248682006,3.4965075614664802,3.5263605246161616,3.367295829986474,3.332204510175204,3.8501476017100584,12,1.0,-2.4492935982947064e-16,13,3.3389227398182,3.3402288753366736,3.409712210151326,0.18964457472780558,0.17061834037561852,0.22852474680648882,0,0,4,2025-12-19T16:22:27.112490,3.4279158
2017-10-01,1,6,0.6234898018587334,-0.7818314824680299,274,0.004303538296243821,-0.9999907397361901,11,0,0,1,True,1,2.8903717578961645,2.9444389791664403,3.091042453358316,3.1354942159291497,3.2188758248682006,2.9444389791664403,3.258096538021482,3.4011973816621555,10,0.5000000000000001,-0.8660254037844386,0,3.0272514214248574,3.008202540539433,3.0904922829614234,0.24554935919518625,0.141040896909775,0.2325422140639127,0,0,5,2025-12-19T16:22:28.009209,3.091822385787964
2017-10-02,2,0,1.0,0.0,275,0.021516097436222233,-0.9997685019798909,10,12,0,1,False,1,2.8903717578961645,2.9444389791664403,3.091042453358316,3.1354942159291497,3.2188758248682006,2.9444389791664403,3.258096538021482,3.4011973816621555,10,0.5000000000000001,-0.8660254037844386,3,3.027251421424857,3.0082025405394335,3.090492282961423,0.24554935919518725,0.14104089690976185,0.23254221406390477,0,0,5,2025-12-19T16:22:28.063709,2.713036
2017-10-03,3,1,0.6234898018587336,0.7818314824680298,276,0.03872228089217399,-0.9992500112396835,9,0,0,1,False,1,2.8903717578961645,2.9444389791664403,3.091042453358316,3.1354942159291497,3.2188758248682006,2.9444389791664403,3.258096538021482,3.4011973816621555,10,0.5000000000000001,-0.8660254037844386,0,3.0272514214248574,3.008202540539433,3.0904922829614234,0.24554935919518625,0.141040896909775,0.2325422140639127,0,0,5,2025-12-19T16:22:28.808319,2.860585927963257
2017-10-04,4,2,-0.22252093395631434,0.9749279121818236,277,0.05591699010060302,-0.9984354211555643,8,25,0,1,False,1,2.8903717578961645,2.9444389791664403,3.091042453358316,3.1354942159291497,3.2188758248682006,2.9444389791664403,3.258096538021482,3.4011973816621555,10,0.5000000000000001,-0.8660254037844386,0,3.027251421424857,3.0082025405394335,3.090492282961423,0.24554935919518725,0.14104089690976185,0.23254221406390477,0,0,5,2025-12-19T16:22:29.190526,2.8596184
2017-10-05,5,3,-0.900968867902419,0.43388373911755823,278,0.07309512989807776,-0.9973249731081555,7,0,0,1,False,1,2.8903717578961645,2.9444389791664403,3.091042453358316,3.1354942159291497,3.2188758248682006,2.9444389791664403,3.258096538021482,3.4011973816621555,10,0.5000000000000001,-0.8660254037844386,0,3.0272514214248574,3.008202540539433,3.0904922829614234,0.24554935919518625,0.141040896909775,0.2325422140639127,0,0,5,2025-12-19T16:22:29.230247,2.9221150875091553
2017-10-06,6,4,-0.9009688679024191,-0.433883739117558,279,0.0902516100310407,-0.9959189961471792,6,43,0,1,False,1,2.8903717578961645,2.9444389791664403,3.091042453358316,3.1354942159291497,3.2188758248682006,2.9444389791664403,3.258096538021482,3.4011973816621555,10,0.5000000000000001,-0.8660254037844386,0,3.027251421424857,3.0082025405394335,3.090492282961423,0.24554935919518725,0.14104089690976185,0.23254221406390477,0,0,5,2025-12-19T16:22:30.169052,2.971673
2017-10-07,7,5,-0.2225209339563146,-0.9749279121818236,280,0.10738134666416306,-0.994217906893952,5,0,0,1,True,1,2.8903717578961645,2.9444389791664403,3.091042453358316,3.1354942159291497,3.2188758248682006,2.9444389791664403,3.258096538021482,3.4011973816621555,10,0.5000000000000001,-0.8660254037844386,0,3.0272514214248574,3.008202540539433,3.0904922829614234,0.24554935919518625,0.141040896909775,0.2325422140639127,0,0,5,2025-12-19T16:22:30.188056,3.0375592708587646
2017-10-08,8,6,0.6234898018587334,-0.7818314824680299,281,0.12447926388678869,-0.9922222094179324,4,16,0,1,True,1,2.8903717578961645,2.9444389791664403,3.091042453358316,3.1354942159291497,3.2188758248682006,2.9444389791664403,3.258096538021482,3.4011973816621555,10,0.5000000000000001,-0.8660254037844386,0,3.027251421424857,3.0082025405394335,3.090492282961423,0.24554935919518725,0.14104089690976185,0.23254221406390477,0,0,5,2025-12-19T16:22:30.905103,3.1078753
2017-10-09,9,0,1.0,0.0,282,0.141540295217043,-0.989932495087353,3,0,0,1,False,1,2.8903717578961645,2.9444389791664403,3.091042453358316,3.1354942159291497,3.2188758248682006,2.9444389791664403,3.258096538021482,3.4011973816621555,10,0.5000000000000001,-0.8660254037844386,0,3.0272514214248574,3.008202540539433,3.0904922829614234,0.24554935919518625,0.141040896909775,0.2325422140639127,0,0,5,2025-12-19T16:22:31.350640,2.7327589988708496
2017-10-10,10,1,0.6234898018587336,0.7818314824680298,283,0.15855938510313475,-0.9873494423939864,2,33,0,1,False,1,2.8903717578961645,2.9444389791664403,3.091042453358316,3.1354942159291497,3.2188758248682006,2.9444389791664403,3.258096538021482,3.4011973816621555,10,0.5000000000000001,-0.8660254037844386,0,3.027251421424857,3.0082025405394335,3.090492282961423,0.24554935919518725,0.14104089690976185,0.23254221406390477,0,0,5,2025-12-19T16:22:31.399645,2.883366
2017-10-11,11,2,-0.22252093395631434,0.9749279121818236,284,0.17553149042142777,-0.9844738167520923,1,0,0,0,False,1,2.8903717578961645,2.9444389791664403,3.091042453358316,3.1354942159291497,3.2188758248682006,2.9444389791664403,3.258096538021482,3.4011973816621555,10,0.5000000000000001,-0.8660254037844386,0,3.0272514214248574,3.008202540539433,3.0904922829614234,0.24554935919518625,0.141040896909775,0.2325422140639127,0,0,5,2025-12-19T16:22:32.332599,2.875302314758301
2017-10-12,12,3,-0.900968867902419,0.43388373911755823,285,0.19245158197082995,-0.9813064702716093,0,38,1,0,False,1,2.8903717578961645,2.9444389791664403,3.091042453358316,3.1354942159291497,3.2188758248682006,2.9444389791664403,3.258096538021482,3.4011973816621555,10,0.5000000000000001,-0.8660254037844386,0,3.027251421424857,3.0082025405394335,3.090492282961423,0.24554935919518725,0.14104089690976185,0.23254221406390477,0,0,5,2025-12-19T16:22:32.377078,2.9420488
2017-10-13,13,4,-0.9009688679024191,-0.433883739117558,286,0.20931464596304888,-0.9778483415056567,20,0,0,0,False,1,2.8903717578961645,2.9444389791664403,3.091042453358316,3.1354942159291497,3.2188758248682006,2.9444389791664403,3.258096538021482,3.4011973816621555,10,0.5000000000000001,-0.8660254037844386,0,3.0272514214248574,3.008202540539433,3.0904922829614234,0.24554935919518625,0.141040896909775,0.2325422140639127,0,0,5,2025-12-19T16:22:33.025080,3.0060012340545654
2017-10-14,14,5,-0.2225209339563146,-0.9749279121818236,287,0.22611568550828803,-0.9741004551724206,19,10,0,0,True,1,2.8903717578961645,2.9444389791664403,3.091042453358316,3.1354942159291497,3.2188758248682006,2.9444389791664403,3.258096538021482,3.4011973816621555,10,0.5000000000000001,-0.8660254037844386,6,3.027251421424857,3.0082025405394335,3.090492282961423,0.24554935919518725,0.14104089690976185,0.23254221406390477,0,0,5,2025-12-19T16:22:33.438979,3.0580943
2017-10-15,15,6,0.6234898018587334,-0.7818314824680299,288,0.2428497220959358,-0.970063921851507,18,0,0,0,True,1,2.8903717578961645,2.9444389791664403,3.091042453358316,3.1354942159291497,3.2188758248682006,2.9444389791664403,3.258096538021482,3.4011973816621555,10,0.5000000000000001,-0.8660254037844386,0,3.0272514214248574,3.008202540539433,3.0904922829614234,0.24554935919518625,0.141040896909775,0.2325422140639127,0,0,5,2025-12-19T16:22:33.481462,3.132415294647217
2017-10-17,17,1,0.6234898018587336,0.7818314824680298,290,0.27609697309746883,-0.9611297838723007,16,0,0,0,False,1,2.8903717578961645,2.9444389791664403,3.091042453358316,3.1354942159291497,3.2188758248682006,2.9444389791664403,3.258096538021482,3.4011973816621555,10,0.5000000000000001,-0.8660254037844386,0,3.0272514214248574,3.008202540539433,3.0904922829614234,0.24554935919518625,0.141040896909775,0.2325422140639127,0,0,5,2025-12-19T16:22:34.489321,2.890974998474121
2017-10-16,16,0,1.0,0.0,289,0.25951179706979943,-0.965739937654855,17,49,0,0,False,1,2.8903717578961645,2.9444389791664403,3.091042453358316,3.1354942159291497,3.2188758248682006,2.9444389791664403,3.258096538021482,3.4011973816621555,10,0.5000000000000001,-0.8660254037844386,0,3.027251421424857,3.0082025405394335,3.090492282961423,0.24554935919518725,0.14104089690976185,0.23254221406390477,0,0,5,2025-12-19T16:22:34.531315,2.7456872
2017-10-18,18,2,-0.22252093395631434,0.9749279121818236,291,0.2926003356333479,-0.9562348265919058,15,28,0,0,False,1,2.8903717578961645,2.9444389791664403,3.091042453358316,3.1354942159291497,3.2188758248682006,2.9444389791664403,3.258096538021482,3.4011973816621555,10,0.5000000000000001,-0.8660254037844386,0,3.027251421424857,3.0082025405394335,3.090492282961423,0.24554935919518725,0.14104089690976185,0.23254221406390477,0,0,5,2025-12-19T16:22:35.176361,2.8945
2017-10-19,19,3,-0.900968867902419,0.43388373911755823,292,0.30901699437494723,-0.9510565162951536,14,0,0,0,False,1,2.8903717578961645,2.9444389791664403,3.091042453358316,3.1354942159291497,3.2188758248682006,2.9444389791664403,3.258096538021482,3.4011973816621555,10,0.5000000000000001,-0.8660254037844386,0,3.0272514214248574,3.008202540539433,3.0904922829614234,0.24554935919518625,0.141040896909775,0.2325422140639127,0,0,5,2025-12-19T16:22:35.512887,2.9680721759796143
2017-10-20,20,4,-0.9009688679024191,-0.433883739117558,293,0.3253420847119795,-0.9455963874271428,13,50,0,0,False,1,2.8903717578961645,2.9444389791664403,3.091042453358316,3.1354942159291497,3.2188758248682006,2.9444389791664403,3.258096538021482,3.4011973816621555,10,0.5000000000000001,-0.8660254037844386,0,3.027251421424857,3.0082025405394335,3.090492282961423,0.24554935919518725,0.14104089690976185,0.23254221406390477,0,0,5,2025-12-19T16:22:35.583503,3.0276988
2017-10-21,21,5,-0.2225209339563146,-0.9749279121818236,294,0.341570769167856,-0.9398560579418953,12,0,0,0,True,1,2.8903717578961645,2.9444389791664403,3.091042453358316,3.1354942159291497,3.2188758248682006,2.9444389791664403,3.258096538021482,3.4011973816621555,10,0.5000000000000001,-0.8660254037844386,0,3.0272514214248574,3.008202540539433,3.0904922829614234,0.24554935919518625,0.141040896909775,0.2325422140639127,0,0,5,2025-12-19T16:22:36.591388,3.1015074253082275
2017-10-22,22,6,0.6234898018587334,-0.7818314824680299,295,0.35769823883312546,-0.9338372288229252,11,22,0,0,True,1,2.8903717578961645,2.9444389791664403,3.091042453358316,3.1354942159291497,3.2188758248682006,2.9444389791664403,3.258096538021482,3.4011973816621555,10,0.5000000000000001,-0.8660254037844386,0,3.027251421424857,3.0082025405394335,3.090492282961423,0.24554935919518725,0.14104089690976185,0.23254221406390477,0,0,5,2025-12-19T16:22:36.658636,3.172961
2017-10-23,23,0,1.0,0.0,296,0.3737197147904692,-0.9275416835791965,10,0,0,0,False,1,2.8903717578961645,2.9444389791664403,3.091042453358316,3.1354942159291497,3.2188758248682006,2.9444389791664403,3.258096538021482,3.4011973816621555,10,0.5000000000000001,-0.8660254037844386,0,3.0272514214248574,3.008202540539433,3.0904922829614234,0.24554935919518625,0.141040896909775,0.2325422140639127,0,0,5,2025-12-19T16:22:37.251717,2.77254056930542
2017-10-24,24,1,0.6234898018587336,0.7818314824680298,297,0.38963044953078774,-0.9209712877166347,9,27,0,0,False,1,2.8903717578961645,2.9444389791664403,3.091042453358316,3.1354942159291497,3.2188758248682006,2.9444389791664403,3.258096538021482,3.4011973816621555,10,0.5000000000000001,-0.8660254037844386,0,3.027251421424857,3.0082025405394335,3.090492282961423,0.24554935919518725,0.14104089690976185,0.23254221406390477,0,0,5,2025-12-19T16:22:37.606824,2.92316
2017-10-25,25,2,-0.22252093395631434,0.9749279121818236,298,0.4054257283599973,-0.9141279881853337,8,0,0,0,False,1,2.8903717578961645,2.9444389791664403,3.091042453358316,3.1354942159291497,3.2188758248682006,2.9444389791664403,3.258096538021482,3.4011973816621555,10,0.5000000000000001,-0.8660254037844386,0,3.0272514214248574,3.008202540539433,3.0904922829614234,0.24554935919518625,0.141040896909775,0.2325422140639127,0,0,5,2025-12-19T16:22:37.669766,2.919098138809204
2017-10-26,26,3,-0.900968867902419,0.43388373911755823,299,0.42110087079608916,-0.9070138128026362,7,35,0,0,False,1,2.8903717578961645,2.9444389791664403,3.091042453358316,3.1354942159291497,3.2188758248682006,2.9444389791664403,3.258096538021482,3.4011973816621555,10,0.5000000000000001,-0.8660254037844386,0,3.027251421424857,3.0082025405394335,3.090492282961423,0.24554935919518725,0.14104089690976185,0.23254221406390477,0,0,5,2025-12-19T16:22:38.735696,2.9875216
2017-10-27,27,4,-0.9009688679024191,-0.433883739117558,300,0.4366512319560638,-0.8996308696522434,6,0,0,0,False,1,2.8903717578961645,2.9444389791664403,3.091042453358316,3.1354942159291497,3.2188758248682006,2.9444389791664403,3.258096538021482,3.4011973816621555,10,0.5000000000000001,-0.8660254037844386,0,3.0272514214248574,3.008202540539433,3.0904922829614234,0.24554935919518625,0.141040896909775,0.2325422140639127,0,0,5,2025-12-19T16:22:38.755699,3.0509026050567627
2017-10-28,28,5,-0.2225209339563146,-0.9749279121818236,301,0.45207220393230374,-0.8919813464595487,5,6,0,0,True,1,2.8903717578961645,2.9444389791664403,3.091042453358316,3.1354942159291497,3.2188758248682006,2.9444389791664403,3.258096538021482,3.4011973816621555,10,0.5000000000000001,-0.8660254037844386,10,3.027251421424857,3.0082025405394335,3.090492282961423,0.24554935919518725,0.14104089690976185,0.23254221406390477,0,0,5,2025-12-19T16:22:39.377378,3.1177623
2017-10-29,29,6,0.6234898018587334,-0.7818314824680299,302,0.46735921715800205,-0.8840675099433637,4,0,0,0,True,1,2.8903717578961645,2.9444389791664403,3.091042453358316,3.1354942159291497,3.2188758248682006,2.9444389791664403,3.258096538021482,3.4011973816621555,10,0.5000000000000001,-0.8660254037844386,0,3.0272514214248574,3.008202540539433,3.0904922829614234,0.24554935919518625,0.141040896909775,0.2325422140639127,0,0,5,2025-12-19T16:22:39.736663,3.194026231765747
2017-10-30,30,0,1.0,0.0,303,0.48250774176121763,-0.8758917051442433,3,34,0,0,False,1,2.8903717578961645,2.9444389791664403,3.091042453358316,3.1354942159291497,3.2188758248682006,2.9444389791664403,3.258096538021482,3.4011973816621555,10,0.5000000000000001,-0.8660254037844386,0,3.027251421424857,3.0082025405394335,3.090492282961423,0.24554935919518725,0.14104089690976185,0.23254221406390477,0,0,5,2025-12-19T16:22:39.813461,2.800798
2017-10-31,31,1,0.6234898018587336,0.7818314824680298,304,0.4975132889071803,-0.8674563547295971,2,0,0,0,False,1,2.8903717578961645,2.9444389791664403,3.091042453358316,3.1354942159291497,3.2188758248682006,2.9444389791664403,3.258096538021482,3.4011973816621555,10,0.5000000000000001,-0.8660254037844386,0,3.0272514214248574,3.008202540539433,3.0904922829614234,0.24554935919518625,0.141040896909775,0.2325422140639127,0,0,5,2025-12-19T16:22:40.858918,2.9626190662384033
2017-11-01,1,2,-0.22252093395631434,0.9749279121818236,305,0.5123714121284235,-0.858763958275803,1,17,0,1,False,1,2.8903717578961645,2.9444389791664403,3.091042453358316,3.1354942159291497,3.2188758248682006,2.9444389791664403,3.258096538021482,3.4011973816621555,11,0.8660254037844384,-0.5000000000000004,0,3.027251421424857,3.0082025405394335,3.090492282961423,0.24554935919518725,0.14104089690976185,0.23254221406390477,0,0,5,2025-12-19T16:22:40.908918,3.0308797
2017-11-02,2,3,-0.900968867902419,0.43388373911755823,306,0.5270777086423724,-0.8498170915275277,0,0,1,1,False,1,2.8903717578961645,2.9444389791664403,3.091042453358316,3.1354942159291497,3.2188758248682006,2.9444389791664403,3.258096538021482,3.4011973816621555,11,0.8660254037844384,-0.5000000000000004,0,3.0272514214248574,3.008202540539433,3.0904922829614234,0.24554935919518625,0.141040896909775,0.2325422140639127,0,0,5,2025-12-19T16:22:41.515943,3.1031205654144287
2017-11-04,4,5,-0.2225209339563146,-0.9749279121818236,308,0.5560174366570446,-0.8311706263658079,11,0,0,1,True,1,2.8903717578961645,2.9444389791664403,3.091042453358316,3.1354942159291497,3.2188758248682006,2.9444389791664403,3.258096538021482,3.4011973816621555,11,0.8660254037844384,-0.5000000000000004,0,3.0272514214248574,3.008202540539433,3.0904922829614234,0.24554935919518625,0.141040896909775,0.2325422140639127,0,0,5,2025-12-19T16:22:41.926647,3.2124111652374268
2017-11-03,3,4,-0.9009688679024191,-0.433883739117558,307,0.5416278206559811,-0.8406184056344783,12,27,0,1,False,1,2.8903717578961645,2.9444389791664403,3.091042453358316,3.1354942159291497,3.2188758248682006,2.9444389791664403,3.258096538021482,3.4011973816621555,11,0.8660254037844384,-0.5000000000000004,0,3.027251421424857,3.0082025405394335,3.090492282961423,0.24554935919518725,0.14104089690976185,0.23254221406390477,0,0,5,2025-12-19T16:22:41.972600,3.1552987
2017-11-05,5,6,0.6234898018587334,-0.7818314824680299,309,0.5702422926917867,-0.8214765533024145,10,4,0,1,True,1,2.8903717578961645,2.9444389791664403,3.091042453358316,3.1354942159291497,3.2188758248682006,2.9444389791664403,3.258096538021482,3.4011973816621555,11,0.8660254037844384,-0.5000000000000004,12,3.027251421424857,3.0082025405394335,3.090492282961423,0.24554935919518725,0.14104089690976185,0.23254221406390477,0,0,5,2025-12-19T16:22:42.997906,3.2823315
2017-11-06,6,0,1.0,0.0,310,0.5842981736283683,-0.8115390590073611,9,0,0,1,False,1,2.8903717578961645,2.9444389791664403,3.091042453358316,3.1354942159291497,3.2188758248682006,2.9444389791664403,3.258096538021482,3.4011973816621555,11,0.8660254037844384,-0.5000000000000004,0,3.0272514214248574,3.008202540539433,3.0904922829614234,0.24554935919518625,0.141040896909775,0.2325422140639127,0,0,5,2025-12-19T16:22:43.026977,2.8860044479370117
2017-11-07,7,1,0.6234898018587336,0.7818314824680298,311,0.5981809144059158,-0.801361088174677,8,10,0,1,False,1,2.8903717578961645,2.9444389791664403,3.091042453358316,3.1354942159291497,3.2188758248682006,2.9444389791664403,3.258096538021482,3.4011973816621555,11,0.8660254037844384,-0.5000000000000004,6,3.027251421424857,3.0082025405394335,3.090492282961423,0.24554935919518725,0.14104089690976185,0.23254221406390477,0,0,5,2025-12-19T16:22:43.686039,3.0305717
2017-11-08,8,2,-0.22252093395631434,0.9749279121818236,312,0.6118864012687242,-0.7909456567567774,7,0,0,1,False,1,2.8903717578961645,2.9444389791664403,3.091042453358316,3.1354942159291497,3.2188758248682006,2.9444389791664403,3.258096538021482,3.4011973816621555,11,0.8660254037844384,-0.5000000000000004,0,3.0272514214248574,3.008202540539433,3.0904922829614234,0.24554935919518625,0.141040896909775,0.2325422140639127,0,0,5,2025-12-19T16:22:44.083954,3.0294179916381836
2017-11-09,9,3,-0.900968867902419,0.43388373911755823,313,0.6254105729852457,-0.780295851070776,6,18,0,1,False,1,2.8903717578961645,2.9444389791664403,3.091042453358316,3.1354942159291497,3.2188758248682006,2.9444389791664403,3.258096538021482,3.4011973816621555,11,0.8660254037844384,-0.5000000000000004,0,3.027251421424857,3.0082025405394335,3.090492282961423,0.24554935919518725,0.14104089690976185,0.23254221406390477,0,0,5,2025-12-19T16:22:44.129923,3.1015954
2017-11-10,10,4,-0.9009688679024191,-0.433883739117558,314,0.6387494220515268,-0.7694148268839381,5,0,0,1,False,1,2.8903717578961645,2.9444389791664403,3.091042453358316,3.1354942159291497,3.2188758248682006,2.9444389791664403,3.258096538021482,3.4011973816621555,11,0.8660254037844384,-0.5000000000000004,0,3.0272514214248574,3.008202540539433,3.0904922829614234,0.24554935919518625,0.141040896909775,0.2325422140639127,0,0,5,2025-12-19T16:22:45.166766,3.1563241481781006
2017-11-11,11,5,-0.2225209339563146,-0.9749279121818236,315,0.6518989958787125,-0.7583058084785625,4,34,0,0,True,1,2.8903717578961645,2.9444389791664403,3.091042453358316,3.1354942159291497,3.2188758248682006,2.9444389791664403,3.258096538021482,3.4011973816621555,11,0.8660254037844384,-0.5000000000000004,0,3.027251421424857,3.0082025405394335,3.090492282961423,0.24554935919518725,0.14104089690976185,0.23254221406390477,0,0,5,2025-12-19T16:22:45.222118,3.2148566
2017-11-12,12,6,0.6234898018587334,-0.7818314824680299,316,0.6648553979642866,-0.7469720876965551,3,0,0,0,True,1,2.8903717578961645,2.9444389791664403,3.091042453358316,3.1354942159291497,3.2188758248682006,2.9444389791664403,3.258096538021482,3.4011973816621555,11,0.8660254037844384,-0.5000000000000004,0,3.0272514214248574,3.008202540539433,3.0904922829614234,0.24554935919518625,0.141040896909775,0.2325422140639127,0,0,5,2025-12-19T16:22:45.826352,3.282353162765503
2017-11-14,14,1,0.6234898018587336,0.7818314824680298,318,0.690173388242972,-0.7236440382959124,1,0,0,0,False,1,2.8903717578961645,2.9444389791664403,3.091042453358316,3.1354942159291497,3.2188758248682006,2.9444389791664403,3.258096538021482,3.4011973816621555,11,0.8660254037844384,-0.5000000000000004,0,3.0272514214248574,3.008202540539433,3.0904922829614234,0.24554935919518625,0.141040896909775,0.2325422140639127,0,0,5,2025-12-19T16:22:46.236225,3.041471004486084
2017-11-13,13,0,1.0,0.0,317,0.6776147890466887,-0.7354170229639858,2,10,0,0,False,1,2.8903717578961645,2.9444389791664403,3.091042453358316,3.1354942159291497,3.2188758248682006,2.9444389791664403,3.258096538021482,3.4011973816621555,11,0.8660254037844384,-0.5000000000000004,5,3.027251421424857,3.0082025405394335,3.090492282961423,0.24554935919518725,0.14104089690976185,0.23254221406390477,0,0,5,2025-12-19T16:22:46.278220,2.8860843
2017-11-16,16,3,-0.900968867902419,0.43388373911755823,320,0.7146733860429608,-0.6994583270516471,39,0,0,0,False,1,2.8903717578961645,2.9444389791664403,3.091042453358316,3.1354942159291497,3.2188758248682006,2.9444389791664403,3.258096538021482,3.4011973816621555,11,0.8660254037844384,-0.5000000000000004,0,3.0272514214248574,3.008202540539433,3.0904922829614234,0.24554935919518625,0.141040896909775,0.2325422140639127,0,0,5,2025-12-19T16:22:47.359088,3.0997891426086426
2017-11-15,15,2,-0.22252093395631434,0.9749279121818236,319,0.7025274741691566,-0.711656622281775,0,34,1,0,False,1,2.8903717578961645,2.9444389791664403,3.091042453358316,3.1354942159291497,3.2188758248682006,2.9444389791664403,3.258096538021482,3.4011973816621555,11,0.8660254037844384,-0.5000000000000004,0,3.027251421424857,3.0082025405394335,3.090492282961423,0.24554935919518725,0.14104089690976185,0.23254221406390477,0,0,5,2025-12-19T16:22:47.424082,3.0421057
2017-11-17,17,4,-0.9009688679024191,-0.433883739117558,321,0.7266075247685652,-0.6870527672236675,38,32,0,0,False,1,2.8903717578961645,2.9444389791664403,3.091042453358316,3.1354942159291497,3.2188758248682006,2.9444389791664403,3.258096538021482,3.4011973816621555,11,0.8660254037844384,-0.5000000000000004,0,3.027251421424857,3.0082025405394335,3.090492282961423,0.24554935919518725,0.14104089690976185,0.23254221406390477,0,0,5,2025-12-19T16:22:47.975236,3.1482227
2017-11-18,18,5,-0.2225209339563146,-0.9749279121818236,322,0.7383263540031063,-0.6744436188329457,37,0,0,0,True,1,2.8903717578961645,2.9444389791664403,3.091042453358316,3.1354942159291497,3.2188758248682006,2.9444389791664403,3.258096538021482,3.4011973816621555,11,0.8660254037844384,-0.5000000000000004,0,3.0272514214248574,3.008202540539433,3.0904922829614234,0.24554935919518625,0.141040896909775,0.2325422140639127,0,0,5,2025-12-19T16:22:48.320602,3.206230878829956
2017-11-19,19,6,0.6234898018587334,-0.7818314824680299,323,0.749826401204568,-0.661634618242279,36,50,0,0,True,1,2.8903717578961645,2.9444389791664403,3.091042453358316,3.1354942159291497,3.2188758248682006,2.9444389791664403,3.258096538021482,3.4011973816621555,11,0.8660254037844384,-0.5000000000000004,0,3.027251421424857,3.0082025405394335,3.090492282961423,0.24554935919518725,0.14104089690976185,0.23254221406390477,0,0,5,2025-12-19T16:22:48.388526,3.276702
2017-11-20,20,0,1.0,0.0,324,0.7611042586607742,-0.6486295610349818,35,0,0,0,False,1,2.8903717578961645,2.9444389791664403,3.091042453358316,3.1354942159291497,3.2188758248682006,2.9444389791664403,3.258096538021482,3.4011973816621555,11,0.8660254037844384,-0.5000000000000004,0,3.0272514214248574,3.008202540539433,3.0904922829614234,0.24554935919518625,0.141040896909775,0.2325422140639127,0,0,5,2025-12-19T16:22:49.499797,2.8785219192504883
2017-11-21,21,1,0.6234898018587336,0.7818314824680298,325,0.7721565844991641,-0.6354323008901775,34,4,0,0,False,1,2.8903717578961645,2.9444389791664403,3.091042453358316,3.1354942159291497,3.2188758248682006,2.9444389791664403,3.258096538021482,3.4011973816621555,11,0.8660254037844384,-0.5000000000000004,12,3.027251421424857,3.0082025405394335,3.090492282961423,0.24554935919518725,0.14104089690976185,0.23254221406390477,0,0,5,2025-12-19T16:22:49.553318,3.029731
2017-11-22,22,2,-0.22252093395631434,0.9749279121818236,326,0.7829801036770624,-0.622046748440868,33,0,0,0,False,1,2.8903717578961645,2.9444389791664403,3.091042453358316,3.1354942159291497,3.2188758248682006,2.9444389791664403,3.258096538021482,3.4011973816621555,11,0.8660254037844384,-0.5000000000000004,0,3.0272514214248574,3.008202540539433,3.0904922829614234,0.24554935919518625,0.141040896909775,0.2325422140639127,0,0,5,2025-12-19T16:22:50.087289,3.0184173583984375
2017-11-23,23,3,-0.900968867902419,0.43388373911755823,327,0.7935716089521472,-0.6084768701151264,32,49,0,0,False,1,2.8903717578961645,2.9444389791664403,3.091042453358316,3.1354942159291497,3.2188758248682006,2.9444389791664403,3.258096538021482,3.4011973816621555,11,0.8660254037844384,-0.5000000000000004,0,3.027251421424857,3.0082025405394335,3.090492282961423,0.24554935919518725,0.14104089690976185,0.23254221406390477,0,0,5,2025-12-19T16:22:50.494058,3.0808015
2017-11-24,24,4,-0.9009688679024191,-0.433883739117558,328,0.8039279618328208,-0.594726686960764,31,0,0,0,False,1,2.8903717578961645,2.9444389791664403,3.091042453358316,3.1354942159291497,3.2188758248682006,2.9444389791664403,3.258096538021482,3.4011973816621555,11,0.8660254037844384,-0.5000000000000004,0,3.0272514214248574,3.008202540539433,3.0904922829614234,0.24554935919518625,0.141040896909775,0.2325422140639127,0,0,5,2025-12-19T16:22:50.506078,3.1314857006073
2017-11-25,25,5,-0.2225209339563146,-0.9749279121818236,329,0.8140460935082175,-0.5808002734538013,30,8,0,0,True,1,2.8903717578961645,2.9444389791664403,3.091042453358316,3.1354942159291497,3.2188758248682006,2.9444389791664403,3.258096538021482,3.4011973816621555,11,0.8660254037844384,-0.5000000000000004,8,3.027251421424857,3.0082025405394335,3.090492282961423,0.24554935919518725,0.14104089690976185,0.23254221406390477,0,0,5,2025-12-19T16:22:51.651741,3.1816409
2017-11-26,26,6,0.6234898018587334,-0.7818314824680299,330,0.8239230057575536,-0.5667017562911184,29,0,0,0,True,1,2.8903717578961645,2.9444389791664403,3.091042453358316,3.1354942159291497,3.2188758248682006,2.9444389791664403,3.258096538021482,3.4011973816621555,11,0.8660254037844384,-0.5000000000000004,0,3.0272514214248574,3.008202540539433,3.0904922829614234,0.24554935919518625,0.141040896909775,0.2325422140639127,0,0,5,2025-12-19T16:22:51.674748,3.249351739883423
2017-11-27,27,0,1.0,0.0,331,0.8335557718385695,-0.5524353131676203,28,7,0,0,False,1,2.8903717578961645,2.9444389791664403,3.091042453358316,3.1354942159291497,3.2188758248682006,2.9444389791664403,3.258096538021482,3.4011973816621555,11,0.8660254037844384,-0.5000000000000004,8,3.027251421424857,3.0082025405394335,3.090492282961423,0.24554935919518725,0.14104089690976185,0.23254221406390477,0,0,5,2025-12-19T16:22:52.248657,2.8567367
2017-11-28,28,1,0.6234898018587336,0.7818314824680298,332,0.8429415373547832,-0.5380051715382992,27,0,0,0,False,1,2.8903717578961645,2.9444389791664403,3.091042453358316,3.1354942159291497,3.2188758248682006,2.9444389791664403,3.258096538021482,3.4011973816621555,11,0.8660254037844384,-0.5000000000000004,0,3.0272514214248574,3.008202540539433,3.0904922829614234,0.24554935919518625,0.141040896909775,0.2325422140639127,0,0,5,2025-12-19T16:22:52.636023,3.0113372802734375
2017-11-29,29,2,-0.22252093395631434,0.9749279121818236,333,0.8520775211013093,-0.5234156073655503,26,43,0,0,False,1,2.8903717578961645,2.9444389791664403,3.091042453358316,3.1354942159291497,3.2188758248682006,2.9444389791664403,3.258096538021482,3.4011973816621555,11,0.8660254037844384,-0.5000000000000004,0,3.027251421424857,3.0082025405394335,3.090492282961423,0.24554935919518725,0.14104089690976185,0.23254221406390477,0,0,5,2025-12-19T16:22:52.682061,3.0033092
2017-11-30,30,3,-0.900968867902419,0.43388373911755823,334,0.8609610158889945,-0.5086709438521042,25,0,0,0,False,1,2.8903717578961645,2.9444389791664403,3.091042453358316,3.1354942159291497,3.2188758248682006,2.9444389791664403,3.258096538021482,3.4011973816621555,11,0.8660254037844384,-0.5000000000000004,0,3.0272514214248574,3.008202540539433,3.0904922829614234,0.24554935919518625,0.141040896909775,0.2325422140639127,0,0,5,2025-12-19T16:22:53.805278,3.082529306411743
2017-12-01,1,4,-0.9009688679024191,-0.433883739117558,335,0.8695893893466109,-0.49377555015997737,24,50,0,1,False,1,2.8903717578961645,2.9444389791664403,3.091042453358316,3.1354942159291497,3.2188758248682006,2.9444389791664403,3.258096538021482,3.4011973816621555,12,1.0,-2.4492935982947064e-16,0,3.027251421424857,3.0082025405394335,3.090492282961423,0.24554935919518725,0.14104089690976185,0.23254221406390477,0,0,5,2025-12-19T16:22:53.851193,2.8168194
2017-12-02,2,5,-0.2225209339563146,-0.9749279121818236,336,0.8779600847008883,-0.4787338401157883,23,0,0,1,True,1,2.8903717578961645,2.9444389791664403,3.091042453358316,3.1354942159291497,3.2188758248682006,2.9444389791664403,3.258096538021482,3.4011973816621555,12,1.0,-2.4492935982947064e-16,0,3.0272514214248574,3.008202540539433,3.0904922829614234,0.24554935919518625,0.141040896909775,0.2325422140639127,0,0,5,2025-12-19T16:22:54.348517,2.911059856414795
2017-12-04,4,0,1.0,0.0,338,0.893918596519257,-0.4482293417404106,21,0,0,1,False,1,2.8903717578961645,2.9444389791664403,3.091042453358316,3.1354942159291497,3.2188758248682006,2.9444389791664403,3.258096538021482,3.4011973816621555,12,1.0,-2.4492935982947064e-16,0,3.0272514214248574,3.008202540539433,3.0904922829614234,0.24554935919518625,0.141040896909775,0.2325422140639127,0,0,5,2025-12-19T16:22:54.771684,2.5137526988983154
2017-12-03,3,6,0.6234898018587334,-0.7818314824680299,337,0.8860706215341378,-0.4635502709028512,22,6,0,1,True,1,2.8903717578961645,2.9444389791664403,3.091042453358316,3.1354942159291497,3.2188758248682006,2.9444389791664403,3.258096538021482,3.4011973816621555,12,1.0,-2.4492935982947064e-16,9,3.027251421424857,3.0082025405394335,3.090492282961423,0.24554935919518725,0.14104089690976185,0.23254221406390477,0,0,5,2025-12-19T16:22:54.820055,2.950991
2017-12-05,5,1,0.6234898018587336,0.7818314824680298,339,0.9015016841318838,-0.4327755925504317,20,22,0,1,False,1,2.8903717578961645,2.9444389791664403,3.091042453358316,3.1354942159291497,3.2188758248682006,2.9444389791664403,3.258096538021482,3.4011973816621555,12,1.0,-2.4492935982947064e-16,0,3.027251421424857,3.0082025405394335,3.090492282961423,0.24554935919518725,0.14104089690976185,0.23254221406390477,0,0,5,2025-12-19T16:22:55.952729,2.7012677
2017-12-06,6,2,-0.22252093395631434,0.9749279121818236,340,0.9088176373395028,-0.41719360261231697,19,0,0,1,False,1,2.8903717578961645,2.9444389791664403,3.091042453358316,3.1354942159291497,3.2188758248682006,2.9444389791664403,3.258096538021482,3.4011973816621555,12,1.0,-2.4492935982947064e-16,0,3.0272514214248574,3.008202540539433,3.0904922829614234,0.24554935919518625,0.141040896909775,0.2325422140639127,0,0,5,2025-12-19T16:22:55.965733,2.698253870010376
2017-12-07,7,3,-0.900968867902419,0.43388373911755823,341,0.9158642882672868,-0.4014879892059737,18,30,0,1,False,1,2.8903717578961645,2.9444389791664403,3.091042453358316,3.1354942159291497,3.2188758248682006,2.9444389791664403,3.258096538021482,3.4011973816621555,12,1.0,-2.4492935982947064e-16,0,3.027251421424857,3.0082025405394335,3.090492282961423,0.24554935919518725,0.14104089690976185,0.23254221406390477,0,0,5,2025-12-19T16:22:56.509928,2.7965014
2017-12-08,8,4,-0.9009688679024191,-0.433883739117558,342,0.9226395488404875,-0.38566340624360745,17,0,0,1,False,1,2.8903717578961645,2.9444389791664403,3.091042453358316,3.1354942159291497,3.2188758248682006,2.9444389791664403,3.258096538021482,3.4011973816621555,12,1.0,-2.4492935982947064e-16,0,3.0272514214248574,3.008202540539433,3.0904922829614234,0.24554935919518625,0.141040896909775,0.2325422140639127,0,0,5,2025-12-19T16:22:56.905020,2.836085557937622
2017-12-09,9,5,-0.2225209339563146,-0.9749279121818236,343,0.9291414114031743,-0.3697245428906732,16,10,0,1,True,1,2.8903717578961645,2.9444389791664403,3.091042453358316,3.1354942159291497,3.2188758248682006,2.9444389791664403,3.258096538021482,3.4011973816621555,12,1.0,-2.4492935982947064e-16,5,3.027251421424857,3.0082025405394335,3.090492282961423,0.24554935919518725,0.14104089690976185,0.23254221406390477,0,0,5,2025-12-19T16:22:56.957765,2.8958058
2017-12-10,10,6,0.6234898018587334,-0.7818314824680299,344,0.935367949313148,-0.3536761221763721,15,0,0,1,True,1,2.8903717578961645,2.9444389791664403,3.091042453358316,3.1354942159291497,3.2188758248682006,2.9444389791664403,3.258096538021482,3.4011973816621555,12,1.0,-2.4492935982947064e-16,0,3.0272514214248574,3.008202540539433,3.0904922829614234,0.24554935919518625,0.141040896909775,0.2325422140639127,0,0,5,2025-12-19T16:22:58.109349,2.94858717918396
2017-12-11,11,0,1.0,0.0,345,0.941317317512847,-0.33752289959411347,14,5,0,0,False,1,2.8903717578961645,2.9444389791664403,3.091042453358316,3.1354942159291497,3.2188758248682006,2.9444389791664403,3.258096538021482,3.4011973816621555,12,1.0,-2.4492935982947064e-16,10,3.027251421424857,3.0082025405394335,3.090492282961423,0.24554935919518725,0.14104089690976185,0.23254221406390477,0,0,5,2025-12-19T16:22:58.152356,2.5518196
2017-12-12,12,1,0.6234898018587336,0.7818314824680298,346,0.9469877530760751,-0.32126966169236515,13,0,0,0,False,1,2.8903717578961645,2.9444389791664403,3.091042453358316,3.1354942159291497,3.2188758248682006,2.9444389791664403,3.258096538021482,3.4011973816621555,12,1.0,-2.4492935982947064e-16,0,3.0272514214248574,3.008202540539433,3.0904922829614234,0.24554935919518625,0.141040896909775,0.2325422140639127,0,0,5,2025-12-19T16:22:58.643404,2.7211248874664307
2017-12-13,13,2,-0.22252093395631434,0.9749279121818236,347,0.9523775757303973,-0.3049212246562894,12,44,0,0,False,1,2.8903717578961645,2.9444389791664403,3.091042453358316,3.1354942159291497,3.2188758248682006,2.9444389791664403,3.258096538021482,3.4011973816621555,12,1.0,-2.4492935982947064e-16,0,3.027251421424857,3.0082025405394335,3.090492282961423,0.24554935919518725,0.14104089690976185,0.23254221406390477,0,0,5,2025-12-19T16:22:59.046344,2.7150154
2017-12-14,14,3,-0.900968867902419,0.43388373911755823,348,0.9574851883550389,-0.2884824328806098,11,0,0,0,False,1,2.8903717578961645,2.9444389791664403,3.091042453358316,3.1354942159291497,3.2188758248682006,2.9444389791664403,3.258096538021482,3.4011973816621555,12,1.0,-2.4492935982947064e-16,0,3.0272514214248574,3.008202540539433,3.0904922829614234,0.24554935919518625,0.141040896909775,0.2325422140639127,0,0,5,2025-12-19T16:22:59.079380,2.785862445831299
2017-12-16,16,5,-0.2225209339563146,-0.9749279121818236,350,0.9668478136052773,-0.2553532951161881,9,0,0,0,True,1,2.8903717578961645,2.9444389791664403,3.091042453358316,3.1354942159291497,3.2188758248682006,2.9444389791664403,3.258096538021482,3.4011973816621555,12,1.0,-2.4492935982947064e-16,0,3.0272514214248574,3.008202540539433,3.0904922829614234,0.24554935919518625,0.141040896909775,0.2325422140639127,0,0,5,2025-12-19T16:23:00.270040,2.8930165767669678
2017-12-15,15,4,-0.9009688679024191,-0.433883739117558,349,0.9623090774541487,-0.27195815753410524,10,17,0,0,False,1,2.8903717578961645,2.9444389791664403,3.091042453358316,3.1354942159291497,3.2188758248682006,2.9444389791664403,3.258096538021482,3.4011973816621555,12,1.0,-2.4492935982947064e-16,0,3.027251421424857,3.0082025405394335,3.090492282961423,0.24554935919518725,0.14104089690976185,0.23254221406390477,0,0,5,2025-12-19T16:23:00.310046,2.8292372
2017-12-17,17,6,0.6234898018587334,-0.7818314824680299,351,0.9711000518829505,-0.23867276600594997,8,4,0,0,True,1,2.8903717578961645,2.9444389791664403,3.091042453358316,3.1354942159291497,3.2188758248682006,2.9444389791664403,3.258096538021482,3.4011973816621555,12,1.0,-2.4492935982947064e-16,11,3.027251421424857,3.0082025405394335,3.090492282961423,0.24554935919518725,0.14104089690976185,0.23254221406390477,0,0,5,2025-12-19T16:23:00.736586,2.9401789
2017-12-18,18,0,1.0,0.0,352,0.9750645322571945,-0.22192151300416674,7,0,0,0,False,1,2.8903717578961645,2.9444389791664403,3.091042453358316,3.1354942159291497,3.2188758248682006,2.9444389791664403,3.258096538021482,3.4011973816621555,12,1.0,-2.4492935982947064e-16,0,3.0272514214248574,3.008202540539433,3.0904922829614234,0.24554935919518625,0.141040896909775,0.2325422140639127,0,0,5,2025-12-19T16:23:01.123247,2.564006805419922
2017-12-19,19,1,0.6234898018587336,0.7818314824680298,353,0.9787400799669153,-0.20510449986861926,6,9,0,0,False,1,2.8903717578961645,2.9444389791664403,3.091042453358316,3.1354942159291497,3.2188758248682006,2.9444389791664403,3.258096538021482,3.4011973816621555,12,1.0,-2.4492935982947064e-16,6,3.027251421424857,3.0082025405394335,3.090492282961423,0.24554935919518725,0.14104089690976185,0.23254221406390477,0,0,5,2025-12-19T16:23:01.212499,2.7478964
2017-12-20,20,2,-0.22252093395631434,0.9749279121818236,354,0.9821256058680006,-0.1882267098432439,5,0,0,0,False,1,2.8903717578961645,2.9444389791664403,3.091042453358316,3.1354942159291497,3.2188758248682006,2.9444389791664403,3.258096538021482,3.4011973816621555,12,1.0,-2.4492935982947064e-16,0,3.0272514214248574,3.008202540539433,3.0904922829614234,0.24554935919518625,0.141040896909775,0.2325422140639127,0,0,5,2025-12-19T16:23:02.394063,2.7602458000183105
2017-12-21,21,3,-0.900968867902419,0.43388373911755823,355,0.9852201067560606,-0.1712931441814778,4,15,0,0,False,1,2.8903717578961645,2.9444389791664403,3.091042453358316,3.1354942159291497,3.2188758248682006,2.9444389791664403,3.258096538021482,3.4011973816621555,12,1.0,-2.4492935982947064e-16,0,3.027251421424857,3.0082025405394335,3.090492282961423,0.24554935919518725,0.14104089690976185,0.23254221406390477,0,0,5,2025-12-19T16:23:02.449085,2.8253987
2017-12-22,22,4,-0.9009688679024191,-0.433883739117558,356,0.9880226656636976,-0.154308820664281,3,0,0,0,False,1,2.8903717578961645,2.9444389791664403,3.091042453358316,3.1354942159291497,3.2188758248682006,2.9444389791664403,3.258096538021482,3.4011973816621555,12,1.0,-2.4492935982947064e-16,0,3.0272514214248574,3.008202540539433,3.0904922829614234,0.24554935919518625,0.141040896909775,0.2325422140639127,0,0,5,2025-12-19T16:23:02.877097,2.8703629970550537
2017-12-23,23,5,-0.2225209339563146,-0.9749279121818236,357,0.9905324521322227,-0.13727877211326517,2,44,0,0,True,1,2.8903717578961645,2.9444389791664403,3.091042453358316,3.1354942159291497,3.2188758248682006,2.9444389791664403,3.258096538021482,3.4011973816621555,12,1.0,-2.4492935982947064e-16,0,3.027251421424857,3.0082025405394335,3.090492282961423,0.24554935919518725,0.14104089690976185,0.23254221406390477,0,0,5,2025-12-19T16:23:03.283034,2.924535
2017-12-24,24,6,0.6234898018587334,-0.7818314824680299,358,0.9927487224577402,-0.12020804489935275,1,0,0,0,True,1,2.8903717578961645,2.9444389791664403,3.091042453358316,3.1354942159291497,3.2188758248682006,2.9444389791664403,3.258096538021482,3.4011973816621555,12,1.0,-2.4492935982947064e-16,0,3.0272514214248574,3.008202540539433,3.0904922829614234,0.24554935919518625,0.141040896909775,0.2325422140639127,0,0,5,2025-12-19T16:23:03.317038,2.982670307159424
2017-12-26,26,1,0.6234898018587336,0.7818314824680298,360,0.9962981749346077,-0.0859647987374467,6,0,0,0,False,1,2.8903717578961645,2.9444389791664403,3.091042453358316,3.1354942159291497,3.2188758248682006,2.9444389791664403,3.258096538021482,3.4011973816621555,12,1.0,-2.4492935982947064e-16,0,3.0272514214248574,3.008202540539433,3.0904922829614234,0.24554935919518625,0.141040896909775,0.2325422140639127,0,0,5,2025-12-19T16:23:04.555184,2.7779202461242676
2017-12-25,25,0,1.0,0.0,359,0.9946708199115211,-0.10310169744743544,0,6,1,0,False,1,2.8903717578961645,2.9444389791664403,3.091042453358316,3.1354942159291497,3.2188758248682006,2.9444389791664403,3.258096538021482,3.4011973816621555,12,1.0,-2.4492935982947064e-16,9,3.027251421424857,3.0082025405394335,3.090492282961423,0.24554935919518725,0.14104089690976185,0.23254221406390477,0,0,5,2025-12-19T16:23:04.592320,2.601825
2017-12-27,27,2,-0.22252093395631434,0.9749279121818236,361,0.9976303053065857,-0.06880242680232064,5,2,0,0,False,1,2.8903717578961645,2.9444389791664403,3.091042453358316,3.1354942159291497,3.2188758248682006,2.9444389791664403,3.258096538021482,3.4011973816621555,12,1.0,-2.4492935982947064e-16,13,3.027251421424857,3.0082025405394335,3.090492282961423,0.24554935919518725,0.14104089690976185,0.23254221406390477,0,0,5,2025-12-19T16:23:05.013864,2.7894862
2017-12-28,28,3,-0.900968867902419,0.43388373911755823,362,0.9986668162884759,-0.05161966722325418,4,0,0,0,False,1,2.8903717578961645,2.9444389791664403,3.091042453358316,3.1354942159291497,3.2188758248682006,2.9444389791664403,3.258096538021482,3.4011973816621555,12,1.0,-2.4492935982947064e-16,0,3.0272514214248574,3.008202540539433,3.0904922829614234,0.24554935919518625,0.141040896909775,0.2325422140639127,0,0,5,2025-12-19T16:23:05.432146,2.8544647693634033
2017-12-29,29,4,-0.9009688679024191,-0.433883739117558,363,0.9994074007397048,-0.034421611622745804,3,46,0,0,False,1,2.8903717578961645,2.9444389791664403,3.091042453358316,3.1354942159291497,3.2188758248682006,2.9444389791664403,3.258096538021482,3.4011973816621555,12,1.0,-2.4492935982947064e-16,0,3.027251421424857,3.0082025405394335,3.090492282961423,0.24554935919518725,0.14104089690976185,0.23254221406390477,0,0,5,2025-12-19T16:23:05.475155,2.8933496
2017-12-30,30,5,-0.2225209339563146,-0.9749279121818236,364,0.9998518392091162,-0.01721335615583528,2,0,0,0,True,1,2.8903717578961645,2.9444389791664403,3.091042453358316,3.1354942159291497,3.2188758248682006,2.9444389791664403,3.258096538021482,3.4011973816621555,12,1.0,-2.4492935982947064e-16,0,3.0272514214248574,3.008202540539433,3.0904922829614234,0.24554935919518625,0.141040896909775,0.2325422140639127,0,0,5,2025-12-19T16:23:06.650537,2.9462335109710693
2017-12-31,31,6,0.6234898018587334,-0.7818314824680299,365,1.0,6.432490598706546e-16,1,23,0,0,True,1,2.8903717578961645,2.9444389791664403,3.091042453358316,3.1354942159291497,3.2188758248682006,2.9444389791664403,3.258096538021482,3.4011973816621555,12,1.0,-2.4492935982947064e-16,0,3.027251421424857,3.0082025405394335,3.090492282961423,0.24554935919518725,0.14104089690976185,0.23254221406390477,0,0,5,2025-12-19T16:23:06.714619,2.986061
2017-10-01,1,6,0.6234898018587334,-0.7818314824680299,274,0.004303538296243821,-0.9999907397361901,11,0,0,1,True,1,2.8903717578961645,3.1780538303479458,3.4965075614664802,2.9444389791664403,3.2188758248682006,3.258096538021482,3.091042453358316,2.995732273553991,10,0.5000000000000001,-0.8660254037844386,0,2.979228737829019,2.96509015787753,3.0652620126555377,0.29246704779566196,0.44261399614169405,0.216297958370535,0,0,6,2025-12-19T16:23:07.114135,3.011247158050537
2017-10-03,3,1,0.6234898018587336,0.7818314824680298,276,0.03872228089217399,-0.9992500112396835,9,0,0,1,False,1,2.8903717578961645,3.1780538303479458,3.4965075614664802,2.9444389791664403,3.2188758248682006,3.258096538021482,3.091042453358316,2.995732273553991,10,0.5000000000000001,-0.8660254037844386,0,2.979228737829019,2.96509015787753,3.0652620126555377,0.29246704779566196,0.44261399614169405,0.216297958370535,0,0,6,2025-12-19T16:23:07.585015,2.7444233894348145
2017-10-02,2,0,1.0,0.0,275,0.021516097436222233,-0.9997685019798909,10,5,0,1,False,1,2.8903717578961645,3.1780538303479458,3.4965075614664802,2.9444389791664403,3.2188758248682006,3.258096538021482,3.091042453358316,2.995732273553991,10,0.5000000000000001,-0.8660254037844386,10,2.979228737829019,2.96509015787753,3.0652620126555385,0.29246704779565985,0.4426139961416927,0.21629795837053956,0,0,6,2025-12-19T16:23:07.651017,2.5925903
2017-10-04,4,2,-0.22252093395631434,0.9749279121818236,277,0.05591699010060302,-0.9984354211555643,8,25,0,1,False,1,2.8903717578961645,3.1780538303479458,3.4965075614664802,2.9444389791664403,3.2188758248682006,3.258096538021482,3.091042453358316,2.995732273553991,10,0.5000000000000001,-0.8660254037844386,0,2.979228737829019,2.96509015787753,3.0652620126555385,0.29246704779565985,0.4426139961416927,0.21629795837053956,0,0,6,2025-12-19T16:23:08.772379,2.744887
2017-10-05,5,3,-0.900968867902419,0.43388373911755823,278,0.07309512989807776,-0.9973249731081555,7,0,0,1,False,1,2.8903717578961645,3.1780538303479458,3.4965075614664802,2.9444389791664403,3.2188758248682006,3.258096538021482,3.091042453358316,2.995732273553991,10,0.5000000000000001,-0.8660254037844386,0,2.979228737829019,2.96509015787753,3.0652620126555377,0.29246704779566196,0.44261399614169405,0.216297958370535,0,0,6,2025-12-19T16:23:08.828784,2.8274295330047607
2017-10-06,6,4,-0.9009688679024191,-0.433883739117558,279,0.0902516100310407,-0.9959189961471792,6,34,0,1,False,1,2.8903717578961645,3.1780538303479458,3.4965075614664802,2.9444389791664403,3.2188758248682006,3.258096538021482,3.091042453358316,2.995732273553991,10,0.5000000000000001,-0.8660254037844386,0,2.979228737829019,2.96509015787753,3.0652620126555385,0.29246704779565985,0.4426139961416927,0.21629795837053956,0,0,6,2025-12-19T16:23:09.247997,2.9096444
2017-10-07,7,5,-0.2225209339563146,-0.9749279121818236,280,0.10738134666416306,-0.994217906893952,5,0,0,1,True,1,2.8903717578961645,3.1780538303479458,3.4965075614664802,2.9444389791664403,3.2188758248682006,3.258096538021482,3.091042453358316,2.995732273553991,10,0.5000000000000001,-0.8660254037844386,0,2.979228737829019,2.96509015787753,3.0652620126555377,0.29246704779566196,0.44261399614169405,0.216297958370535,0,0,6,2025-12-19T16:23:09.686557,2.9610393047332764
2017-10-08,8,6,0.6234898018587334,-0.7818314824680299,281,0.12447926388678869,-0.9922222094179324,4,6,0,1,True,1,2.8903717578961645,3.1780538303479458,3.4965075614664802,2.9444389791664403,3.2188758248682006,3.258096538021482,3.091042453358316,2.995732273553991,10,0.5000000000000001,-0.8660254037844386,10,2.979228737829019,2.96509015787753,3.0652620126555385,0.29246704779565985,0.4426139961416927,0.21629795837053956,0,0,6,2025-12-19T16:23:09.759825,3.03777
2017-10-09,9,0,1.0,0.0,282,0.141540295217043,-0.989932495087353,3,0,0,1,False,1,2.8903717578961645,3.1780538303479458,3.4965075614664802,2.9444389791664403,3.2188758248682006,3.258096538021482,3.091042453358316,2.995732273553991,10,0.5000000000000001,-0.8660254037844386,0,2.979228737829019,2.96509015787753,3.0652620126555377,0.29246704779566196,0.44261399614169405,0.216297958370535,0,0,6,2025-12-19T16:23:10.846810,2.591635227203369
2017-10-10,10,1,0.6234898018587336,0.7818314824680298,283,0.15855938510313475,-0.9873494423939864,2,39,0,1,False,1,2.8903717578961645,3.1780538303479458,3.4965075614664802,2.9444389791664403,3.2188758248682006,3.258096538021482,3.091042453358316,2.995732273553991,10,0.5000000000000001,-0.8660254037844386,0,2.979228737829019,2.96509015787753,3.0652620126555385,0.29246704779565985,0.4426139961416927,0.21629795837053956,0,0,6,2025-12-19T16:23:10.914452,2.7726028
2017-10-11,11,2,-0.22252093395631434,0.9749279121818236,284,0.17553149042142777,-0.9844738167520923,1,0,0,0,False,1,2.8903717578961645,3.1780538303479458,3.4965075614664802,2.9444389791664403,3.2188758248682006,3.258096538021482,3.091042453358316,2.995732273553991,10,0.5000000000000001,-0.8660254037844386,0,2.979228737829019,2.96509015787753,3.0652620126555377,0.29246704779566196,0.44261399614169405,0.216297958370535,0,0,6,2025-12-19T16:23:11.354274,2.7647581100463867
2017-10-12,12,3,-0.900968867902419,0.43388373911755823,285,0.19245158197082995,-0.9813064702716093,0,49,1,0,False,1,2.8903717578961645,3.1780538303479458,3.4965075614664802,2.9444389791664403,3.2188758248682006,3.258096538021482,3.091042453358316,2.995732273553991,10,0.5000000000000001,-0.8660254037844386,0,2.979228737829019,2.96509015787753,3.0652620126555385,0.29246704779565985,0.4426139961416927,0.21629795837053956,0,0,6,2025-12-19T16:23:11.872328,2.8478475
2017-10-13,13,4,-0.9009688679024191,-0.433883739117558,286,0.20931464596304888,-0.9778483415056567,20,0,0,0,False,1,2.8903717578961645,3.1780538303479458,3.4965075614664802,2.9444389791664403,3.2188758248682006,3.258096538021482,3.091042453358316,2.995732273553991,10,0.5000000000000001,-0.8660254037844386,0,2.979228737829019,2.96509015787753,3.0652620126555377,0.29246704779566196,0.44261399614169405,0.216297958370535,0,0,6,2025-12-19T16:23:11.874332,2.9160428047180176
2017-10-15,15,6,0.6234898018587334,-0.7818314824680299,288,0.2428497220959358,-0.970063921851507,18,0,0,0,True,1,2.8903717578961645,3.1780538303479458,3.4965075614664802,2.9444389791664403,3.2188758248682006,3.258096538021482,3.091042453358316,2.995732273553991,10,0.5000000000000001,-0.8660254037844386,0,2.979228737829019,2.96509015787753,3.0652620126555377,0.29246704779566196,0.44261399614169405,0.216297958370535,0,0,6,2025-12-19T16:23:13.031090,3.0453059673309326
2017-10-14,14,5,-0.2225209339563146,-0.9749279121818236,287,0.22611568550828803,-0.9741004551724206,19,30,0,0,True,1,2.8903717578961645,3.1780538303479458,3.4965075614664802,2.9444389791664403,3.2188758248682006,3.258096538021482,3.091042453358316,2.995732273553991,10,0.5000000000000001,-0.8660254037844386,0,2.979228737829019,2.96509015787753,3.0652620126555385,0.29246704779565985,0.4426139961416927,0.21629795837053956,0,0,6,2025-12-19T16:23:13.071001,2.972941
2017-10-16,16,0,1.0,0.0,289,0.25951179706979943,-0.965739937654855,17,11,0,0,False,1,2.8903717578961645,3.1780538303479458,3.4965075614664802,2.9444389791664403,3.2188758248682006,3.258096538021482,3.091042453358316,2.995732273553991,10,0.5000000000000001,-0.8660254037844386,4,2.979228737829019,2.96509015787753,3.0652620126555385,0.29246704779565985,0.4426139961416927,0.21629795837053956,0,0,6,2025-12-19T16:23:13.480111,2.6089628
2017-10-17,17,1,0.6234898018587336,0.7818314824680298,290,0.27609697309746883,-0.9611297838723007,16,0,0,0,False,1,2.8903717578961645,3.1780538303479458,3.4965075614664802,2.9444389791664403,3.2188758248682006,3.258096538021482,3.091042453358316,2.995732273553991,10,0.5000000000000001,-0.8660254037844386,0,2.979228737829019,2.96509015787753,3.0652620126555377,0.29246704779566196,0.44261399614169405,0.216297958370535,0,0,6,2025-12-19T16:23:13.982238,2.78271484375
2017-10-18,18,2,-0.22252093395631434,0.9749279121818236,291,0.2926003356333479,-0.9562348265919058,15,42,0,0,False,1,2.8903717578961645,3.1780538303479458,3.4965075614664802,2.9444389791664403,3.2188758248682006,3.258096538021482,3.091042453358316,2.995732273553991,10,0.5000000000000001,-0.8660254037844386,0,2.979228737829019,2.96509015787753,3.0652620126555385,0.29246704779565985,0.4426139961416927,0.21629795837053956,0,0,6,2025-12-19T16:23:14.023392,2.7798307
2017-10-19,19,3,-0.900968867902419,0.43388373911755823,292,0.30901699437494723,-0.9510565162951536,14,0,0,0,False,1,2.8903717578961645,3.1780538303479458,3.4965075614664802,2.9444389791664403,3.2188758248682006,3.258096538021482,3.091042453358316,2.995732273553991,10,0.5000000000000001,-0.8660254037844386,0,2.979228737829019,2.96509015787753,3.0652620126555377,0.29246704779566196,0.44261399614169405,0.216297958370535,0,0,6,2025-12-19T16:23:15.174888,2.8570969104766846
2017-10-20,20,4,-0.9009688679024191,-0.433883739117558,293,0.3253420847119795,-0.9455963874271428,13,9,0,0,False,1,2.8903717578961645,3.1780538303479458,3.4965075614664802,2.9444389791664403,3.2188758248682006,3.258096538021482,3.091042453358316,2.995732273553991,10,0.5000000000000001,-0.8660254037844386,6,2.979228737829019,2.96509015787753,3.0652620126555385,0.29246704779565985,0.4426139961416927,0.21629795837053956,0,0,6,2025-12-19T16:23:15.332612,2.9087956
2017-10-21,21,5,-0.2225209339563146,-0.9749279121818236,294,0.341570769167856,-0.9398560579418953,12,0,0,0,True,1,2.8903717578961645,3.1780538303479458,3.4965075614664802,2.9444389791664403,3.2188758248682006,3.258096538021482,3.091042453358316,2.995732273553991,10,0.5000000000000001,-0.8660254037844386,0,2.979228737829019,2.96509015787753,3.0652620126555377,0.29246704779566196,0.44261399614169405,0.216297958370535,0,0,6,2025-12-19T16:23:15.586981,2.968071699142456
2017-10-23,23,0,1.0,0.0,296,0.3737197147904692,-0.9275416835791965,10,0,0,0,False,1,2.8903717578961645,3.1780538303479458,3.4965075614664802,2.9444389791664403,3.2188758248682006,3.258096538021482,3.091042453358316,2.995732273553991,10,0.5000000000000001,-0.8660254037844386,0,2.979228737829019,2.96509015787753,3.0652620126555377,0.29246704779566196,0.44261399614169405,0.216297958370535,0,0,6,2025-12-19T16:23:16.153697,2.61537766456604
2017-10-22,22,6,0.6234898018587334,-0.7818314824680299,295,0.35769823883312546,-0.9338372288229252,11,42,0,0,True,1,2.8903717578961645,3.1780538303479458,3.4965075614664802,2.9444389791664403,3.2188758248682006,3.258096538021482,3.091042453358316,2.995732273553991,10,0.5000000000000001,-0.8660254037844386,0,2.979228737829019,2.96509015787753,3.0652620126555385,0.29246704779565985,0.4426139961416927,0.21629795837053956,0,0,6,2025-12-19T16:23:16.201077,3.047036
2017-10-24,24,1,0.6234898018587336,0.7818314824680298,297,0.38963044953078774,-0.9209712877166347,9,5,0,0,False,1,2.8903717578961645,3.1780538303479458,3.4965075614664802,2.9444389791664403,3.2188758248682006,3.258096538021482,3.091042453358316,2.995732273553991,10,0.5000000000000001,-0.8660254037844386,10,2.979228737829019,2.96509015787753,3.0652620126555385,0.29246704779565985,0.4426139961416927,0.21629795837053956,0,0,6,2025-12-19T16:23:17.481740,2.794697
2017-10-25,25,2,-0.22252093395631434,0.9749279121818236,298,0.4054257283599973,-0.9141279881853337,8,0,0,0,False,1,2.8903717578961645,3.1780538303479458,3.4965075614664802,2.9444389791664403,3.2188758248682006,3.258096538021482,3.091042453358316,2.995732273553991,10,0.5000000000000001,-0.8660254037844386,0,2.979228737829019,2.96509015787753,3.0652620126555377,0.29246704779566196,0.44261399614169405,0.216297958370535,0,0,6,2025-12-19T16:23:17.499004,2.7888870239257812
2017-10-26,26,3,-0.900968867902419,0.43388373911755823,299,0.42110087079608916,-0.9070138128026362,7,10,0,0,False,1,2.8903717578961645,3.1780538303479458,3.4965075614664802,2.9444389791664403,3.2188758248682006,3.258096538021482,3.091042453358316,2.995732273553991,10,0.5000000000000001,-0.8660254037844386,5,2.979228737829019,2.96509015787753,3.0652620126555385,0.29246704779565985,0.4426139961416927,0.21629795837053956,0,0,6,2025-12-19T16:23:17.755254,2.8766315
2017-10-27,27,4,-0.9009688679024191,-0.433883739117558,300,0.4366512319560638,-0.8996308696522434,6,0,0,0,False,1,2.8903717578961645,3.1780538303479458,3.4965075614664802,2.9444389791664403,3.2188758248682006,3.258096538021482,3.091042453358316,2.995732273553991,10,0.5000000000000001,-0.8660254037844386,0,2.979228737829019,2.96509015787753,3.0652620126555377,0.29246704779566196,0.44261399614169405,0.216297958370535,0,0,6,2025-12-19T16:23:18.302635,2.932420253753662
2017-10-28,28,5,-0.2225209339563146,-0.9749279121818236,301,0.45207220393230374,-0.8919813464595487,5,18,0,0,True,1,2.8903717578961645,3.1780538303479458,3.4965075614664802,2.9444389791664403,3.2188758248682006,3.258096538021482,3.091042453358316,2.995732273553991,10,0.5000000000000001,-0.8660254037844386,0,2.979228737829019,2.96509015787753,3.0652620126555385,0.29246704779565985,0.4426139961416927,0.21629795837053956,0,0,6,2025-12-19T16:23:18.356639,2.9893415
2017-10-29,29,6,0.6234898018587334,-0.7818314824680299,302,0.46735921715800205,-0.8840675099433637,4,0,0,0,True,1,2.8903717578961645,3.1780538303479458,3.4965075614664802,2.9444389791664403,3.2188758248682006,3.258096538021482,3.091042453358316,2.995732273553991,10,0.5000000000000001,-0.8660254037844386,0,2.979228737829019,2.96509015787753,3.0652620126555377,0.29246704779566196,0.44261399614169405,0.216297958370535,0,0,6,2025-12-19T16:23:19.610026,3.0618042945861816
2017-10-30,30,0,1.0,0.0,303,0.48250774176121763,-0.8758917051442433,3,31,0,0,False,1,2.8903717578961645,3.1780538303479458,3.4965075614664802,2.9444389791664403,3.2188758248682006,3.258096538021482,3.091042453358316,2.995732273553991,10,0.5000000000000001,-0.8660254037844386,0,2.979228737829019,2.96509015787753,3.0652620126555385,0.29246704779565985,0.4426139961416927,0.21629795837053956,0,0,6,2025-12-19T16:23:19.660017,2.6528244
2017-10-31,31,1,0.6234898018587336,0.7818314824680298,304,0.4975132889071803,-0.8674563547295971,2,0,0,0,False,1,2.8903717578961645,3.1780538303479458,3.4965075614664802,2.9444389791664403,3.2188758248682006,3.258096538021482,3.091042453358316,2.995732273553991,10,0.5000000000000001,-0.8660254037844386,0,2.979228737829019,2.96509015787753,3.0652620126555377,0.29246704779566196,0.44261399614169405,0.216297958370535,0,0,6,2025-12-19T16:23:19.839994,2.8790345191955566
2017-11-01,1,2,-0.22252093395631434,0.9749279121818236,305,0.5123714121284235,-0.858763958275803,1,8,0,1,False,1,2.8903717578961645,3.1780538303479458,3.4965075614664802,2.9444389791664403,3.2188758248682006,3.258096538021482,3.091042453358316,2.995732273553991,11,0.8660254037844384,-0.5000000000000004,7,2.979228737829019,2.96509015787753,3.0652620126555385,0.29246704779565985,0.4426139961416927,0.21629795837053956,0,0,6,2025-12-19T16:23:20.424995,2.9666386
2017-11-02,2,3,-0.900968867902419,0.43388373911755823,306,0.5270777086423724,-0.8498170915275277,0,0,1,1,False,1,2.8903717578961645,3.1780538303479458,3.4965075614664802,2.9444389791664403,3.2188758248682006,3.258096538021482,3.091042453358316,2.995732273553991,11,0.8660254037844384,-0.5000000000000004,0,2.979228737829019,2.96509015787753,3.0652620126555377,0.29246704779566196,0.44261399614169405,0.216297958370535,0,0,6,2025-12-19T16:23:20.475042,3.0434954166412354
2017-11-04,4,5,-0.2225209339563146,-0.9749279121818236,308,0.5560174366570446,-0.8311706263658079,11,0,0,1,True,1,2.8903717578961645,3.1780538303479458,3.4965075614664802,2.9444389791664403,3.2188758248682006,3.258096538021482,3.091042453358316,2.995732273553991,11,0.8660254037844384,-0.5000000000000004,0,2.979228737829019,2.96509015787753,3.0652620126555377,0.29246704779566196,0.44261399614169405,0.216297958370535,0,0,6,2025-12-19T16:23:21.772847,3.1306214332580566
2017-11-03,3,4,-0.9009688679024191,-0.433883739117558,307,0.5416278206559811,-0.8406184056344783,12,25,0,1,False,1,2.8903717578961645,3.1780538303479458,3.4965075614664802,2.9444389791664403,3.2188758248682006,3.258096538021482,3.091042453358316,2.995732273553991,11,0.8660254037844384,-0.5000000000000004,0,2.979228737829019,2.96509015787753,3.0652620126555385,0.29246704779565985,0.4426139961416927,0.21629795837053956,0,0,6,2025-12-19T16:23:21.811842,3.086308
2017-11-05,5,6,0.6234898018587334,-0.7818314824680299,309,0.5702422926917867,-0.8214765533024145,10,21,0,1,True,1,2.8903717578961645,3.1780538303479458,3.4965075614664802,2.9444389791664403,3.2188758248682006,3.258096538021482,3.091042453358316,2.995732273553991,11,0.8660254037844384,-0.5000000000000004,0,2.979228737829019,2.96509015787753,3.0652620126555385,0.29246704779565985,0.4426139961416927,0.21629795837053956,0,0,6,2025-12-19T16:23:21.998447,3.197005
2017-11-06,6,0,1.0,0.0,310,0.5842981736283683,-0.8115390590073611,9,0,0,1,False,1,2.8903717578961645,3.1780538303479458,3.4965075614664802,2.9444389791664403,3.2188758248682006,3.258096538021482,3.091042453358316,2.995732273553991,11,0.8660254037844384,-0.5000000000000004,0,2.979228737829019,2.96509015787753,3.0652620126555377,0.29246704779566196,0.44261399614169405,0.216297958370535,0,0,6,2025-12-19T16:23:22.590428,2.797729253768921
2017-11-07,7,1,0.6234898018587336,0.7818314824680298,311,0.5981809144059158,-0.801361088174677,8,32,0,1,False,1,2.8903717578961645,3.1780538303479458,3.4965075614664802,2.9444389791664403,3.2188758248682006,3.258096538021482,3.091042453358316,2.995732273553991,11,0.8660254037844384,-0.5000000000000004,0,2.979228737829019,2.96509015787753,3.0652620126555385,0.29246704779565985,0.4426139961416927,0.21629795837053956,0,0,6,2025-12-19T16:23:22.634421,2.9683955
2017-11-08,8,2,-0.22252093395631434,0.9749279121818236,312,0.6118864012687242,-0.7909456567567774,7,0,0,1,False,1,2.8903717578961645,3.1780538303479458,3.4965075614664802,2.9444389791664403,3.2188758248682006,3.258096538021482,3.091042453358316,2.995732273553991,11,0.8660254037844384,-0.5000000000000004,0,2.979228737829019,2.96509015787753,3.0652620126555377,0.29246704779566196,0.44261399614169405,0.216297958370535,0,0,6,2025-12-19T16:23:23.909770,2.9680871963500977
2017-11-09,9,3,-0.900968867902419,0.43388373911755823,313,0.6254105729852457,-0.780295851070776,6,45,0,1,False,1,2.8903717578961645,3.1780538303479458,3.4965075614664802,2.9444389791664403,3.2188758248682006,3.258096538021482,3.091042453358316,2.995732273553991,11,0.8660254037844384,-0.5000000000000004,0,2.979228737829019,2.96509015787753,3.0652620126555385,0.29246704779565985,0.4426139961416927,0.21629795837053956,0,0,6,2025-12-19T16:23:23.967673,3.0476189
2017-11-10,10,4,-0.9009688679024191,-0.433883739117558,314,0.6387494220515268,-0.7694148268839381,5,0,0,1,False,1,2.8903717578961645,3.1780538303479458,3.4965075614664802,2.9444389791664403,3.2188758248682006,3.258096538021482,3.091042453358316,2.995732273553991,11,0.8660254037844384,-0.5000000000000004,0,2.979228737829019,2.96509015787753,3.0652620126555377,0.29246704779566196,0.44261399614169405,0.216297958370535,0,0,6,2025-12-19T16:23:24.147466,3.0889341831207275
2017-11-12,12,6,0.6234898018587334,-0.7818314824680299,316,0.6648553979642866,-0.7469720876965551,3,0,0,0,True,1,2.8903717578961645,3.1780538303479458,3.4965075614664802,2.9444389791664403,3.2188758248682006,3.258096538021482,3.091042453358316,2.995732273553991,11,0.8660254037844384,-0.5000000000000004,0,2.979228737829019,2.96509015787753,3.0652620126555377,0.29246704779566196,0.44261399614169405,0.216297958370535,0,0,6,2025-12-19T16:23:24.776671,3.202454090118408
2017-11-11,11,5,-0.2225209339563146,-0.9749279121818236,315,0.6518989958787125,-0.7583058084785625,4,44,0,0,True,1,2.8903717578961645,3.1780538303479458,3.4965075614664802,2.9444389791664403,3.2188758248682006,3.258096538021482,3.091042453358316,2.995732273553991,11,0.8660254037844384,-0.5000000000000004,0,2.979228737829019,2.96509015787753,3.0652620126555385,0.29246704779565985,0.4426139961416927,0.21629795837053956,0,0,6,2025-12-19T16:23:24.800669,3.1322365
2017-11-13,13,0,1.0,0.0,317,0.6776147890466887,-0.7354170229639858,2,26,0,0,False,1,2.8903717578961645,3.1780538303479458,3.4965075614664802,2.9444389791664403,3.2188758248682006,3.258096538021482,3.091042453358316,2.995732273553991,11,0.8660254037844384,-0.5000000000000004,0,2.979228737829019,2.96509015787753,3.0652620126555385,0.29246704779565985,0.4426139961416927,0.21629795837053956,0,0,6,2025-12-19T16:23:26.044938,2.7935798
2017-11-14,14,1,0.6234898018587336,0.7818314824680298,318,0.690173388242972,-0.7236440382959124,1,0,0,0,False,1,2.8903717578961645,3.1780538303479458,3.4965075614664802,2.9444389791664403,3.2188758248682006,3.258096538021482,3.091042453358316,2.995732273553991,11,0.8660254037844384,-0.5000000000000004,0,2.979228737829019,2.96509015787753,3.0652620126555377,0.29246704779566196,0.44261399614169405,0.216297958370535,0,0,6,2025-12-19T16:23:26.080612,2.9818718433380127
2017-11-15,15,2,-0.22252093395631434,0.9749279121818236,319,0.7025274741691566,-0.711656622281775,0,31,1,0,False,1,2.8903717578961645,3.1780538303479458,3.4965075614664802,2.9444389791664403,3.2188758248682006,3.258096538021482,3.091042453358316,2.995732273553991,11,0.8660254037844384,-0.5000000000000004,0,2.979228737829019,2.96509015787753,3.0652620126555385,0.29246704779565985,0.4426139961416927,0.21629795837053956,0,0,6,2025-12-19T16:23:26.225368,2.9817839
2017-11-16,16,3,-0.900968867902419,0.43388373911755823,320,0.7146733860429608,-0.6994583270516471,39,0,0,0,False,1,2.8903717578961645,3.1780538303479458,3.4965075614664802,2.9444389791664403,3.2188758248682006,3.258096538021482,3.091042453358316,2.995732273553991,11,0.8660254037844384,-0.5000000000000004,0,2.979228737829019,2.96509015787753,3.0652620126555377,0.29246704779566196,0.44261399614169405,0.216297958370535,0,0,6,2025-12-19T16:23:26.878882,3.038550853729248
2017-11-17,17,4,-0.9009688679024191,-0.433883739117558,321,0.7266075247685652,-0.6870527672236675,38,15,0,0,False,1,2.8903717578961645,3.1780538303479458,3.4965075614664802,2.9444389791664403,3.2188758248682006,3.258096538021482,3.091042453358316,2.995732273553991,11,0.8660254037844384,-0.5000000000000004,1,2.979228737829019,2.96509015787753,3.0652620126555385,0.29246704779565985,0.4426139961416927,0.21629795837053956,0,0,6,2025-12-19T16:23:26.929928,3.0793266
2017-11-18,18,5,-0.2225209339563146,-0.9749279121818236,322,0.7383263540031063,-0.6744436188329457,37,0,0,0,True,1,2.8903717578961645,3.1780538303479458,3.4965075614664802,2.9444389791664403,3.2188758248682006,3.258096538021482,3.091042453358316,2.995732273553991,11,0.8660254037844384,-0.5000000000000004,0,2.979228737829019,2.96509015787753,3.0652620126555377,0.29246704779566196,0.44261399614169405,0.216297958370535,0,0,6,2025-12-19T16:23:28.201664,3.1367547512054443
2017-11-19,19,6,0.6234898018587334,-0.7818314824680299,323,0.749826401204568,-0.661634618242279,36,3,0,0,True,1,2.8903717578961645,3.1780538303479458,3.4965075614664802,2.9444389791664403,3.2188758248682006,3.258096538021482,3.091042453358316,2.995732273553991,11,0.8660254037844384,-0.5000000000000004,13,2.979228737829019,2.96509015787753,3.0652620126555385,0.29246704779565985,0.4426139961416927,0.21629795837053956,0,0,6,2025-12-19T16:23:28.248437,3.1970205
2017-11-20,20,0,1.0,0.0,324,0.7611042586607742,-0.6486295610349818,35,0,0,0,False,1,2.8903717578961645,3.1780538303479458,3.4965075614664802,2.9444389791664403,3.2188758248682006,3.258096538021482,3.091042453358316,2.995732273553991,11,0.8660254037844384,-0.5000000000000004,0,2.979228737829019,2.96509015787753,3.0652620126555377,0.29246704779566196,0.44261399614169405,0.216297958370535,0,0,6,2025-12-19T16:23:28.321236,2.7921011447906494
2017-11-22,22,2,-0.22252093395631434,0.9749279121818236,326,0.7829801036770624,-0.622046748440868,33,0,0,0,False,1,2.8903717578961645,3.1780538303479458,3.4965075614664802,2.9444389791664403,3.2188758248682006,3.258096538021482,3.091042453358316,2.995732273553991,11,0.8660254037844384,-0.5000000000000004,0,2.979228737829019,2.96509015787753,3.0652620126555377,0.29246704779566196,0.44261399614169405,0.216297958370535,0,0,6,2025-12-19T16:23:29.061725,2.9652750492095947
2017-11-21,21,1,0.6234898018587336,0.7818314824680298,325,0.7721565844991641,-0.6354323008901775,34,2,0,0,False,1,2.8903717578961645,3.1780538303479458,3.4965075614664802,2.9444389791664403,3.2188758248682006,3.258096538021482,3.091042453358316,2.995732273553991,11,0.8660254037844384,-0.5000000000000004,13,2.979228737829019,2.96509015787753,3.0652620126555385,0.29246704779565985,0.4426139961416927,0.21629795837053956,0,0,6,2025-12-19T16:23:29.098503,2.9781406
2017-11-24,24,4,-0.9009688679024191,-0.433883739117558,328,0.8039279618328208,-0.594726686960764,31,0,0,0,False,1,2.8903717578961645,3.1780538303479458,3.4965075614664802,2.9444389791664403,3.2188758248682006,3.258096538021482,3.091042453358316,2.995732273553991,11,0.8660254037844384,-0.5000000000000004,0,2.979228737829019,2.96509015787753,3.0652620126555377,0.29246704779566196,0.44261399614169405,0.216297958370535,0,0,6,2025-12-19T16:23:30.370418,3.0757336616516113
2017-11-23,23,3,-0.900968867902419,0.43388373911755823,327,0.7935716089521472,-0.6084768701151264,32,26,0,0,False,1,2.8903717578961645,3.1780538303479458,3.4965075614664802,2.9444389791664403,3.2188758248682006,3.258096538021482,3.091042453358316,2.995732273553991,11,0.8660254037844384,-0.5000000000000004,0,2.979228737829019,2.96509015787753,3.0652620126555385,0.29246704779565985,0.4426139961416927,0.21629795837053956,0,0,6,2025-12-19T16:23:30.418458,3.03694
2017-11-25,25,5,-0.2225209339563146,-0.9749279121818236,329,0.8140460935082175,-0.5808002734538013,30,37,0,0,True,1,2.8903717578961645,3.1780538303479458,3.4965075614664802,2.9444389791664403,3.2188758248682006,3.258096538021482,3.091042453358316,2.995732273553991,11,0.8660254037844384,-0.5000000000000004,0,2.979228737829019,2.96509015787753,3.0652620126555385,0.29246704779565985,0.4426139961416927,0.21629795837053956,0,0,6,2025-12-19T16:23:30.463453,3.1160376
2017-11-26,26,6,0.6234898018587334,-0.7818314824680299,330,0.8239230057575536,-0.5667017562911184,29,0,0,0,True,1,2.8903717578961645,3.1780538303479458,3.4965075614664802,2.9444389791664403,3.2188758248682006,3.258096538021482,3.091042453358316,2.995732273553991,11,0.8660254037844384,-0.5000000000000004,0,2.979228737829019,2.96509015787753,3.0652620126555377,0.29246704779566196,0.44261399614169405,0.216297958370535,0,0,6,2025-12-19T16:23:31.222315,3.1710987091064453
2017-11-27,27,0,1.0,0.0,331,0.8335557718385695,-0.5524353131676203,28,31,0,0,False,1,2.8903717578961645,3.1780538303479458,3.4965075614664802,2.9444389791664403,3.2188758248682006,3.258096538021482,3.091042453358316,2.995732273553991,11,0.8660254037844384,-0.5000000000000004,0,2.979228737829019,2.96509015787753,3.0652620126555385,0.29246704779565985,0.4426139961416927,0.21629795837053956,0,0,6,2025-12-19T16:23:31.265431,2.7659616
2017-11-28,28,1,0.6234898018587336,0.7818314824680298,332,0.8429415373547832,-0.5380051715382992,27,0,0,0,False,1,2.8903717578961645,3.1780538303479458,3.4965075614664802,2.9444389791664403,3.2188758248682006,3.258096538021482,3.091042453358316,2.995732273553991,11,0.8660254037844384,-0.5000000000000004,0,2.979228737829019,2.96509015787753,3.0652620126555377,0.29246704779566196,0.44261399614169405,0.216297958370535,0,0,6,2025-12-19T16:23:32.515217,2.951619863510132
2017-11-30,30,3,-0.900968867902419,0.43388373911755823,334,0.8609610158889945,-0.5086709438521042,25,0,0,0,False,1,2.8903717578961645,3.1780538303479458,3.4965075614664802,2.9444389791664403,3.2188758248682006,3.258096538021482,3.091042453358316,2.995732273553991,11,0.8660254037844384,-0.5000000000000004,0,2.979228737829019,2.96509015787753,3.0652620126555377,0.29246704779566196,0.44261399614169405,0.216297958370535,0,0,6,2025-12-19T16:23:32.564218,3.021993637084961
2017-11-29,29,2,-0.22252093395631434,0.9749279121818236,333,0.8520775211013093,-0.5234156073655503,26,7,0,0,False,1,2.8903717578961645,3.1780538303479458,3.4965075614664802,2.9444389791664403,3.2188758248682006,3.258096538021482,3.091042453358316,2.995732273553991,11,0.8660254037844384,-0.5000000000000004,8,2.979228737829019,2.96509015787753,3.0652620126555385,0.29246704779565985,0.4426139961416927,0.21629795837053956,0,0,6,2025-12-19T16:23:32.603216,2.94505
2017-12-02,2,5,-0.2225209339563146,-0.9749279121818236,336,0.8779600847008883,-0.4787338401157883,23,0,0,1,True,1,2.8903717578961645,3.1780538303479458,3.4965075614664802,2.9444389791664403,3.2188758248682006,3.258096538021482,3.091042453358316,2.995732273553991,12,1.0,-2.4492935982947064e-16,0,2.979228737829019,2.96509015787753,3.0652620126555377,0.29246704779566196,0.44261399614169405,0.216297958370535,0,0,6,2025-12-19T16:23:33.369067,2.822235584259033
2017-12-01,1,4,-0.9009688679024191,-0.433883739117558,335,0.8695893893466109,-0.49377555015997737,24,12,0,1,False,1,2.8903717578961645,3.1780538303479458,3.4965075614664802,2.9444389791664403,3.2188758248682006,3.258096538021482,3.091042453358316,2.995732273553991,12,1.0,-2.4492935982947064e-16,3,2.979228737829019,2.96509015787753,3.0652620126555385,0.29246704779565985,0.4426139961416927,0.21629795837053956,0,0,6,2025-12-19T16:23:33.408785,2.7457764
2017-12-03,3,6,0.6234898018587334,-0.7818314824680299,337,0.8860706215341378,-0.4635502709028512,22,4,0,1,True,1,2.8903717578961645,3.1780538303479458,3.4965075614664802,2.9444389791664403,3.2188758248682006,3.258096538021482,3.091042453358316,2.995732273553991,12,1.0,-2.4492935982947064e-16,11,2.979228737829019,2.96509015787753,3.0652620126555385,0.29246704779565985,0.4426139961416927,0.21629795837053956,0,0,6,2025-12-19T16:23:34.704762,2.8672261
2017-12-04,4,0,1.0,0.0,338,0.893918596519257,-0.4482293417404106,21,0,0,1,False,1,2.8903717578961645,3.1780538303479458,3.4965075614664802,2.9444389791664403,3.2188758248682006,3.258096538021482,3.091042453358316,2.995732273553991,12,1.0,-2.4492935982947064e-16,0,2.979228737829019,2.96509015787753,3.0652620126555377,0.29246704779566196,0.44261399614169405,0.216297958370535,0,0,6,2025-12-19T16:23:34.700760,2.4215586185455322
2017-12-05,5,1,0.6234898018587336,0.7818314824680298,339,0.9015016841318838,-0.4327755925504317,20,34,0,1,False,1,2.8903717578961645,3.1780538303479458,3.4965075614664802,2.9444389791664403,3.2188758248682006,3.258096538021482,3.091042453358316,2.995732273553991,12,1.0,-2.4492935982947064e-16,0,2.979228737829019,2.96509015787753,3.0652620126555385,0.29246704779565985,0.4426139961416927,0.21629795837053956,0,0,6,2025-12-19T16:23:34.761047,2.5821457
2017-12-06,6,2,-0.22252093395631434,0.9749279121818236,340,0.9088176373395028,-0.41719360261231697,19,0,0,1,False,1,2.8903717578961645,3.1780538303479458,3.4965075614664802,2.9444389791664403,3.2188758248682006,3.258096538021482,3.091042453358316,2.995732273553991,12,1.0,-2.4492935982947064e-16,0,2.979228737829019,2.96509015787753,3.0652620126555377,0.29246704779566196,0.44261399614169405,0.216297958370535,0,0,6,2025-12-19T16:23:35.521270,2.5775585174560547
2017-12-07,7,3,-0.900968867902419,0.43388373911755823,341,0.9158642882672868,-0.4014879892059737,18,13,0,1,False,1,2.8903717578961645,3.1780538303479458,3.4965075614664802,2.9444389791664403,3.2188758248682006,3.258096538021482,3.091042453358316,2.995732273553991,12,1.0,-2.4492935982947064e-16,2,2.979228737829019,2.96509015787753,3.0652620126555385,0.29246704779565985,0.4426139961416927,0.21629795837053956,0,0,6,2025-12-19T16:23:35.568802,2.639156
2017-12-08,8,4,-0.9009688679024191,-0.433883739117558,342,0.9226395488404875,-0.38566340624360745,17,0,0,1,False,1,2.8903717578961645,3.1780538303479458,3.4965075614664802,2.9444389791664403,3.2188758248682006,3.258096538021482,3.091042453358316,2.995732273553991,12,1.0,-2.4492935982947064e-16,0,2.979228737829019,2.96509015787753,3.0652620126555377,0.29246704779566196,0.44261399614169405,0.216297958370535,0,0,6,2025-12-19T16:23:36.911982,2.6834805011749268
2017-12-10,10,6,0.6234898018587334,-0.7818314824680299,344,0.935367949313148,-0.3536761221763721,15,0,0,1,True,1,2.8903717578961645,3.1780538303479458,3.4965075614664802,2.9444389791664403,3.2188758248682006,3.258096538021482,3.091042453358316,2.995732273553991,12,1.0,-2.4492935982947064e-16,0,2.979228737829019,2.96509015787753,3.0652620126555377,0.29246704779566196,0.44261399614169405,0.216297958370535,0,0,6,2025-12-19T16:23:36.939980,2.8254122734069824
2017-12-09,9,5,-0.2225209339563146,-0.9749279121818236,343,0.9291414114031743,-0.3697245428906732,16,42,0,1,True,1,2.8903717578961645,3.1780538303479458,3.4965075614664802,2.9444389791664403,3.2188758248682006,3.258096538021482,3.091042453358316,2.995732273553991,12,1.0,-2.4492935982947064e-16,0,2.979228737829019,2.96509015787753,3.0652620126555385,0.29246704779565985,0.4426139961416927,0.21629795837053956,0,0,6,2025-12-19T16:23:36.980078,2.7426422
2017-12-12,12,1,0.6234898018587336,0.7818314824680298,346,0.9469877530760751,-0.32126966169236515,13,0,0,0,False,1,2.8903717578961645,3.1780538303479458,3.4965075614664802,2.9444389791664403,3.2188758248682006,3.258096538021482,3.091042453358316,2.995732273553991,12,1.0,-2.4492935982947064e-16,0,2.979228737829019,2.96509015787753,3.0652620126555377,0.29246704779566196,0.44261399614169405,0.216297958370535,0,0,6,2025-12-19T16:23:37.684682,2.5885796546936035
2017-12-11,11,0,1.0,0.0,345,0.941317317512847,-0.33752289959411347,14,17,0,0,False,1,2.8903717578961645,3.1780538303479458,3.4965075614664802,2.9444389791664403,3.2188758248682006,3.258096538021482,3.091042453358316,2.995732273553991,12,1.0,-2.4492935982947064e-16,0,2.979228737829019,2.96509015787753,3.0652620126555385,0.29246704779565985,0.4426139961416927,0.21629795837053956,0,0,6,2025-12-19T16:23:37.722011,2.3721683
2017-12-14,14,3,-0.900968867902419,0.43388373911755823,348,0.9574851883550389,-0.2884824328806098,11,0,0,0,False,1,2.8903717578961645,3.1780538303479458,3.4965075614664802,2.9444389791664403,3.2188758248682006,3.258096538021482,3.091042453358316,2.995732273553991,12,1.0,-2.4492935982947064e-16,0,2.979228737829019,2.96509015787753,3.0652620126555377,0.29246704779566196,0.44261399614169405,0.216297958370535,0,0,6,2025-12-19T16:23:39.050083,2.6558985710144043
2017-12-13,13,2,-0.22252093395631434,0.9749279121818236,347,0.9523775757303973,-0.3049212246562894,12,21,0,0,False,1,2.8903717578961645,3.1780538303479458,3.4965075614664802,2.9444389791664403,3.2188758248682006,3.258096538021482,3.091042453358316,2.995732273553991,12,1.0,-2.4492935982947064e-16,0,2.979228737829019,2.96509015787753,3.0652620126555385,0.29246704779565985,0.4426139961416927,0.21629795837053956,0,0,6,2025-12-19T16:23:39.109306,2.5773194
2017-12-15,15,4,-0.9009688679024191,-0.433883739117558,349,0.9623090774541487,-0.27195815753410524,10,3,0,0,False,1,2.8903717578961645,3.1780538303479458,3.4965075614664802,2.9444389791664403,3.2188758248682006,3.258096538021482,3.091042453358316,2.995732273553991,12,1.0,-2.4492935982947064e-16,12,2.979228737829019,2.96509015787753,3.0652620126555385,0.29246704779565985,0.4426139961416927,0.21629795837053956,0,0,6,2025-12-19T16:23:39.152347,2.7104876
2017-12-16,16,5,-0.2225209339563146,-0.9749279121818236,350,0.9668478136052773,-0.2553532951161881,9,0,0,0,True,1,2.8903717578961645,3.1780538303479458,3.4965075614664802,2.9444389791664403,3.2188758248682006,3.258096538021482,3.091042453358316,2.995732273553991,12,1.0,-2.4492935982947064e-16,0,2.979228737829019,2.96509015787753,3.0652620126555377,0.29246704779566196,0.44261399614169405,0.216297958370535,0,0,6,2025-12-19T16:23:39.835183,2.763185977935791
2017-12-17,17,6,0.6234898018587334,-0.7818314824680299,351,0.9711000518829505,-0.23867276600594997,8,25,0,0,True,1,2.8903717578961645,3.1780538303479458,3.4965075614664802,2.9444389791664403,3.2188758248682006,3.258096538021482,3.091042453358316,2.995732273553991,12,1.0,-2.4492935982947064e-16,0,2.979228737829019,2.96509015787753,3.0652620126555385,0.29246704779565985,0.4426139961416927,0.21629795837053956,0,0,6,2025-12-19T16:23:39.879183,2.8367324
2017-12-18,18,0,1.0,0.0,352,0.9750645322571945,-0.22192151300416674,7,0,0,0,False,1,2.8903717578961645,3.1780538303479458,3.4965075614664802,2.9444389791664403,3.2188758248682006,3.258096538021482,3.091042453358316,2.995732273553991,12,1.0,-2.4492935982947064e-16,0,2.979228737829019,2.96509015787753,3.0652620126555377,0.29246704779566196,0.44261399614169405,0.216297958370535,0,0,6,2025-12-19T16:23:41.183512,2.413431167602539
2017-12-19,19,1,0.6234898018587336,0.7818314824680298,353,0.9787400799669153,-0.20510449986861926,6,23,0,0,False,1,2.8903717578961645,3.1780538303479458,3.4965075614664802,2.9444389791664403,3.2188758248682006,3.258096538021482,3.091042453358316,2.995732273553991,12,1.0,-2.4492935982947064e-16,0,2.979228737829019,2.96509015787753,3.0652620126555385,0.29246704779565985,0.4426139961416927,0.21629795837053956,0,0,6,2025-12-19T16:23:41.279360,2.6055734
2017-12-20,20,2,-0.22252093395631434,0.9749279121818236,354,0.9821256058680006,-0.1882267098432439,5,0,0,0,False,1,2.8903717578961645,3.1780538303479458,3.4965075614664802,2.9444389791664403,3.2188758248682006,3.258096538021482,3.091042453358316,2.995732273553991,12,1.0,-2.4492935982947064e-16,0,2.979228737829019,2.96509015787753,3.0652620126555377,0.29246704779566196,0.44261399614169405,0.216297958370535,0,0,6,2025-12-19T16:23:41.281360,2.6249687671661377
2017-12-22,22,4,-0.9009688679024191,-0.433883739117558,356,0.9880226656636976,-0.154308820664281,3,0,0,0,False,1,2.8903717578961645,3.1780538303479458,3.4965075614664802,2.9444389791664403,3.2188758248682006,3.258096538021482,3.091042453358316,2.995732273553991,12,1.0,-2.4492935982947064e-16,0,2.979228737829019,2.96509015787753,3.0652620126555377,0.29246704779566196,0.44261399614169405,0.216297958370535,0,0,6,2025-12-19T16:23:41.977564,2.766099214553833
2017-12-21,21,3,-0.900968867902419,0.43388373911755823,355,0.9852201067560606,-0.1712931441814778,4,33,0,0,False,1,2.8903717578961645,3.1780538303479458,3.4965075614664802,2.9444389791664403,3.2188758248682006,3.258096538021482,3.091042453358316,2.995732273553991,12,1.0,-2.4492935982947064e-16,0,2.979228737829019,2.96509015787753,3.0652620126555385,0.29246704779565985,0.4426139961416927,0.21629795837053956,0,0,6,2025-12-19T16:23:42.040435,2.7074492
2017-12-23,23,5,-0.2225209339563146,-0.9749279121818236,357,0.9905324521322227,-0.13727877211326517,2,21,0,0,True,1,2.8903717578961645,3.1780538303479458,3.4965075614664802,2.9444389791664403,3.2188758248682006,3.258096538021482,3.091042453358316,2.995732273553991,12,1.0,-2.4492935982947064e-16,0,2.979228737829019,2.96509015787753,3.0652620126555385,0.29246704779565985,0.4426139961416927,0.21629795837053956,0,0,6,2025-12-19T16:23:43.305221,2.816831
2017-12-24,24,6,0.6234898018587334,-0.7818314824680299,358,0.9927487224577402,-0.12020804489935275,1,0,0,0,True,1,2.8903717578961645,3.1780538303479458,3.4965075614664802,2.9444389791664403,3.2188758248682006,3.258096538021482,3.091042453358316,2.995732273553991,12,1.0,-2.4492935982947064e-16,0,2.979228737829019,2.96509015787753,3.0652620126555377,0.29246704779566196,0.44261399614169405,0.216297958370535,0,0,6,2025-12-19T16:23:43.359265,2.919804573059082
2017-12-25,25,0,1.0,0.0,359,0.9946708199115211,-0.10310169744743544,0,0,1,0,False,1,2.8903717578961645,3.1780538303479458,3.4965075614664802,2.9444389791664403,3.2188758248682006,3.258096538021482,3.091042453358316,2.995732273553991,12,1.0,-2.4492935982947064e-16,15,2.979228737829019,2.96509015787753,3.0652620126555385,0.29246704779565985,0.4426139961416927,0.21629795837053956,0,0,6,2025-12-19T16:23:43.417265,2.4624255
2017-12-26,26,1,0.6234898018587336,0.7818314824680298,360,0.9962981749346077,-0.0859647987374467,6,0,0,0,False,1,2.8903717578961645,3.1780538303479458,3.4965075614664802,2.9444389791664403,3.2188758248682006,3.258096538021482,3.091042453358316,2.995732273553991,12,1.0,-2.4492935982947064e-16,0,2.979228737829019,2.96509015787753,3.0652620126555377,0.29246704779566196,0.44261399614169405,0.216297958370535,0,0,6,2025-12-19T16:23:44.073557,2.6461565494537354
2017-12-27,27,2,-0.22252093395631434,0.9749279121818236,361,0.9976303053065857,-0.06880242680232064,5,30,0,0,False,1,2.8903717578961645,3.1780538303479458,3.4965075614664802,2.9444389791664403,3.2188758248682006,3.258096538021482,3.091042453358316,2.995732273553991,12,1.0,-2.4492935982947064e-16,0,2.979228737829019,2.96509015787753,3.0652620126555385,0.29246704779565985,0.4426139961416927,0.21629795837053956,0,0,6,2025-12-19T16:23:44.160808,2.6559122
2017-12-28,28,3,-0.900968867902419,0.43388373911755823,362,0.9986668162884759,-0.05161966722325418,4,0,0,0,False,1,2.8903717578961645,3.1780538303479458,3.4965075614664802,2.9444389791664403,3.2188758248682006,3.258096538021482,3.091042453358316,2.995732273553991,12,1.0,-2.4492935982947064e-16,0,2.979228737829019,2.96509015787753,3.0652620126555377,0.29246704779566196,0.44261399614169405,0.216297958370535,0,0,6,2025-12-19T16:23:45.407136,2.7401959896087646
2017-12-29,29,4,-0.9009688679024191,-0.433883739117558,363,0.9994074007397048,-0.034421611622745804,3,11,0,0,False,1,2.8903717578961645,3.1780538303479458,3.4965075614664802,2.9444389791664403,3.2188758248682006,3.258096538021482,3.091042453358316,2.995732273553991,12,1.0,-2.4492935982947064e-16,4,2.979228737829019,2.96509015787753,3.0652620126555385,0.29246704779565985,0.4426139961416927,0.21629795837053956,0,0,6,2025-12-19T16:23:45.503136,2.7942142
2017-12-30,30,5,-0.2225209339563146,-0.9749279121818236,364,0.9998518392091162,-0.01721335615583528,2,0,0,0,True,1,2.8903717578961645,3.1780538303479458,3.4965075614664802,2.9444389791664403,3.2188758248682006,3.258096538021482,3.091042453358316,2.995732273553991,12,1.0,-2.4492935982947064e-16,0,2.979228737829019,2.96509015787753,3.0652620126555377,0.29246704779566196,0.44261399614169405,0.216297958370535,0,0,6,2025-12-19T16:23:45.547254,2.8383266925811768
2017-12-31,31,6,0.6234898018587334,-0.7818314824680299,365,1.0,6.432490598706546e-16,1,15,0,0,True,1,2.8903717578961645,3.1780538303479458,3.4965075614664802,2.9444389791664403,3.2188758248682006,3.258096538021482,3.091042453358316,2.995732273553991,12,1.0,-2.4492935982947064e-16,0,2.979228737829019,2.96509015787753,3.0652620126555385,0.29246704779565985,0.4426139961416927,0.21629795837053956,0,0,6,2025-12-19T16:23:46.239074,2.9271345
2017-10-01,1,6,0.6234898018587334,-0.7818314824680299,274,0.004303538296243821,-0.9999907397361901,11,0,0,1,True,1,2.8903717578961645,3.295836866004329,2.8903717578961645,3.2188758248682006,3.044522437723423,2.4849066497880004,3.1780538303479458,2.995732273553991,10,0.5000000000000001,-0.8660254037844386,0,2.9280609260009247,2.940440754137709,2.9947743384870895,0.2591939454564438,0.2849978717487609,0.2662698321024041,0,0,7,2025-12-19T16:23:46.290071,3.0039515495300293
2017-10-02,2,0,1.0,0.0,275,0.021516097436222233,-0.9997685019798909,10,13,0,1,False,1,2.8903717578961645,3.295836866004329,2.8903717578961645,3.2188758248682006,3.044522437723423,2.4849066497880004,3.1780538303479458,2.995732273553991,10,0.5000000000000001,-0.8660254037844386,2,2.9280609260009247,2.940440754137709,2.9947743384870895,0.259193945456445,0.2849978717487553,0.26626983210242067,0,0,7,2025-12-19T16:23:47.555640,2.6273952
2017-10-03,3,1,0.6234898018587336,0.7818314824680298,276,0.03872228089217399,-0.9992500112396835,9,0,0,1,False,1,2.8903717578961645,3.295836866004329,2.8903717578961645,3.2188758248682006,3.044522437723423,2.4849066497880004,3.1780538303479458,2.995732273553991,10,0.5000000000000001,-0.8660254037844386,0,2.9280609260009247,2.940440754137709,2.9947743384870895,0.2591939454564438,0.2849978717487609,0.2662698321024041,0,0,7,2025-12-19T16:23:47.611698,2.7428247928619385
2017-10-04,4,2,-0.22252093395631434,0.9749279121818236,277,0.05591699010060302,-0.9984354211555643,8,13,0,1,False,1,2.8903717578961645,3.295836866004329,2.8903717578961645,3.2188758248682006,3.044522437723423,2.4849066497880004,3.1780538303479458,2.995732273553991,10,0.5000000000000001,-0.8660254037844386,2,2.9280609260009247,2.940440754137709,2.9947743384870895,0.259193945456445,0.2849978717487553,0.26626983210242067,0,0,7,2025-12-19T16:23:47.669743,2.747712
2017-10-05,5,3,-0.900968867902419,0.43388373911755823,278,0.07309512989807776,-0.9973249731081555,7,0,0,1,False,1,2.8903717578961645,3.295836866004329,2.8903717578961645,3.2188758248682006,3.044522437723423,2.4849066497880004,3.1780538303479458,2.995732273553991,10,0.5000000000000001,-0.8660254037844386,0,2.9280609260009247,2.940440754137709,2.9947743384870895,0.2591939454564438,0.2849978717487609,0.2662698321024041,0,0,7,2025-12-19T16:23:48.355549,2.825495481491089
2017-10-06,6,4,-0.9009688679024191,-0.433883739117558,279,0.0902516100310407,-0.9959189961471792,6,14,0,1,False,1,2.8903717578961645,3.295836866004329,2.8903717578961645,3.2188758248682006,3.044522437723423,2.4849066497880004,3.1780538303479458,2.995732273553991,10,0.5000000000000001,-0.8660254037844386,1,2.9280609260009247,2.940440754137709,2.9947743384870895,0.259193945456445,0.2849978717487553,0.26626983210242067,0,0,7,2025-12-19T16:23:48.418917,2.8865101
2017-10-07,7,5,-0.2225209339563146,-0.9749279121818236,280,0.10738134666416306,-0.994217906893952,5,0,0,1,True,1,2.8903717578961645,3.295836866004329,2.8903717578961645,3.2188758248682006,3.044522437723423,2.4849066497880004,3.1780538303479458,2.995732273553991,10,0.5000000000000001,-0.8660254037844386,0,2.9280609260009247,2.940440754137709,2.9947743384870895,0.2591939454564438,0.2849978717487609,0.2662698321024041,0,0,7,2025-12-19T16:23:49.704916,2.9649126529693604
2017-10-08,8,6,0.6234898018587334,-0.7818314824680299,281,0.12447926388678869,-0.9922222094179324,4,12,0,1,True,1,2.8903717578961645,3.295836866004329,2.8903717578961645,3.2188758248682006,3.044522437723423,2.4849066497880004,3.1780538303479458,2.995732273553991,10,0.5000000000000001,-0.8660254037844386,3,2.9280609260009247,2.940440754137709,2.9947743384870895,0.259193945456445,0.2849978717487553,0.26626983210242067,0,0,7,2025-12-19T16:23:49.782915,2.9765432
2017-10-09,9,0,1.0,0.0,282,0.141540295217043,-0.989932495087353,3,0,0,1,False,1,2.8903717578961645,3.295836866004329,2.8903717578961645,3.2188758248682006,3.044522437723423,2.4849066497880004,3.1780538303479458,2.995732273553991,10,0.5000000000000001,-0.8660254037844386,0,2.9280609260009247,2.940440754137709,2.9947743384870895,0.2591939454564438,0.2849978717487609,0.2662698321024041,0,0,7,2025-12-19T16:23:49.798917,2.624272108078003
2017-10-10,10,1,0.6234898018587336,0.7818314824680298,283,0.15855938510313475,-0.9873494423939864,2,7,0,1,False,1,2.8903717578961645,3.295836866004329,2.8903717578961645,3.2188758248682006,3.044522437723423,2.4849066497880004,3.1780538303479458,2.995732273553991,10,0.5000000000000001,-0.8660254037844386,8,2.9280609260009247,2.940440754137709,2.9947743384870895,0.259193945456445,0.2849978717487553,0.26626983210242067,0,0,7,2025-12-19T16:23:50.469782,2.7675722
2017-10-11,11,2,-0.22252093395631434,0.9749279121818236,284,0.17553149042142777,-0.9844738167520923,1,0,0,0,False,1,2.8903717578961645,3.295836866004329,2.8903717578961645,3.2188758248682006,3.044522437723423,2.4849066497880004,3.1780538303479458,2.995732273553991,10,0.5000000000000001,-0.8660254037844386,0,2.9280609260009247,2.940440754137709,2.9947743384870895,0.2591939454564438,0.2849978717487609,0.2662698321024041,0,0,7,2025-12-19T16:23:50.519266,2.760202407836914
2017-10-12,12,3,-0.900968867902419,0.43388373911755823,285,0.19245158197082995,-0.9813064702716093,0,35,1,0,False,1,2.8903717578961645,3.295836866004329,2.8903717578961645,3.2188758248682006,3.044522437723423,2.4849066497880004,3.1780538303479458,2.995732273553991,10,0.5000000000000001,-0.8660254037844386,0,2.9280609260009247,2.940440754137709,2.9947743384870895,0.259193945456445,0.2849978717487553,0.26626983210242067,0,0,7,2025-12-19T16:23:51.798603,2.8389258
2017-10-13,13,4,-0.9009688679024191,-0.433883739117558,286,0.20931464596304888,-0.9778483415056567,20,0,0,0,False,1,2.8903717578961645,3.295836866004329,2.8903717578961645,3.2188758248682006,3.044522437723423,2.4849066497880004,3.1780538303479458,2.995732273553991,10,0.5000000000000001,-0.8660254037844386,0,2.9280609260009247,2.940440754137709,2.9947743384870895,0.2591939454564438,0.2849978717487609,0.2662698321024041,0,0,7,2025-12-19T16:23:51.867994,2.900536298751831
2017-10-14,14,5,-0.2225209339563146,-0.9749279121818236,287,0.22611568550828803,-0.9741004551724206,19,24,0,0,True,1,2.8903717578961645,3.295836866004329,2.8903717578961645,3.2188758248682006,3.044522437723423,2.4849066497880004,3.1780538303479458,2.995732273553991,10,0.5000000000000001,-0.8660254037844386,0,2.9280609260009247,2.940440754137709,2.9947743384870895,0.259193945456445,0.2849978717487553,0.26626983210242067,0,0,7,2025-12-19T16:23:51.909522,2.9707243
2017-10-15,15,6,0.6234898018587334,-0.7818314824680299,288,0.2428497220959358,-0.970063921851507,18,0,0,0,True,1,2.8903717578961645,3.295836866004329,2.8903717578961645,3.2188758248682006,3.044522437723423,2.4849066497880004,3.1780538303479458,2.995732273553991,10,0.5000000000000001,-0.8660254037844386,0,2.9280609260009247,2.940440754137709,2.9947743384870895,0.2591939454564438,0.2849978717487609,0.2662698321024041,0,0,7,2025-12-19T16:23:52.559096,2.9848411083221436
2017-10-16,16,0,1.0,0.0,289,0.25951179706979943,-0.965739937654855,17,39,0,0,False,1,2.8903717578961645,3.295836866004329,2.8903717578961645,3.2188758248682006,3.044522437723423,2.4849066497880004,3.1780538303479458,2.995732273553991,10,0.5000000000000001,-0.8660254037844386,0,2.9280609260009247,2.940440754137709,2.9947743384870895,0.259193945456445,0.2849978717487553,0.26626983210242067,0,0,7,2025-12-19T16:23:52.631143,2.6242166
2017-10-17,17,1,0.6234898018587336,0.7818314824680298,290,0.27609697309746883,-0.9611297838723007,16,0,0,0,False,1,2.8903717578961645,3.295836866004329,2.8903717578961645,3.2188758248682006,3.044522437723423,2.4849066497880004,3.1780538303479458,2.995732273553991,10,0.5000000000000001,-0.8660254037844386,0,2.9280609260009247,2.940440754137709,2.9947743384870895,0.2591939454564438,0.2849978717487609,0.2662698321024041,0,0,7,2025-12-19T16:23:53.909164,2.7635579109191895
2017-10-18,18,2,-0.22252093395631434,0.9749279121818236,291,0.2926003356333479,-0.9562348265919058,15,20,0,0,False,1,2.8903717578961645,3.295836866004329,2.8903717578961645,3.2188758248682006,3.044522437723423,2.4849066497880004,3.1780538303479458,2.995732273553991,10,0.5000000000000001,-0.8660254037844386,0,2.9280609260009247,2.940440754137709,2.9947743384870895,0.259193945456445,0.2849978717487553,0.26626983210242067,0,0,7,2025-12-19T16:23:53.973995,2.7709987
2017-10-19,19,3,-0.900968867902419,0.43388373911755823,292,0.30901699437494723,-0.9510565162951536,14,0,0,0,False,1,2.8903717578961645,3.295836866004329,2.8903717578961645,3.2188758248682006,3.044522437723423,2.4849066497880004,3.1780538303479458,2.995732273553991,10,0.5000000000000001,-0.8660254037844386,0,2.9280609260009247,2.940440754137709,2.9947743384870895,0.2591939454564438,0.2849978717487609,0.2662698321024041,0,0,7,2025-12-19T16:23:54.015994,2.856337308883667
2017-10-20,20,4,-0.9009688679024191,-0.433883739117558,293,0.3253420847119795,-0.9455963874271428,13,49,0,0,False,1,2.8903717578961645,3.295836866004329,2.8903717578961645,3.2188758248682006,3.044522437723423,2.4849066497880004,3.1780538303479458,2.995732273553991,10,0.5000000000000001,-0.8660254037844386,0,2.9280609260009247,2.940440754137709,2.9947743384870895,0.259193945456445,0.2849978717487553,0.26626983210242067,0,0,7,2025-12-19T16:23:54.690568,2.9220512
2017-10-21,21,5,-0.2225209339563146,-0.9749279121818236,294,0.341570769167856,-0.9398560579418953,12,0,0,0,True,1,2.8903717578961645,3.295836866004329,2.8903717578961645,3.2188758248682006,3.044522437723423,2.4849066497880004,3.1780538303479458,2.995732273553991,10,0.5000000000000001,-0.8660254037844386,0,2.9280609260009247,2.940440754137709,2.9947743384870895,0.2591939454564438,0.2849978717487609,0.2662698321024041,0,0,7,2025-12-19T16:23:54.733569,2.997649669647217
2017-10-22,22,6,0.6234898018587334,-0.7818314824680299,295,0.35769823883312546,-0.9338372288229252,11,25,0,0,True,1,2.8903717578961645,3.295836866004329,2.8903717578961645,3.2188758248682006,3.044522437723423,2.4849066497880004,3.1780538303479458,2.995732273553991,10,0.5000000000000001,-0.8660254037844386,0,2.9280609260009247,2.940440754137709,2.9947743384870895,0.259193945456445,0.2849978717487553,0.26626983210242067,0,0,7,2025-12-19T16:23:56.015857,3.0264122
2017-10-23,23,0,1.0,0.0,296,0.3737197147904692,-0.9275416835791965,10,0,0,0,False,1,2.8903717578961645,3.295836866004329,2.8903717578961645,3.2188758248682006,3.044522437723423,2.4849066497880004,3.1780538303479458,2.995732273553991,10,0.5000000000000001,-0.8660254037844386,0,2.9280609260009247,2.940440754137709,2.9947743384870895,0.2591939454564438,0.2849978717487609,0.2662698321024041,0,0,7,2025-12-19T16:23:56.078645,2.6590662002563477
2017-10-24,24,1,0.6234898018587336,0.7818314824680298,297,0.38963044953078774,-0.9209712877166347,9,26,0,0,False,1,2.8903717578961645,3.295836866004329,2.8903717578961645,3.2188758248682006,3.044522437723423,2.4849066497880004,3.1780538303479458,2.995732273553991,10,0.5000000000000001,-0.8660254037844386,0,2.9280609260009247,2.940440754137709,2.9947743384870895,0.259193945456445,0.2849978717487553,0.26626983210242067,0,0,7,2025-12-19T16:23:56.154749,2.8081522
2017-10-25,25,2,-0.22252093395631434,0.9749279121818236,298,0.4054257283599973,-0.9141279881853337,8,0,0,0,False,1,2.8903717578961645,3.295836866004329,2.8903717578961645,3.2188758248682006,3.044522437723423,2.4849066497880004,3.1780538303479458,2.995732273553991,10,0.5000000000000001,-0.8660254037844386,0,2.9280609260009247,2.940440754137709,2.9947743384870895,0.2591939454564438,0.2849978717487609,0.2662698321024041,0,0,7,2025-12-19T16:23:56.803312,2.8052845001220703
2017-10-26,26,3,-0.900968867902419,0.43388373911755823,299,0.42110087079608916,-0.9070138128026362,7,27,0,0,False,1,2.8903717578961645,3.295836866004329,2.8903717578961645,3.2188758248682006,3.044522437723423,2.4849066497880004,3.1780538303479458,2.995732273553991,10,0.5000000000000001,-0.8660254037844386,0,2.9280609260009247,2.940440754137709,2.9947743384870895,0.259193945456445,0.2849978717487553,0.26626983210242067,0,0,7,2025-12-19T16:23:56.868285,2.8856964
2017-10-27,27,4,-0.9009688679024191,-0.433883739117558,300,0.4366512319560638,-0.8996308696522434,6,0,0,0,False,1,2.8903717578961645,3.295836866004329,2.8903717578961645,3.2188758248682006,3.044522437723423,2.4849066497880004,3.1780538303479458,2.995732273553991,10,0.5000000000000001,-0.8660254037844386,0,2.9280609260009247,2.940440754137709,2.9947743384870895,0.2591939454564438,0.2849978717487609,0.2662698321024041,0,0,7,2025-12-19T16:23:58.128456,2.9551970958709717
2017-10-28,28,5,-0.2225209339563146,-0.9749279121818236,301,0.45207220393230374,-0.8919813464595487,5,9,0,0,True,1,2.8903717578961645,3.295836866004329,2.8903717578961645,3.2188758248682006,3.044522437723423,2.4849066497880004,3.1780538303479458,2.995732273553991,10,0.5000000000000001,-0.8660254037844386,7,2.9280609260009247,2.940440754137709,2.9947743384870895,0.259193945456445,0.2849978717487553,0.26626983210242067,0,0,7,2025-12-19T16:23:58.212875,3.0193977
2017-10-29,29,6,0.6234898018587334,-0.7818314824680299,302,0.46735921715800205,-0.8840675099433637,4,0,0,0,True,1,2.8903717578961645,3.295836866004329,2.8903717578961645,3.2188758248682006,3.044522437723423,2.4849066497880004,3.1780538303479458,2.995732273553991,10,0.5000000000000001,-0.8660254037844386,0,2.9280609260009247,2.940440754137709,2.9947743384870895,0.2591939454564438,0.2849978717487609,0.2662698321024041,0,0,7,2025-12-19T16:23:58.259026,3.0353591442108154
2017-10-30,30,0,1.0,0.0,303,0.48250774176121763,-0.8758917051442433,3,35,0,0,False,1,2.8903717578961645,3.295836866004329,2.8903717578961645,3.2188758248682006,3.044522437723423,2.4849066497880004,3.1780538303479458,2.995732273553991,10,0.5000000000000001,-0.8660254037844386,0,2.9280609260009247,2.940440754137709,2.9947743384870895,0.259193945456445,0.2849978717487553,0.26626983210242067,0,0,7,2025-12-19T16:23:58.910453,2.685008
2017-10-31,31,1,0.6234898018587336,0.7818314824680298,304,0.4975132889071803,-0.8674563547295971,2,0,0,0,False,1,2.8903717578961645,3.295836866004329,2.8903717578961645,3.2188758248682006,3.044522437723423,2.4849066497880004,3.1780538303479458,2.995732273553991,10,0.5000000000000001,-0.8660254037844386,0,2.9280609260009247,2.940440754137709,2.9947743384870895,0.2591939454564438,0.2849978717487609,0.2662698321024041,0,0,7,2025-12-19T16:23:58.952452,2.8313357830047607
2017-11-01,1,2,-0.22252093395631434,0.9749279121818236,305,0.5123714121284235,-0.858763958275803,1,45,0,1,False,1,2.8903717578961645,3.295836866004329,2.8903717578961645,3.2188758248682006,3.044522437723423,2.4849066497880004,3.1780538303479458,2.995732273553991,11,0.8660254037844384,-0.5000000000000004,0,2.9280609260009247,2.940440754137709,2.9947743384870895,0.259193945456445,0.2849978717487553,0.26626983210242067,0,0,7,2025-12-19T16:24:00.227508,2.9102428
2017-11-02,2,3,-0.900968867902419,0.43388373911755823,306,0.5270777086423724,-0.8498170915275277,0,0,1,1,False,1,2.8903717578961645,3.295836866004329,2.8903717578961645,3.2188758248682006,3.044522437723423,2.4849066497880004,3.1780538303479458,2.995732273553991,11,0.8660254037844384,-0.5000000000000004,0,2.9280609260009247,2.940440754137709,2.9947743384870895,0.2591939454564438,0.2849978717487609,0.2662698321024041,0,0,7,2025-12-19T16:24:00.326160,2.98032546043396
2017-11-03,3,4,-0.9009688679024191,-0.433883739117558,307,0.5416278206559811,-0.8406184056344783,12,28,0,1,False,1,2.8903717578961645,3.295836866004329,2.8903717578961645,3.2188758248682006,3.044522437723423,2.4849066497880004,3.1780538303479458,2.995732273553991,11,0.8660254037844384,-0.5000000000000004,0,2.9280609260009247,2.940440754137709,2.9947743384870895,0.259193945456445,0.2849978717487553,0.26626983210242067,0,0,7,2025-12-19T16:24:00.383527,3.045194
2017-11-04,4,5,-0.2225209339563146,-0.9749279121818236,308,0.5560174366570446,-0.8311706263658079,11,0,0,1,True,1,2.8903717578961645,3.295836866004329,2.8903717578961645,3.2188758248682006,3.044522437723423,2.4849066497880004,3.1780538303479458,2.995732273553991,11,0.8660254037844384,-0.5000000000000004,0,2.9280609260009247,2.940440754137709,2.9947743384870895,0.2591939454564438,0.2849978717487609,0.2662698321024041,0,0,7,2025-12-19T16:24:01.053338,3.103685140609741
2017-11-05,5,6,0.6234898018587334,-0.7818314824680299,309,0.5702422926917867,-0.8214765533024145,10,7,0,1,True,1,2.8903717578961645,3.295836866004329,2.8903717578961645,3.2188758248682006,3.044522437723423,2.4849066497880004,3.1780538303479458,2.995732273553991,11,0.8660254037844384,-0.5000000000000004,9,2.9280609260009247,2.940440754137709,2.9947743384870895,0.259193945456445,0.2849978717487553,0.26626983210242067,0,0,7,2025-12-19T16:24:01.104913,3.1277256
2017-11-06,6,0,1.0,0.0,310,0.5842981736283683,-0.8115390590073611,9,0,0,1,False,1,2.8903717578961645,3.295836866004329,2.8903717578961645,3.2188758248682006,3.044522437723423,2.4849066497880004,3.1780538303479458,2.995732273553991,11,0.8660254037844384,-0.5000000000000004,0,2.9280609260009247,2.940440754137709,2.9947743384870895,0.2591939454564438,0.2849978717487609,0.2662698321024041,0,0,7,2025-12-19T16:24:02.334966,2.773998260498047
2017-11-08,8,2,-0.22252093395631434,0.9749279121818236,312,0.6118864012687242,-0.7909456567567774,7,0,0,1,False,1,2.8903717578961645,3.295836866004329,2.8903717578961645,3.2188758248682006,3.044522437723423,2.4849066497880004,3.1780538303479458,2.995732273553991,11,0.8660254037844384,-0.5000000000000004,0,2.9280609260009247,2.940440754137709,2.9947743384870895,0.2591939454564438,0.2849978717487609,0.2662698321024041,0,0,7,2025-12-19T16:24:02.490280,2.910252571105957
2017-11-07,7,1,0.6234898018587336,0.7818314824680298,311,0.5981809144059158,-0.801361088174677,8,38,0,1,False,1,2.8903717578961645,3.295836866004329,2.8903717578961645,3.2188758248682006,3.044522437723423,2.4849066497880004,3.1780538303479458,2.995732273553991,11,0.8660254037844384,-0.5000000000000004,0,2.9280609260009247,2.940440754137709,2.9947743384870895,0.259193945456445,0.2849978717487553,0.26626983210242067,0,0,7,2025-12-19T16:24:02.506280,2.912826
2017-11-09,9,3,-0.900968867902419,0.43388373911755823,313,0.6254105729852457,-0.780295851070776,6,6,0,1,False,1,2.8903717578961645,3.295836866004329,2.8903717578961645,3.2188758248682006,3.044522437723423,2.4849066497880004,3.1780538303479458,2.995732273553991,11,0.8660254037844384,-0.5000000000000004,9,2.9280609260009247,2.940440754137709,2.9947743384870895,0.259193945456445,0.2849978717487553,0.26626983210242067,0,0,7,2025-12-19T16:24:03.192376,2.9772413
2017-11-10,10,4,-0.9009688679024191,-0.433883739117558,314,0.6387494220515268,-0.7694148268839381,5,0,0,1,False,1,2.8903717578961645,3.295836866004329,2.8903717578961645,3.2188758248682006,3.044522437723423,2.4849066497880004,3.1780538303479458,2.995732273553991,11,0.8660254037844384,-0.5000000000000004,0,2.9280609260009247,2.940440754137709,2.9947743384870895,0.2591939454564438,0.2849978717487609,0.2662698321024041,0,0,7,2025-12-19T16:24:03.227377,3.0379254817962646
2017-11-11,11,5,-0.2225209339563146,-0.9749279121818236,315,0.6518989958787125,-0.7583058084785625,4,12,0,0,True,1,2.8903717578961645,3.295836866004329,2.8903717578961645,3.2188758248682006,3.044522437723423,2.4849066497880004,3.1780538303479458,2.995732273553991,11,0.8660254037844384,-0.5000000000000004,4,2.9280609260009247,2.940440754137709,2.9947743384870895,0.259193945456445,0.2849978717487553,0.26626983210242067,0,0,7,2025-12-19T16:24:04.511280,3.1027038
2017-11-12,12,6,0.6234898018587334,-0.7818314824680299,316,0.6648553979642866,-0.7469720876965551,3,0,0,0,True,1,2.8903717578961645,3.295836866004329,2.8903717578961645,3.2188758248682006,3.044522437723423,2.4849066497880004,3.1780538303479458,2.995732273553991,11,0.8660254037844384,-0.5000000000000004,0,2.9280609260009247,2.940440754137709,2.9947743384870895,0.2591939454564438,0.2849978717487609,0.2662698321024041,0,0,7,2025-12-19T16:24:04.610890,3.118157148361206
2017-11-13,13,0,1.0,0.0,317,0.6776147890466887,-0.7354170229639858,2,11,0,0,False,1,2.8903717578961645,3.295836866004329,2.8903717578961645,3.2188758248682006,3.044522437723423,2.4849066497880004,3.1780538303479458,2.995732273553991,11,0.8660254037844384,-0.5000000000000004,4,2.9280609260009247,2.940440754137709,2.9947743384870895,0.259193945456445,0.2849978717487553,0.26626983210242067,0,0,7,2025-12-19T16:24:04.659534,2.773343
2017-11-14,14,1,0.6234898018587336,0.7818314824680298,318,0.690173388242972,-0.7236440382959124,1,0,0,0,False,1,2.8903717578961645,3.295836866004329,2.8903717578961645,3.2188758248682006,3.044522437723423,2.4849066497880004,3.1780538303479458,2.995732273553991,11,0.8660254037844384,-0.5000000000000004,0,2.9280609260009247,2.940440754137709,2.9947743384870895,0.2591939454564438,0.2849978717487609,0.2662698321024041,0,0,7,2025-12-19T16:24:05.332657,2.9164044857025146
2017-11-15,15,2,-0.22252093395631434,0.9749279121818236,319,0.7025274741691566,-0.711656622281775,0,31,1,0,False,1,2.8903717578961645,3.295836866004329,2.8903717578961645,3.2188758248682006,3.044522437723423,2.4849066497880004,3.1780538303479458,2.995732273553991,11,0.8660254037844384,-0.5000000000000004,0,2.9280609260009247,2.940440754137709,2.9947743384870895,0.259193945456445,0.2849978717487553,0.26626983210242067,0,0,7,2025-12-19T16:24:05.378890,2.9196248
2017-11-16,16,3,-0.900968867902419,0.43388373911755823,320,0.7146733860429608,-0.6994583270516471,39,0,0,0,False,1,2.8903717578961645,3.295836866004329,2.8903717578961645,3.2188758248682006,3.044522437723423,2.4849066497880004,3.1780538303479458,2.995732273553991,11,0.8660254037844384,-0.5000000000000004,0,2.9280609260009247,2.940440754137709,2.9947743384870895,0.2591939454564438,0.2849978717487609,0.2662698321024041,0,0,7,2025-12-19T16:24:06.634956,2.9765946865081787
2017-11-17,17,4,-0.9009688679024191,-0.433883739117558,321,0.7266075247685652,-0.6870527672236675,38,23,0,0,False,1,2.8903717578961645,3.295836866004329,2.8903717578961645,3.2188758248682006,3.044522437723423,2.4849066497880004,3.1780538303479458,2.995732273553991,11,0.8660254037844384,-0.5000000000000004,0,2.9280609260009247,2.940440754137709,2.9947743384870895,0.259193945456445,0.2849978717487553,0.26626983210242067,0,0,7,2025-12-19T16:24:06.725644,3.0273376
2017-11-18,18,5,-0.2225209339563146,-0.9749279121818236,322,0.7383263540031063,-0.6744436188329457,37,0,0,0,True,1,2.8903717578961645,3.295836866004329,2.8903717578961645,3.2188758248682006,3.044522437723423,2.4849066497880004,3.1780538303479458,2.995732273553991,11,0.8660254037844384,-0.5000000000000004,0,2.9280609260009247,2.940440754137709,2.9947743384870895,0.2591939454564438,0.2849978717487609,0.2662698321024041,0,0,7,2025-12-19T16:24:06.763366,3.0896809101104736
2017-11-19,19,6,0.6234898018587334,-0.7818314824680299,323,0.749826401204568,-0.661634618242279,36,48,0,0,True,1,2.8903717578961645,3.295836866004329,2.8903717578961645,3.2188758248682006,3.044522437723423,2.4849066497880004,3.1780538303479458,2.995732273553991,11,0.8660254037844384,-0.5000000000000004,0,2.9280609260009247,2.940440754137709,2.9947743384870895,0.259193945456445,0.2849978717487553,0.26626983210242067,0,0,7,2025-12-19T16:24:07.528718,3.1162953
2017-11-20,20,0,1.0,0.0,324,0.7611042586607742,-0.6486295610349818,35,0,0,0,False,1,2.8903717578961645,3.295836866004329,2.8903717578961645,3.2188758248682006,3.044522437723423,2.4849066497880004,3.1780538303479458,2.995732273553991,11,0.8660254037844384,-0.5000000000000004,0,2.9280609260009247,2.940440754137709,2.9947743384870895,0.2591939454564438,0.2849978717487609,0.2662698321024041,0,0,7,2025-12-19T16:24:07.523720,2.7601795196533203
2017-11-21,21,1,0.6234898018587336,0.7818314824680298,325,0.7721565844991641,-0.6354323008901775,34,27,0,0,False,1,2.8903717578961645,3.295836866004329,2.8903717578961645,3.2188758248682006,3.044522437723423,2.4849066497880004,3.1780538303479458,2.995732273553991,11,0.8660254037844384,-0.5000000000000004,0,2.9280609260009247,2.940440754137709,2.9947743384870895,0.259193945456445,0.2849978717487553,0.26626983210242067,0,0,7,2025-12-19T16:24:08.787581,2.9042225
2017-11-22,22,2,-0.22252093395631434,0.9749279121818236,326,0.7829801036770624,-0.622046748440868,33,0,0,0,False,1,2.8903717578961645,3.295836866004329,2.8903717578961645,3.2188758248682006,3.044522437723423,2.4849066497880004,3.1780538303479458,2.995732273553991,11,0.8660254037844384,-0.5000000000000004,0,2.9280609260009247,2.940440754137709,2.9947743384870895,0.2591939454564438,0.2849978717487609,0.2662698321024041,0,0,7,2025-12-19T16:24:08.841581,2.8946216106414795
2017-11-23,23,3,-0.900968867902419,0.43388373911755823,327,0.7935716089521472,-0.6084768701151264,32,32,0,0,False,1,2.8903717578961645,3.295836866004329,2.8903717578961645,3.2188758248682006,3.044522437723423,2.4849066497880004,3.1780538303479458,2.995732273553991,11,0.8660254037844384,-0.5000000000000004,0,2.9280609260009247,2.940440754137709,2.9947743384870895,0.259193945456445,0.2849978717487553,0.26626983210242067,0,0,7,2025-12-19T16:24:08.886103,2.9648683
2017-11-24,24,4,-0.9009688679024191,-0.433883739117558,328,0.8039279618328208,-0.594726686960764,31,0,0,0,False,1,2.8903717578961645,3.295836866004329,2.8903717578961645,3.2188758248682006,3.044522437723423,2.4849066497880004,3.1780538303479458,2.995732273553991,11,0.8660254037844384,-0.5000000000000004,0,2.9280609260009247,2.940440754137709,2.9947743384870895,0.2591939454564438,0.2849978717487609,0.2662698321024041,0,0,7,2025-12-19T16:24:09.642119,3.021723747253418
2017-11-25,25,5,-0.2225209339563146,-0.9749279121818236,329,0.8140460935082175,-0.5808002734538013,30,33,0,0,True,1,2.8903717578961645,3.295836866004329,2.8903717578961645,3.2188758248682006,3.044522437723423,2.4849066497880004,3.1780538303479458,2.995732273553991,11,0.8660254037844384,-0.5000000000000004,0,2.9280609260009247,2.940440754137709,2.9947743384870895,0.259193945456445,0.2849978717487553,0.26626983210242067,0,0,7,2025-12-19T16:24:09.694114,3.075672
2017-11-26,26,6,0.6234898018587334,-0.7818314824680299,330,0.8239230057575536,-0.5667017562911184,29,0,0,0,True,1,2.8903717578961645,3.295836866004329,2.8903717578961645,3.2188758248682006,3.044522437723423,2.4849066497880004,3.1780538303479458,2.995732273553991,11,0.8660254037844384,-0.5000000000000004,0,2.9280609260009247,2.940440754137709,2.9947743384870895,0.2591939454564438,0.2849978717487609,0.2662698321024041,0,0,7,2025-12-19T16:24:10.884670,3.0941834449768066
2017-11-27,27,0,1.0,0.0,331,0.8335557718385695,-0.5524353131676203,28,12,0,0,False,1,2.8903717578961645,3.295836866004329,2.8903717578961645,3.2188758248682006,3.044522437723423,2.4849066497880004,3.1780538303479458,2.995732273553991,11,0.8660254037844384,-0.5000000000000004,3,2.9280609260009247,2.940440754137709,2.9947743384870895,0.259193945456445,0.2849978717487553,0.26626983210242067,0,0,7,2025-12-19T16:24:10.989803,2.7436166
2017-11-28,28,1,0.6234898018587336,0.7818314824680298,332,0.8429415373547832,-0.5380051715382992,27,0,0,0,False,1,2.8903717578961645,3.295836866004329,2.8903717578961645,3.2188758248682006,3.044522437723423,2.4849066497880004,3.1780538303479458,2.995732273553991,11,0.8660254037844384,-0.5000000000000004,0,2.9280609260009247,2.940440754137709,2.9947743384870895,0.2591939454564438,0.2849978717487609,0.2662698321024041,0,0,7,2025-12-19T16:24:11.010804,2.8917548656463623
2017-11-30,30,3,-0.900968867902419,0.43388373911755823,334,0.8609610158889945,-0.5086709438521042,25,0,0,0,False,1,2.8903717578961645,3.295836866004329,2.8903717578961645,3.2188758248682006,3.044522437723423,2.4849066497880004,3.1780538303479458,2.995732273553991,11,0.8660254037844384,-0.5000000000000004,0,2.9280609260009247,2.940440754137709,2.9947743384870895,0.2591939454564438,0.2849978717487609,0.2662698321024041,0,0,7,2025-12-19T16:24:11.815200,2.9452099800109863
2017-11-29,29,2,-0.22252093395631434,0.9749279121818236,333,0.8520775211013093,-0.5234156073655503,26,33,0,0,False,1,2.8903717578961645,3.295836866004329,2.8903717578961645,3.2188758248682006,3.044522437723423,2.4849066497880004,3.1780538303479458,2.995732273553991,11,0.8660254037844384,-0.5000000000000004,0,2.9280609260009247,2.940440754137709,2.9947743384870895,0.259193945456445,0.2849978717487553,0.26626983210242067,0,0,7,2025-12-19T16:24:11.854307,2.8848782
2017-12-01,1,4,-0.9009688679024191,-0.433883739117558,335,0.8695893893466109,-0.49377555015997737,24,4,0,1,False,1,2.8903717578961645,3.295836866004329,2.8903717578961645,3.2188758248682006,3.044522437723423,2.4849066497880004,3.1780538303479458,2.995732273553991,12,1.0,-2.4492935982947064e-16,11,2.9280609260009247,2.940440754137709,2.9947743384870895,0.259193945456445,0.2849978717487553,0.26626983210242067,0,0,7,2025-12-19T16:24:13.053957,2.709973
2017-12-02,2,5,-0.2225209339563146,-0.9749279121818236,336,0.8779600847008883,-0.4787338401157883,23,0,0,1,True,1,2.8903717578961645,3.295836866004329,2.8903717578961645,3.2188758248682006,3.044522437723423,2.4849066497880004,3.1780538303479458,2.995732273553991,12,1.0,-2.4492935982947064e-16,0,2.9280609260009247,2.940440754137709,2.9947743384870895,0.2591939454564438,0.2849978717487609,0.2662698321024041,0,0,7,2025-12-19T16:24:13.103120,2.794583559036255
2017-12-03,3,6,0.6234898018587334,-0.7818314824680299,337,0.8860706215341378,-0.4635502709028512,22,47,0,1,True,1,2.8903717578961645,3.295836866004329,2.8903717578961645,3.2188758248682006,3.044522437723423,2.4849066497880004,3.1780538303479458,2.995732273553991,12,1.0,-2.4492935982947064e-16,0,2.9280609260009247,2.940440754137709,2.9947743384870895,0.259193945456445,0.2849978717487553,0.26626983210242067,0,0,7,2025-12-19T16:24:13.159513,2.7878926
2017-12-04,4,0,1.0,0.0,338,0.893918596519257,-0.4482293417404106,21,0,0,1,False,1,2.8903717578961645,3.295836866004329,2.8903717578961645,3.2188758248682006,3.044522437723423,2.4849066497880004,3.1780538303479458,2.995732273553991,12,1.0,-2.4492935982947064e-16,0,2.9280609260009247,2.940440754137709,2.9947743384870895,0.2591939454564438,0.2849978717487609,0.2662698321024041,0,0,7,2025-12-19T16:24:13.950307,2.4678194522857666
2017-12-05,5,1,0.6234898018587336,0.7818314824680298,339,0.9015016841318838,-0.4327755925504317,20,18,0,1,False,1,2.8903717578961645,3.295836866004329,2.8903717578961645,3.2188758248682006,3.044522437723423,2.4849066497880004,3.1780538303479458,2.995732273553991,12,1.0,-2.4492935982947064e-16,0,2.9280609260009247,2.940440754137709,2.9947743384870895,0.259193945456445,0.2849978717487553,0.26626983210242067,0,0,7,2025-12-19T16:24:13.994635,2.6288488
2017-12-06,6,2,-0.22252093395631434,0.9749279121818236,340,0.9088176373395028,-0.41719360261231697,19,0,0,1,False,1,2.8903717578961645,3.295836866004329,2.8903717578961645,3.2188758248682006,3.044522437723423,2.4849066497880004,3.1780538303479458,2.995732273553991,12,1.0,-2.4492935982947064e-16,0,2.9280609260009247,2.940440754137709,2.9947743384870895,0.2591939454564438,0.2849978717487609,0.2662698321024041,0,0,7,2025-12-19T16:24:15.172952,2.6260669231414795
2017-12-07,7,3,-0.900968867902419,0.43388373911755823,341,0.9158642882672868,-0.4014879892059737,18,29,0,1,False,1,2.8903717578961645,3.295836866004329,2.8903717578961645,3.2188758248682006,3.044522437723423,2.4849066497880004,3.1780538303479458,2.995732273553991,12,1.0,-2.4492935982947064e-16,0,2.9280609260009247,2.940440754137709,2.9947743384870895,0.259193945456445,0.2849978717487553,0.26626983210242067,0,0,7,2025-12-19T16:24:15.276517,2.6733365
2017-12-08,8,4,-0.9009688679024191,-0.433883739117558,342,0.9226395488404875,-0.38566340624360745,17,0,0,1,False,1,2.8903717578961645,3.295836866004329,2.8903717578961645,3.2188758248682006,3.044522437723423,2.4849066497880004,3.1780538303479458,2.995732273553991,12,1.0,-2.4492935982947064e-16,0,2.9280609260009247,2.940440754137709,2.9947743384870895,0.2591939454564438,0.2849978717487609,0.2662698321024041,0,0,7,2025-12-19T16:24:15.286523,2.732318639755249
2017-12-09,9,5,-0.2225209339563146,-0.9749279121818236,343,0.9291414114031743,-0.3697245428906732,16,45,0,1,True,1,2.8903717578961645,3.295836866004329,2.8903717578961645,3.2188758248682006,3.044522437723423,2.4849066497880004,3.1780538303479458,2.995732273553991,12,1.0,-2.4492935982947064e-16,0,2.9280609260009247,2.940440754137709,2.9947743384870895,0.259193945456445,0.2849978717487553,0.26626983210242067,0,0,7,2025-12-19T16:24:16.111793,2.794519
2017-12-10,10,6,0.6234898018587334,-0.7818314824680299,344,0.935367949313148,-0.3536761221763721,15,0,0,1,True,1,2.8903717578961645,3.295836866004329,2.8903717578961645,3.2188758248682006,3.044522437723423,2.4849066497880004,3.1780538303479458,2.995732273553991,12,1.0,-2.4492935982947064e-16,0,2.9280609260009247,2.940440754137709,2.9947743384870895,0.2591939454564438,0.2849978717487609,0.2662698321024041,0,0,7,2025-12-19T16:24:16.140798,2.8074047565460205
2017-12-11,11,0,1.0,0.0,345,0.941317317512847,-0.33752289959411347,14,32,0,0,False,1,2.8903717578961645,3.295836866004329,2.8903717578961645,3.2188758248682006,3.044522437723423,2.4849066497880004,3.1780538303479458,2.995732273553991,12,1.0,-2.4492935982947064e-16,0,2.9280609260009247,2.940440754137709,2.9947743384870895,0.259193945456445,0.2849978717487553,0.26626983210242067,0,0,7,2025-12-19T16:24:17.273432,2.4675934
2017-12-12,12,1,0.6234898018587336,0.7818314824680298,346,0.9469877530760751,-0.32126966169236515,13,0,0,0,False,1,2.8903717578961645,3.295836866004329,2.8903717578961645,3.2188758248682006,3.044522437723423,2.4849066497880004,3.1780538303479458,2.995732273553991,12,1.0,-2.4492935982947064e-16,0,2.9280609260009247,2.940440754137709,2.9947743384870895,0.2591939454564438,0.2849978717487609,0.2662698321024041,0,0,7,2025-12-19T16:24:17.437380,2.6099350452423096
2017-12-13,13,2,-0.22252093395631434,0.9749279121818236,347,0.9523775757303973,-0.3049212246562894,12,1,0,0,False,1,2.8903717578961645,3.295836866004329,2.8903717578961645,3.2188758248682006,3.044522437723423,2.4849066497880004,3.1780538303479458,2.995732273553991,12,1.0,-2.4492935982947064e-16,14,2.9280609260009247,2.940440754137709,2.9947743384870895,0.259193945456445,0.2849978717487553,0.26626983210242067,0,0,7,2025-12-19T16:24:17.480555,2.6126506
2017-12-14,14,3,-0.900968867902419,0.43388373911755823,348,0.9574851883550389,-0.2884824328806098,11,0,0,0,False,1,2.8903717578961645,3.295836866004329,2.8903717578961645,3.2188758248682006,3.044522437723423,2.4849066497880004,3.1780538303479458,2.995732273553991,12,1.0,-2.4492935982947064e-16,0,2.9280609260009247,2.940440754137709,2.9947743384870895,0.2591939454564438,0.2849978717487609,0.2662698321024041,0,0,7,2025-12-19T16:24:18.219934,2.6864523887634277
2017-12-15,15,4,-0.9009688679024191,-0.433883739117558,349,0.9623090774541487,-0.27195815753410524,10,24,0,0,False,1,2.8903717578961645,3.295836866004329,2.8903717578961645,3.2188758248682006,3.044522437723423,2.4849066497880004,3.1780538303479458,2.995732273553991,12,1.0,-2.4492935982947064e-16,0,2.9280609260009247,2.940440754137709,2.9947743384870895,0.259193945456445,0.2849978717487553,0.26626983210242067,0,0,7,2025-12-19T16:24:18.264888,2.7584097
2017-12-16,16,5,-0.2225209339563146,-0.9749279121818236,350,0.9668478136052773,-0.2553532951161881,9,0,0,0,True,1,2.8903717578961645,3.295836866004329,2.8903717578961645,3.2188758248682006,3.044522437723423,2.4849066497880004,3.1780538303479458,2.995732273553991,12,1.0,-2.4492935982947064e-16,0,2.9280609260009247,2.940440754137709,2.9947743384870895,0.2591939454564438,0.2849978717487609,0.2662698321024041,0,0,7,2025-12-19T16:24:19.378952,2.8276243209838867
2017-12-18,18,0,1.0,0.0,352,0.9750645322571945,-0.22192151300416674,7,0,0,0,False,1,2.8903717578961645,3.295836866004329,2.8903717578961645,3.2188758248682006,3.044522437723423,2.4849066497880004,3.1780538303479458,2.995732273553991,12,1.0,-2.4492935982947064e-16,0,2.9280609260009247,2.940440754137709,2.9947743384870895,0.2591939454564438,0.2849978717487609,0.2662698321024041,0,0,7,2025-12-19T16:24:19.588816,2.512514114379883
2017-12-17,17,6,0.6234898018587334,-0.7818314824680299,351,0.9711000518829505,-0.23867276600594997,8,39,0,0,True,1,2.8903717578961645,3.295836866004329,2.8903717578961645,3.2188758248682006,3.044522437723423,2.4849066497880004,3.1780538303479458,2.995732273553991,12,1.0,-2.4492935982947064e-16,0,2.9280609260009247,2.940440754137709,2.9947743384870895,0.259193945456445,0.2849978717487553,0.26626983210242067,0,0,7,2025-12-19T16:24:19.626120,2.8407097
2017-12-20,20,2,-0.22252093395631434,0.9749279121818236,354,0.9821256058680006,-0.1882267098432439,5,0,0,0,False,1,2.8903717578961645,3.295836866004329,2.8903717578961645,3.2188758248682006,3.044522437723423,2.4849066497880004,3.1780538303479458,2.995732273553991,12,1.0,-2.4492935982947064e-16,0,2.9280609260009247,2.940440754137709,2.9947743384870895,0.2591939454564438,0.2849978717487609,0.2662698321024041,0,0,7,2025-12-19T16:24:20.382945,2.65762996673584
2017-12-19,19,1,0.6234898018587336,0.7818314824680298,353,0.9787400799669153,-0.20510449986861926,6,21,0,0,False,1,2.8903717578961645,3.295836866004329,2.8903717578961645,3.2188758248682006,3.044522437723423,2.4849066497880004,3.1780538303479458,2.995732273553991,12,1.0,-2.4492935982947064e-16,0,2.9280609260009247,2.940440754137709,2.9947743384870895,0.259193945456445,0.2849978717487553,0.26626983210242067,0,0,7,2025-12-19T16:24:20.399910,2.6524277
2017-12-21,21,3,-0.900968867902419,0.43388373911755823,355,0.9852201067560606,-0.1712931441814778,4,8,0,0,False,1,2.8903717578961645,3.295836866004329,2.8903717578961645,3.2188758248682006,3.044522437723423,2.4849066497880004,3.1780538303479458,2.995732273553991,12,1.0,-2.4492935982947064e-16,7,2.9280609260009247,2.940440754137709,2.9947743384870895,0.259193945456445,0.2849978717487553,0.26626983210242067,0,0,7,2025-12-19T16:24:21.480237,2.7252743
2017-12-22,22,4,-0.9009688679024191,-0.433883739117558,356,0.9880226656636976,-0.154308820664281,3,0,0,0,False,1,2.8903717578961645,3.295836866004329,2.8903717578961645,3.2188758248682006,3.044522437723423,2.4849066497880004,3.1780538303479458,2.995732273553991,12,1.0,-2.4492935982947064e-16,0,2.9280609260009247,2.940440754137709,2.9947743384870895,0.2591939454564438,0.2849978717487609,0.2662698321024041,0,0,7,2025-12-19T16:24:21.717253,2.793980836868286
2017-12-23,23,5,-0.2225209339563146,-0.9749279121818236,357,0.9905324521322227,-0.13727877211326517,2,43,0,0,True,1,2.8903717578961645,3.295836866004329,2.8903717578961645,3.2188758248682006,3.044522437723423,2.4849066497880004,3.1780538303479458,2.995732273553991,12,1.0,-2.4492935982947064e-16,0,2.9280609260009247,2.940440754137709,2.9947743384870895,0.259193945456445,0.2849978717487553,0.26626983210242067,0,0,7,2025-12-19T16:24:21.770280,2.842987
2017-12-24,24,6,0.6234898018587334,-0.7818314824680299,358,0.9927487224577402,-0.12020804489935275,1,0,0,0,True,1,2.8903717578961645,3.295836866004329,2.8903717578961645,3.2188758248682006,3.044522437723423,2.4849066497880004,3.1780538303479458,2.995732273553991,12,1.0,-2.4492935982947064e-16,0,2.9280609260009247,2.940440754137709,2.9947743384870895,0.2591939454564438,0.2849978717487609,0.2662698321024041,0,0,7,2025-12-19T16:24:22.501300,2.8550729751586914
2017-12-25,25,0,1.0,0.0,359,0.9946708199115211,-0.10310169744743544,0,34,1,0,False,1,2.8903717578961645,3.295836866004329,2.8903717578961645,3.2188758248682006,3.044522437723423,2.4849066497880004,3.1780538303479458,2.995732273553991,12,1.0,-2.4492935982947064e-16,0,2.9280609260009247,2.940440754137709,2.9947743384870895,0.259193945456445,0.2849978717487553,0.26626983210242067,0,0,7,2025-12-19T16:24:22.553488,2.5449882
2017-12-26,26,1,0.6234898018587336,0.7818314824680298,360,0.9962981749346077,-0.0859647987374467,6,0,0,0,False,1,2.8903717578961645,3.295836866004329,2.8903717578961645,3.2188758248682006,3.044522437723423,2.4849066497880004,3.1780538303479458,2.995732273553991,12,1.0,-2.4492935982947064e-16,0,2.9280609260009247,2.940440754137709,2.9947743384870895,0.2591939454564438,0.2849978717487609,0.2662698321024041,0,0,7,2025-12-19T16:24:23.631608,2.6760828495025635
2017-12-28,28,3,-0.900968867902419,0.43388373911755823,362,0.9986668162884759,-0.05161966722325418,4,0,0,0,False,1,2.8903717578961645,3.295836866004329,2.8903717578961645,3.2188758248682006,3.044522437723423,2.4849066497880004,3.1780538303479458,2.995732273553991,12,1.0,-2.4492935982947064e-16,0,2.9280609260009247,2.940440754137709,2.9947743384870895,0.2591939454564438,0.2849978717487609,0.2662698321024041,0,0,7,2025-12-19T16:24:23.887274,2.756804943084717
2017-12-27,27,2,-0.22252093395631434,0.9749279121818236,361,0.9976303053065857,-0.06880242680232064,5,18,0,0,False,1,2.8903717578961645,3.295836866004329,2.8903717578961645,3.2188758248682006,3.044522437723423,2.4849066497880004,3.1780538303479458,2.995732273553991,12,1.0,-2.4492935982947064e-16,0,2.9280609260009247,2.940440754137709,2.9947743384870895,0.259193945456445,0.2849978717487553,0.26626983210242067,0,0,7,2025-12-19T16:24:23.923275,2.6863806
2017-12-30,30,5,-0.2225209339563146,-0.9749279121818236,364,0.9998518392091162,-0.01721335615583528,2,0,0,0,True,1,2.8903717578961645,3.295836866004329,2.8903717578961645,3.2188758248682006,3.044522437723423,2.4849066497880004,3.1780538303479458,2.995732273553991,12,1.0,-2.4492935982947064e-16,0,2.9280609260009247,2.940440754137709,2.9947743384870895,0.2591939454564438,0.2849978717487609,0.2662698321024041,0,0,7,2025-12-19T16:24:24.679637,2.8806235790252686
2017-12-29,29,4,-0.9009688679024191,-0.433883739117558,363,0.9994074007397048,-0.034421611622745804,3,16,0,0,False,1,2.8903717578961645,3.295836866004329,2.8903717578961645,3.2188758248682006,3.044522437723423,2.4849066497880004,3.1780538303479458,2.995732273553991,12,1.0,-2.4492935982947064e-16,0,2.9280609260009247,2.940440754137709,2.9947743384870895,0.259193945456445,0.2849978717487553,0.26626983210242067,0,0,7,2025-12-19T16:24:24.700569,2.823987
2017-12-31,31,6,0.6234898018587334,-0.7818314824680299,365,1.0,6.432490598706546e-16,1,44,0,0,True,1,2.8903717578961645,3.295836866004329,2.8903717578961645,3.2188758248682006,3.044522437723423,2.4849066497880004,3.1780538303479458,2.995732273553991,12,1.0,-2.4492935982947064e-16,0,2.9280609260009247,2.940440754137709,2.9947743384870895,0.259193945456445,0.2849978717487553,0.26626983210242067,0,0,7,2025-12-19T16:24:25.808142,2.8913395
2017-10-01,1,6,0.6234898018587334,-0.7818314824680299,274,0.004303538296243821,-0.9999907397361901,11,0,0,1,True,1,3.258096538021482,3.713572066704308,3.4339872044851463,3.713572066704308,3.6888794541139363,3.5263605246161616,3.828641396489095,3.9512437185814275,10,0.5000000000000001,-0.8660254037844386,0,3.4895537571244146,3.452470885665614,3.566688634774266,0.1874370860700558,0.2255968893696999,0.22126269267249726,0,0,8,2025-12-19T16:24:26.040790,3.5661420822143555
2017-10-02,2,0,1.0,0.0,275,0.021516097436222233,-0.9997685019798909,10,34,0,1,False,1,3.258096538021482,3.713572066704308,3.4339872044851463,3.713572066704308,3.6888794541139363,3.5263605246161616,3.828641396489095,3.9512437185814275,10,0.5000000000000001,-0.8660254037844386,0,3.489553757124415,3.4524708856656146,3.566688634774266,0.18743708607006324,0.22559688936970704,0.2212626926724971,0,0,8,2025-12-19T16:24:26.085752,3.2033935
2017-10-03,3,1,0.6234898018587336,0.7818314824680298,276,0.03872228089217399,-0.9992500112396835,9,0,0,1,False,1,3.258096538021482,3.713572066704308,3.4339872044851463,3.713572066704308,3.6888794541139363,3.5263605246161616,3.828641396489095,3.9512437185814275,10,0.5000000000000001,-0.8660254037844386,0,3.4895537571244146,3.452470885665614,3.566688634774266,0.1874370860700558,0.2255968893696999,0.22126269267249726,0,0,8,2025-12-19T16:24:26.791123,3.3442094326019287
2017-10-04,4,2,-0.22252093395631434,0.9749279121818236,277,0.05591699010060302,-0.9984354211555643,8,24,0,1,False,1,3.258096538021482,3.713572066704308,3.4339872044851463,3.713572066704308,3.6888794541139363,3.5263605246161616,3.828641396489095,3.9512437185814275,10,0.5000000000000001,-0.8660254037844386,0,3.489553757124415,3.4524708856656146,3.566688634774266,0.18743708607006324,0.22559688936970704,0.2212626926724971,0,0,8,2025-12-19T16:24:26.869548,3.3418303
2017-10-05,5,3,-0.900968867902419,0.43388373911755823,278,0.07309512989807776,-0.9973249731081555,7,0,0,1,False,1,3.258096538021482,3.713572066704308,3.4339872044851463,3.713572066704308,3.6888794541139363,3.5263605246161616,3.828641396489095,3.9512437185814275,10,0.5000000000000001,-0.8660254037844386,0,3.4895537571244146,3.452470885665614,3.566688634774266,0.1874370860700558,0.2255968893696999,0.22126269267249726,0,0,8,2025-12-19T16:24:27.886600,3.411895990371704
2017-10-07,7,5,-0.2225209339563146,-0.9749279121818236,280,0.10738134666416306,-0.994217906893952,5,0,0,1,True,1,3.258096538021482,3.713572066704308,3.4339872044851463,3.713572066704308,3.6888794541139363,3.5263605246161616,3.828641396489095,3.9512437185814275,10,0.5000000000000001,-0.8660254037844386,0,3.4895537571244146,3.452470885665614,3.566688634774266,0.1874370860700558,0.2255968893696999,0.22126269267249726,0,0,8,2025-12-19T16:24:28.175602,3.531362295150757
2017-10-06,6,4,-0.9009688679024191,-0.433883739117558,279,0.0902516100310407,-0.9959189961471792,6,29,0,1,False,1,3.258096538021482,3.713572066704308,3.4339872044851463,3.713572066704308,3.6888794541139363,3.5263605246161616,3.828641396489095,3.9512437185814275,10,0.5000000000000001,-0.8660254037844386,0,3.489553757124415,3.4524708856656146,3.566688634774266,0.18743708607006324,0.22559688936970704,0.2212626926724971,0,0,8,2025-12-19T16:24:28.219947,3.4706416
2017-10-08,8,6,0.6234898018587334,-0.7818314824680299,281,0.12447926388678869,-0.9922222094179324,4,37,0,1,True,1,3.258096538021482,3.713572066704308,3.4339872044851463,3.713572066704308,3.6888794541139363,3.5263605246161616,3.828641396489095,3.9512437185814275,10,0.5000000000000001,-0.8660254037844386,0,3.489553757124415,3.4524708856656146,3.566688634774266,0.18743708607006324,0.22559688936970704,0.2212626926724971,0,0,8,2025-12-19T16:24:28.917648,3.5885246
2017-10-09,9,0,1.0,0.0,282,0.141540295217043,-0.989932495087353,3,0,0,1,False,1,3.258096538021482,3.713572066704308,3.4339872044851463,3.713572066704308,3.6888794541139363,3.5263605246161616,3.828641396489095,3.9512437185814275,10,0.5000000000000001,-0.8660254037844386,0,3.4895537571244146,3.452470885665614,3.566688634774266,0.1874370860700558,0.2255968893696999,0.22126269267249726,0,0,8,2025-12-19T16:24:28.962649,3.2217535972595215
2017-10-10,10,1,0.6234898018587336,0.7818314824680298,283,0.15855938510313475,-0.9873494423939864,2,37,0,1,False,1,3.258096538021482,3.713572066704308,3.4339872044851463,3.713572066704308,3.6888794541139363,3.5263605246161616,3.828641396489095,3.9512437185814275,10,0.5000000000000001,-0.8660254037844386,0,3.489553757124415,3.4524708856656146,3.566688634774266,0.18743708607006324,0.22559688936970704,0.2212626926724971,0,0,8,2025-12-19T16:24:30.012165,3.3516264
2017-10-11,11,2,-0.22252093395631434,0.9749279121818236,284,0.17553149042142777,-0.9844738167520923,1,0,0,0,False,1,3.258096538021482,3.713572066704308,3.4339872044851463,3.713572066704308,3.6888794541139363,3.5263605246161616,3.828641396489095,3.9512437185814275,10,0.5000000000000001,-0.8660254037844386,0,3.4895537571244146,3.452470885665614,3.566688634774266,0.1874370860700558,0.2255968893696999,0.22126269267249726,0,0,8,2025-12-19T16:24:30.242972,3.3526031970977783
2017-10-12,12,3,-0.900968867902419,0.43388373911755823,285,0.19245158197082995,-0.9813064702716093,0,30,1,0,False,1,3.258096538021482,3.713572066704308,3.4339872044851463,3.713572066704308,3.6888794541139363,3.5263605246161616,3.828641396489095,3.9512437185814275,10,0.5000000000000001,-0.8660254037844386,0,3.489553757124415,3.4524708856656146,3.566688634774266,0.18743708607006324,0.22559688936970704,0.2212626926724971,0,0,8,2025-12-19T16:24:30.300543,3.4268057
2017-10-13,13,4,-0.9009688679024191,-0.433883739117558,286,0.20931464596304888,-0.9778483415056567,20,0,0,0,False,1,3.258096538021482,3.713572066704308,3.4339872044851463,3.713572066704308,3.6888794541139363,3.5263605246161616,3.828641396489095,3.9512437185814275,10,0.5000000000000001,-0.8660254037844386,0,3.4895537571244146,3.452470885665614,3.566688634774266,0.1874370860700558,0.2255968893696999,0.22126269267249726,0,0,8,2025-12-19T16:24:31.050883,3.4996495246887207
2017-10-14,14,5,-0.2225209339563146,-0.9749279121818236,287,0.22611568550828803,-0.9741004551724206,19,19,0,0,True,1,3.258096538021482,3.713572066704308,3.4339872044851463,3.713572066704308,3.6888794541139363,3.5263605246161616,3.828641396489095,3.9512437185814275,10,0.5000000000000001,-0.8660254037844386,0,3.489553757124415,3.4524708856656146,3.566688634774266,0.18743708607006324,0.22559688936970704,0.2212626926724971,0,0,8,2025-12-19T16:24:31.097922,3.5536933
2017-10-15,15,6,0.6234898018587334,-0.7818314824680299,288,0.2428497220959358,-0.970063921851507,18,0,0,0,True,1,3.258096538021482,3.713572066704308,3.4339872044851463,3.713572066704308,3.6888794541139363,3.5263605246161616,3.828641396489095,3.9512437185814275,10,0.5000000000000001,-0.8660254037844386,0,3.4895537571244146,3.452470885665614,3.566688634774266,0.1874370860700558,0.2255968893696999,0.22126269267249726,0,0,8,2025-12-19T16:24:32.121788,3.6075360774993896
2017-10-16,16,0,1.0,0.0,289,0.25951179706979943,-0.965739937654855,17,31,0,0,False,1,3.258096538021482,3.713572066704308,3.4339872044851463,3.713572066704308,3.6888794541139363,3.5263605246161616,3.828641396489095,3.9512437185814275,10,0.5000000000000001,-0.8660254037844386,0,3.489553757124415,3.4524708856656146,3.566688634774266,0.18743708607006324,0.22559688936970704,0.2212626926724971,0,0,8,2025-12-19T16:24:32.340829,3.24064
2017-10-17,17,1,0.6234898018587336,0.7818314824680298,290,0.27609697309746883,-0.9611297838723007,16,0,0,0,False,1,3.258096538021482,3.713572066704308,3.4339872044851463,3.713572066704308,3.6888794541139363,3.5263605246161616,3.828641396489095,3.9512437185814275,10,0.5000000000000001,-0.8660254037844386,0,3.4895537571244146,3.452470885665614,3.566688634774266,0.1874370860700558,0.2255968893696999,0.22126269267249726,0,0,8,2025-12-19T16:24:32.389441,3.387356758117676
2017-10-19,19,3,-0.900968867902419,0.43388373911755823,292,0.30901699437494723,-0.9510565162951536,14,0,0,0,False,1,3.258096538021482,3.713572066704308,3.4339872044851463,3.713572066704308,3.6888794541139363,3.5263605246161616,3.828641396489095,3.9512437185814275,10,0.5000000000000001,-0.8660254037844386,0,3.4895537571244146,3.452470885665614,3.566688634774266,0.1874370860700558,0.2255968893696999,0.22126269267249726,0,0,8,2025-12-19T16:24:33.222291,3.464348554611206
2017-10-18,18,2,-0.22252093395631434,0.9749279121818236,291,0.2926003356333479,-0.9562348265919058,15,45,0,0,False,1,3.258096538021482,3.713572066704308,3.4339872044851463,3.713572066704308,3.6888794541139363,3.5263605246161616,3.828641396489095,3.9512437185814275,10,0.5000000000000001,-0.8660254037844386,0,3.489553757124415,3.4524708856656146,3.566688634774266,0.18743708607006324,0.22559688936970704,0.2212626926724971,0,0,8,2025-12-19T16:24:33.259556,3.3854082
2017-10-20,20,4,-0.9009688679024191,-0.433883739117558,293,0.3253420847119795,-0.9455963874271428,13,40,0,0,False,1,3.258096538021482,3.713572066704308,3.4339872044851463,3.713572066704308,3.6888794541139363,3.5263605246161616,3.828641396489095,3.9512437185814275,10,0.5000000000000001,-0.8660254037844386,0,3.489553757124415,3.4524708856656146,3.566688634774266,0.18743708607006324,0.22559688936970704,0.2212626926724971,0,0,8,2025-12-19T16:24:34.251108,3.5204756
2017-10-21,21,5,-0.2225209339563146,-0.9749279121818236,294,0.341570769167856,-0.9398560579418953,12,0,0,0,True,1,3.258096538021482,3.713572066704308,3.4339872044851463,3.713572066704308,3.6888794541139363,3.5263605246161616,3.828641396489095,3.9512437185814275,10,0.5000000000000001,-0.8660254037844386,0,3.4895537571244146,3.452470885665614,3.566688634774266,0.1874370860700558,0.2255968893696999,0.22126269267249726,0,0,8,2025-12-19T16:24:34.427727,3.582517147064209
2017-10-22,22,6,0.6234898018587334,-0.7818314824680299,295,0.35769823883312546,-0.9338372288229252,11,13,0,0,True,1,3.258096538021482,3.713572066704308,3.4339872044851463,3.713572066704308,3.6888794541139363,3.5263605246161616,3.828641396489095,3.9512437185814275,10,0.5000000000000001,-0.8660254037844386,3,3.489553757124415,3.4524708856656146,3.566688634774266,0.18743708607006324,0.22559688936970704,0.2212626926724971,0,0,8,2025-12-19T16:24:34.517266,3.6334367
2017-10-23,23,0,1.0,0.0,296,0.3737197147904692,-0.9275416835791965,10,0,0,0,False,1,3.258096538021482,3.713572066704308,3.4339872044851463,3.713572066704308,3.6888794541139363,3.5263605246161616,3.828641396489095,3.9512437185814275,10,0.5000000000000001,-0.8660254037844386,0,3.4895537571244146,3.452470885665614,3.566688634774266,0.1874370860700558,0.2255968893696999,0.22126269267249726,0,0,8,2025-12-19T16:24:35.354595,3.265763759613037
2017-10-24,24,1,0.6234898018587336,0.7818314824680298,297,0.38963044953078774,-0.9209712877166347,9,42,0,0,False,1,3.258096538021482,3.713572066704308,3.4339872044851463,3.713572066704308,3.6888794541139363,3.5263605246161616,3.828641396489095,3.9512437185814275,10,0.5000000000000001,-0.8660254037844386,0,3.489553757124415,3.4524708856656146,3.566688634774266,0.18743708607006324,0.22559688936970704,0.2212626926724971,0,0,8,2025-12-19T16:24:35.399599,3.4111917
2017-10-25,25,2,-0.22252093395631434,0.9749279121818236,298,0.4054257283599973,-0.9141279881853337,8,0,0,0,False,1,3.258096538021482,3.713572066704308,3.4339872044851463,3.713572066704308,3.6888794541139363,3.5263605246161616,3.828641396489095,3.9512437185814275,10,0.5000000000000001,-0.8660254037844386,0,3.4895537571244146,3.452470885665614,3.566688634774266,0.1874370860700558,0.2255968893696999,0.22126269267249726,0,0,8,2025-12-19T16:24:36.359637,3.406709909439087
2017-10-26,26,3,-0.900968867902419,0.43388373911755823,299,0.42110087079608916,-0.9070138128026362,7,17,0,0,False,1,3.258096538021482,3.713572066704308,3.4339872044851463,3.713572066704308,3.6888794541139363,3.5263605246161616,3.828641396489095,3.9512437185814275,10,0.5000000000000001,-0.8660254037844386,0,3.489553757124415,3.4524708856656146,3.566688634774266,0.18743708607006324,0.22559688936970704,0.2212626926724971,0,0,8,2025-12-19T16:24:36.577577,3.4806366
2017-10-27,27,4,-0.9009688679024191,-0.433883739117558,300,0.4366512319560638,-0.8996308696522434,6,0,0,0,False,1,3.258096538021482,3.713572066704308,3.4339872044851463,3.713572066704308,3.6888794541139363,3.5263605246161616,3.828641396489095,3.9512437185814275,10,0.5000000000000001,-0.8660254037844386,0,3.4895537571244146,3.452470885665614,3.566688634774266,0.1874370860700558,0.2255968893696999,0.22126269267249726,0,0,8,2025-12-19T16:24:36.610652,3.53743839263916
2017-10-29,29,6,0.6234898018587334,-0.7818314824680299,302,0.46735921715800205,-0.8840675099433637,4,0,0,0,True,1,3.258096538021482,3.713572066704308,3.4339872044851463,3.713572066704308,3.6888794541139363,3.5263605246161616,3.828641396489095,3.9512437185814275,10,0.5000000000000001,-0.8660254037844386,0,3.4895537571244146,3.452470885665614,3.566688634774266,0.1874370860700558,0.2255968893696999,0.22126269267249726,0,0,8,2025-12-19T16:24:37.531765,3.6437346935272217
2017-10-28,28,5,-0.2225209339563146,-0.9749279121818236,301,0.45207220393230374,-0.8919813464595487,5,39,0,0,True,1,3.258096538021482,3.713572066704308,3.4339872044851463,3.713572066704308,3.6888794541139363,3.5263605246161616,3.828641396489095,3.9512437185814275,10,0.5000000000000001,-0.8660254037844386,0,3.489553757124415,3.4524708856656146,3.566688634774266,0.18743708607006324,0.22559688936970704,0.2212626926724971,0,0,8,2025-12-19T16:24:37.559383,3.592484
2017-10-30,30,0,1.0,0.0,303,0.48250774176121763,-0.8758917051442433,3,28,0,0,False,1,3.258096538021482,3.713572066704308,3.4339872044851463,3.713572066704308,3.6888794541139363,3.5263605246161616,3.828641396489095,3.9512437185814275,10,0.5000000000000001,-0.8660254037844386,0,3.489553757124415,3.4524708856656146,3.566688634774266,0.18743708607006324,0.22559688936970704,0.2212626926724971,0,0,8,2025-12-19T16:24:38.494965,3.2801092
2017-10-31,31,1,0.6234898018587336,0.7818314824680298,304,0.4975132889071803,-0.8674563547295971,2,0,0,0,False,1,3.258096538021482,3.713572066704308,3.4339872044851463,3.713572066704308,3.6888794541139363,3.5263605246161616,3.828641396489095,3.9512437185814275,10,0.5000000000000001,-0.8660254037844386,0,3.4895537571244146,3.452470885665614,3.566688634774266,0.1874370860700558,0.2255968893696999,0.22126269267249726,0,0,8,2025-12-19T16:24:38.707297,3.417729139328003
2017-11-01,1,2,-0.22252093395631434,0.9749279121818236,305,0.5123714121284235,-0.858763958275803,1,31,0,1,False,1,3.258096538021482,3.713572066704308,3.4339872044851463,3.713572066704308,3.6888794541139363,3.5263605246161616,3.828641396489095,3.9512437185814275,11,0.8660254037844384,-0.5000000000000004,0,3.489553757124415,3.4524708856656146,3.566688634774266,0.18743708607006324,0.22559688936970704,0.2212626926724971,0,0,8,2025-12-19T16:24:38.761507,3.5023327
2017-11-02,2,3,-0.900968867902419,0.43388373911755823,306,0.5270777086423724,-0.8498170915275277,0,0,1,1,False,1,3.258096538021482,3.713572066704308,3.4339872044851463,3.713572066704308,3.6888794541139363,3.5263605246161616,3.828641396489095,3.9512437185814275,11,0.8660254037844384,-0.5000000000000004,0,3.4895537571244146,3.452470885665614,3.566688634774266,0.1874370860700558,0.2255968893696999,0.22126269267249726,0,0,8,2025-12-19T16:24:39.622896,3.5687272548675537
2017-11-03,3,4,-0.9009688679024191,-0.433883739117558,307,0.5416278206559811,-0.8406184056344783,12,13,0,1,False,1,3.258096538021482,3.713572066704308,3.4339872044851463,3.713572066704308,3.6888794541139363,3.5263605246161616,3.828641396489095,3.9512437185814275,11,0.8660254037844384,-0.5000000000000004,3,3.489553757124415,3.4524708856656146,3.566688634774266,0.18743708607006324,0.22559688936970704,0.2212626926724971,0,0,8,2025-12-19T16:24:39.672944,3.6239665
2017-11-04,4,5,-0.2225209339563146,-0.9749279121818236,308,0.5560174366570446,-0.8311706263658079,11,0,0,1,True,1,3.258096538021482,3.713572066704308,3.4339872044851463,3.713572066704308,3.6888794541139363,3.5263605246161616,3.828641396489095,3.9512437185814275,11,0.8660254037844384,-0.5000000000000004,0,3.4895537571244146,3.452470885665614,3.566688634774266,0.1874370860700558,0.2255968893696999,0.22126269267249726,0,0,8,2025-12-19T16:24:40.583586,3.6779212951660156
2017-11-05,5,6,0.6234898018587334,-0.7818314824680299,309,0.5702422926917867,-0.8214765533024145,10,48,0,1,True,1,3.258096538021482,3.713572066704308,3.4339872044851463,3.713572066704308,3.6888794541139363,3.5263605246161616,3.828641396489095,3.9512437185814275,11,0.8660254037844384,-0.5000000000000004,0,3.489553757124415,3.4524708856656146,3.566688634774266,0.18743708607006324,0.22559688936970704,0.2212626926724971,0,0,8,2025-12-19T16:24:40.846715,3.727966
2017-11-06,6,0,1.0,0.0,310,0.5842981736283683,-0.8115390590073611,9,0,0,1,False,1,3.258096538021482,3.713572066704308,3.4339872044851463,3.713572066704308,3.6888794541139363,3.5263605246161616,3.828641396489095,3.9512437185814275,11,0.8660254037844384,-0.5000000000000004,0,3.4895537571244146,3.452470885665614,3.566688634774266,0.1874370860700558,0.2255968893696999,0.22126269267249726,0,0,8,2025-12-19T16:24:40.884247,3.3400983810424805
2017-11-07,7,1,0.6234898018587336,0.7818314824680298,311,0.5981809144059158,-0.801361088174677,8,43,0,1,False,1,3.258096538021482,3.713572066704308,3.4339872044851463,3.713572066704308,3.6888794541139363,3.5263605246161616,3.828641396489095,3.9512437185814275,11,0.8660254037844384,-0.5000000000000004,0,3.489553757124415,3.4524708856656146,3.566688634774266,0.18743708607006324,0.22559688936970704,0.2212626926724971,0,0,8,2025-12-19T16:24:41.726469,3.4859648
2017-11-08,8,2,-0.22252093395631434,0.9749279121818236,312,0.6118864012687242,-0.7909456567567774,7,0,0,1,False,1,3.258096538021482,3.713572066704308,3.4339872044851463,3.713572066704308,3.6888794541139363,3.5263605246161616,3.828641396489095,3.9512437185814275,11,0.8660254037844384,-0.5000000000000004,0,3.4895537571244146,3.452470885665614,3.566688634774266,0.1874370860700558,0.2255968893696999,0.22126269267249726,0,0,8,2025-12-19T16:24:41.768469,3.483286142349243
2017-11-09,9,3,-0.900968867902419,0.43388373911755823,313,0.6254105729852457,-0.780295851070776,6,28,0,1,False,1,3.258096538021482,3.713572066704308,3.4339872044851463,3.713572066704308,3.6888794541139363,3.5263605246161616,3.828641396489095,3.9512437185814275,11,0.8660254037844384,-0.5000000000000004,0,3.489553757124415,3.4524708856656146,3.566688634774266,0.18743708607006324,0.22559688936970704,0.2212626926724971,0,0,8,2025-12-19T16:24:42.702334,3.5564282
2017-11-10,10,4,-0.9009688679024191,-0.433883739117558,314,0.6387494220515268,-0.7694148268839381,5,0,0,1,False,1,3.258096538021482,3.713572066704308,3.4339872044851463,3.713572066704308,3.6888794541139363,3.5263605246161616,3.828641396489095,3.9512437185814275,11,0.8660254037844384,-0.5000000000000004,0,3.4895537571244146,3.452470885665614,3.566688634774266,0.1874370860700558,0.2255968893696999,0.22126269267249726,0,0,8,2025-12-19T16:24:43.025899,3.614410877227783
2017-11-11,11,5,-0.2225209339563146,-0.9749279121818236,315,0.6518989958787125,-0.7583058084785625,4,18,0,0,True,1,3.258096538021482,3.713572066704308,3.4339872044851463,3.713572066704308,3.6888794541139363,3.5263605246161616,3.828641396489095,3.9512437185814275,11,0.8660254037844384,-0.5000000000000004,0,3.489553757124415,3.4524708856656146,3.566688634774266,0.18743708607006324,0.22559688936970704,0.2212626926724971,0,0,8,2025-12-19T16:24:43.065900,3.665103
2017-11-12,12,6,0.6234898018587334,-0.7818314824680299,316,0.6648553979642866,-0.7469720876965551,3,0,0,0,True,1,3.258096538021482,3.713572066704308,3.4339872044851463,3.713572066704308,3.6888794541139363,3.5263605246161616,3.828641396489095,3.9512437185814275,11,0.8660254037844384,-0.5000000000000004,0,3.4895537571244146,3.452470885665614,3.566688634774266,0.1874370860700558,0.2255968893696999,0.22126269267249726,0,0,8,2025-12-19T16:24:43.822054,3.719187021255493
2017-11-13,13,0,1.0,0.0,317,0.6776147890466887,-0.7354170229639858,2,40,0,0,False,1,3.258096538021482,3.713572066704308,3.4339872044851463,3.713572066704308,3.6888794541139363,3.5263605246161616,3.828641396489095,3.9512437185814275,11,0.8660254037844384,-0.5000000000000004,0,3.489553757124415,3.4524708856656146,3.566688634774266,0.18743708607006324,0.22559688936970704,0.2212626926724971,0,0,8,2025-12-19T16:24:43.875056,3.3347414
2017-11-14,14,1,0.6234898018587336,0.7818314824680298,318,0.690173388242972,-0.7236440382959124,1,0,0,0,False,1,3.258096538021482,3.713572066704308,3.4339872044851463,3.713572066704308,3.6888794541139363,3.5263605246161616,3.828641396489095,3.9512437185814275,11,0.8660254037844384,-0.5000000000000004,0,3.4895537571244146,3.452470885665614,3.566688634774266,0.1874370860700558,0.2255968893696999,0.22126269267249726,0,0,8,2025-12-19T16:24:44.848427,3.4858181476593018
2017-11-16,16,3,-0.900968867902419,0.43388373911755823,320,0.7146733860429608,-0.6994583270516471,39,0,0,0,False,1,3.258096538021482,3.713572066704308,3.4339872044851463,3.713572066704308,3.6888794541139363,3.5263605246161616,3.828641396489095,3.9512437185814275,11,0.8660254037844384,-0.5000000000000004,0,3.4895537571244146,3.452470885665614,3.566688634774266,0.1874370860700558,0.2255968893696999,0.22126269267249726,0,0,8,2025-12-19T16:24:45.185970,3.5463128089904785
2017-11-15,15,2,-0.22252093395631434,0.9749279121818236,319,0.7025274741691566,-0.711656622281775,0,15,1,0,False,1,3.258096538021482,3.713572066704308,3.4339872044851463,3.713572066704308,3.6888794541139363,3.5263605246161616,3.828641396489095,3.9512437185814275,11,0.8660254037844384,-0.5000000000000004,1,3.489553757124415,3.4524708856656146,3.566688634774266,0.18743708607006324,0.22559688936970704,0.2212626926724971,0,0,8,2025-12-19T16:24:45.222001,3.4778352
2017-11-17,17,4,-0.9009688679024191,-0.433883739117558,321,0.7266075247685652,-0.6870527672236675,38,5,0,0,False,1,3.258096538021482,3.713572066704308,3.4339872044851463,3.713572066704308,3.6888794541139363,3.5263605246161616,3.828641396489095,3.9512437185814275,11,0.8660254037844384,-0.5000000000000004,11,3.489553757124415,3.4524708856656146,3.566688634774266,0.18743708607006324,0.22559688936970704,0.2212626926724971,0,0,8,2025-12-19T16:24:45.973073,3.6062717
2017-11-18,18,5,-0.2225209339563146,-0.9749279121818236,322,0.7383263540031063,-0.6744436188329457,37,0,0,0,True,1,3.258096538021482,3.713572066704308,3.4339872044851463,3.713572066704308,3.6888794541139363,3.5263605246161616,3.828641396489095,3.9512437185814275,11,0.8660254037844384,-0.5000000000000004,0,3.4895537571244146,3.452470885665614,3.566688634774266,0.1874370860700558,0.2255968893696999,0.22126269267249726,0,0,8,2025-12-19T16:24:46.004304,3.6606221199035645
2017-11-19,19,6,0.6234898018587334,-0.7818314824680299,323,0.749826401204568,-0.661634618242279,36,3,0,0,True,1,3.258096538021482,3.713572066704308,3.4339872044851463,3.713572066704308,3.6888794541139363,3.5263605246161616,3.828641396489095,3.9512437185814275,11,0.8660254037844384,-0.5000000000000004,13,3.489553757124415,3.4524708856656146,3.566688634774266,0.18743708607006324,0.22559688936970704,0.2212626926724971,0,0,8,2025-12-19T16:24:46.950165,3.7115517
2017-11-20,20,0,1.0,0.0,324,0.7611042586607742,-0.6486295610349818,35,0,0,0,False,1,3.258096538021482,3.713572066704308,3.4339872044851463,3.713572066704308,3.6888794541139363,3.5263605246161616,3.828641396489095,3.9512437185814275,11,0.8660254037844384,-0.5000000000000004,0,3.4895537571244146,3.452470885665614,3.566688634774266,0.1874370860700558,0.2255968893696999,0.22126269267249726,0,0,8,2025-12-19T16:24:47.293746,3.3263003826141357
2017-11-21,21,1,0.6234898018587336,0.7818314824680298,325,0.7721565844991641,-0.6354323008901775,34,36,0,0,False,1,3.258096538021482,3.713572066704308,3.4339872044851463,3.713572066704308,3.6888794541139363,3.5263605246161616,3.828641396489095,3.9512437185814275,11,0.8660254037844384,-0.5000000000000004,0,3.489553757124415,3.4524708856656146,3.566688634774266,0.18743708607006324,0.22559688936970704,0.2212626926724971,0,0,8,2025-12-19T16:24:47.373145,3.475497
2017-11-22,22,2,-0.22252093395631434,0.9749279121818236,326,0.7829801036770624,-0.622046748440868,33,0,0,0,False,1,3.258096538021482,3.713572066704308,3.4339872044851463,3.713572066704308,3.6888794541139363,3.5263605246161616,3.828641396489095,3.9512437185814275,11,0.8660254037844384,-0.5000000000000004,0,3.4895537571244146,3.452470885665614,3.566688634774266,0.1874370860700558,0.2255968893696999,0.22126269267249726,0,0,8,2025-12-19T16:24:48.118346,3.4723105430603027
2017-11-23,23,3,-0.900968867902419,0.43388373911755823,327,0.7935716089521472,-0.6084768701151264,32,18,0,0,False,1,3.258096538021482,3.713572066704308,3.4339872044851463,3.713572066704308,3.6888794541139363,3.5263605246161616,3.828641396489095,3.9512437185814275,11,0.8660254037844384,-0.5000000000000004,0,3.489553757124415,3.4524708856656146,3.566688634774266,0.18743708607006324,0.22559688936970704,0.2212626926724971,0,0,8,2025-12-19T16:24:48.177956,3.542635
2017-11-24,24,4,-0.9009688679024191,-0.433883739117558,328,0.8039279618328208,-0.594726686960764,31,0,0,0,False,1,3.258096538021482,3.713572066704308,3.4339872044851463,3.713572066704308,3.6888794541139363,3.5263605246161616,3.828641396489095,3.9512437185814275,11,0.8660254037844384,-0.5000000000000004,0,3.4895537571244146,3.452470885665614,3.566688634774266,0.1874370860700558,0.2255968893696999,0.22126269267249726,0,0,8,2025-12-19T16:24:49.101857,3.604050636291504
2017-11-25,25,5,-0.2225209339563146,-0.9749279121818236,329,0.8140460935082175,-0.5808002734538013,30,48,0,0,True,1,3.258096538021482,3.713572066704308,3.4339872044851463,3.713572066704308,3.6888794541139363,3.5263605246161616,3.828641396489095,3.9512437185814275,11,0.8660254037844384,-0.5000000000000004,0,3.489553757124415,3.4524708856656146,3.566688634774266,0.18743708607006324,0.22559688936970704,0.2212626926724971,0,0,8,2025-12-19T16:24:49.421619,3.6488307
2017-11-26,26,6,0.6234898018587334,-0.7818314824680299,330,0.8239230057575536,-0.5667017562911184,29,0,0,0,True,1,3.258096538021482,3.713572066704308,3.4339872044851463,3.713572066704308,3.6888794541139363,3.5263605246161616,3.828641396489095,3.9512437185814275,11,0.8660254037844384,-0.5000000000000004,0,3.4895537571244146,3.452470885665614,3.566688634774266,0.1874370860700558,0.2255968893696999,0.22126269267249726,0,0,8,2025-12-19T16:24:49.465693,3.690462827682495
2017-11-27,27,0,1.0,0.0,331,0.8335557718385695,-0.5524353131676203,28,35,0,0,False,1,3.258096538021482,3.713572066704308,3.4339872044851463,3.713572066704308,3.6888794541139363,3.5263605246161616,3.828641396489095,3.9512437185814275,11,0.8660254037844384,-0.5000000000000004,0,3.489553757124415,3.4524708856656146,3.566688634774266,0.18743708607006324,0.22559688936970704,0.2212626926724971,0,0,8,2025-12-19T16:24:50.261157,3.312031
2017-11-28,28,1,0.6234898018587336,0.7818314824680298,332,0.8429415373547832,-0.5380051715382992,27,0,0,0,False,1,3.258096538021482,3.713572066704308,3.4339872044851463,3.713572066704308,3.6888794541139363,3.5263605246161616,3.828641396489095,3.9512437185814275,11,0.8660254037844384,-0.5000000000000004,0,3.4895537571244146,3.452470885665614,3.566688634774266,0.1874370860700558,0.2255968893696999,0.22126269267249726,0,0,8,2025-12-19T16:24:50.293206,3.471491813659668
2017-11-29,29,2,-0.22252093395631434,0.9749279121818236,333,0.8520775211013093,-0.5234156073655503,26,36,0,0,False,1,3.258096538021482,3.713572066704308,3.4339872044851463,3.713572066704308,3.6888794541139363,3.5263605246161616,3.828641396489095,3.9512437185814275,11,0.8660254037844384,-0.5000000000000004,0,3.489553757124415,3.4524708856656146,3.566688634774266,0.18743708607006324,0.22559688936970704,0.2212626926724971,0,0,8,2025-12-19T16:24:51.277197,3.4614983
2017-11-30,30,3,-0.900968867902419,0.43388373911755823,334,0.8609610158889945,-0.5086709438521042,25,0,0,0,False,1,3.258096538021482,3.713572066704308,3.4339872044851463,3.713572066704308,3.6888794541139363,3.5263605246161616,3.828641396489095,3.9512437185814275,11,0.8660254037844384,-0.5000000000000004,0,3.4895537571244146,3.452470885665614,3.566688634774266,0.1874370860700558,0.2255968893696999,0.22126269267249726,0,0,8,2025-12-19T16:24:51.579191,3.5440833568573
2017-12-01,1,4,-0.9009688679024191,-0.433883739117558,335,0.8695893893466109,-0.49377555015997737,24,8,0,1,False,1,3.258096538021482,3.713572066704308,3.4339872044851463,3.713572066704308,3.6888794541139363,3.5263605246161616,3.828641396489095,3.9512437185814275,12,1.0,-2.4492935982947064e-16,8,3.489553757124415,3.4524708856656146,3.566688634774266,0.18743708607006324,0.22559688936970704,0.2212626926724971,0,0,8,2025-12-19T16:24:51.645625,3.2746043
2017-12-02,2,5,-0.2225209339563146,-0.9749279121818236,336,0.8779600847008883,-0.4787338401157883,23,0,0,1,True,1,3.258096538021482,3.713572066704308,3.4339872044851463,3.713572066704308,3.6888794541139363,3.5263605246161616,3.828641396489095,3.9512437185814275,12,1.0,-2.4492935982947064e-16,0,3.4895537571244146,3.452470885665614,3.566688634774266,0.1874370860700558,0.2255968893696999,0.22126269267249726,0,0,8,2025-12-19T16:24:52.422598,3.3457577228546143
2017-12-03,3,6,0.6234898018587334,-0.7818314824680299,337,0.8860706215341378,-0.4635502709028512,22,3,0,1,True,1,3.258096538021482,3.713572066704308,3.4339872044851463,3.713572066704308,3.6888794541139363,3.5263605246161616,3.828641396489095,3.9512437185814275,12,1.0,-2.4492935982947064e-16,13,3.489553757124415,3.4524708856656146,3.566688634774266,0.18743708607006324,0.22559688936970704,0.2212626926724971,0,0,8,2025-12-19T16:24:52.481605,3.3714352
2017-12-04,4,0,1.0,0.0,338,0.893918596519257,-0.4482293417404106,21,0,0,1,False,1,3.258096538021482,3.713572066704308,3.4339872044851463,3.713572066704308,3.6888794541139363,3.5263605246161616,3.828641396489095,3.9512437185814275,12,1.0,-2.4492935982947064e-16,0,3.4895537571244146,3.452470885665614,3.566688634774266,0.1874370860700558,0.2255968893696999,0.22126269267249726,0,0,8,2025-12-19T16:24:53.379598,3.028313636779785
2017-12-05,5,1,0.6234898018587336,0.7818314824680298,339,0.9015016841318838,-0.4327755925504317,20,0,0,1,False,1,3.258096538021482,3.713572066704308,3.4339872044851463,3.713572066704308,3.6888794541139363,3.5263605246161616,3.828641396489095,3.9512437185814275,12,1.0,-2.4492935982947064e-16,16,3.489553757124415,3.4524708856656146,3.566688634774266,0.18743708607006324,0.22559688936970704,0.2212626926724971,0,0,8,2025-12-19T16:24:53.700079,3.1804059
2017-12-06,6,2,-0.22252093395631434,0.9749279121818236,340,0.9088176373395028,-0.41719360261231697,19,0,0,1,False,1,3.258096538021482,3.713572066704308,3.4339872044851463,3.713572066704308,3.6888794541139363,3.5263605246161616,3.828641396489095,3.9512437185814275,12,1.0,-2.4492935982947064e-16,0,3.4895537571244146,3.452470885665614,3.566688634774266,0.1874370860700558,0.2255968893696999,0.22126269267249726,0,0,8,2025-12-19T16:24:53.740079,3.166484832763672
2017-12-07,7,3,-0.900968867902419,0.43388373911755823,341,0.9158642882672868,-0.4014879892059737,18,22,0,1,False,1,3.258096538021482,3.713572066704308,3.4339872044851463,3.713572066704308,3.6888794541139363,3.5263605246161616,3.828641396489095,3.9512437185814275,12,1.0,-2.4492935982947064e-16,0,3.489553757124415,3.4524708856656146,3.566688634774266,0.18743708607006324,0.22559688936970704,0.2212626926724971,0,0,8,2025-12-19T16:24:54.556526,3.263247
2017-12-08,8,4,-0.9009688679024191,-0.433883739117558,342,0.9226395488404875,-0.38566340624360745,17,0,0,1,False,1,3.258096538021482,3.713572066704308,3.4339872044851463,3.713572066704308,3.6888794541139363,3.5263605246161616,3.828641396489095,3.9512437185814275,12,1.0,-2.4492935982947064e-16,0,3.4895537571244146,3.452470885665614,3.566688634774266,0.1874370860700558,0.2255968893696999,0.22126269267249726,0,0,8,2025-12-19T16:24:54.597771,3.369635820388794
2017-12-09,9,5,-0.2225209339563146,-0.9749279121818236,343,0.9291414114031743,-0.3697245428906732,16,14,0,1,True,1,3.258096538021482,3.713572066704308,3.4339872044851463,3.713572066704308,3.6888794541139363,3.5263605246161616,3.828641396489095,3.9512437185814275,12,1.0,-2.4492935982947064e-16,2,3.489553757124415,3.4524708856656146,3.566688634774266,0.18743708607006324,0.22559688936970704,0.2212626926724971,0,0,8,2025-12-19T16:24:55.477672,3.4209273
2017-12-10,10,6,0.6234898018587334,-0.7818314824680299,344,0.935367949313148,-0.3536761221763721,15,0,0,1,True,1,3.258096538021482,3.713572066704308,3.4339872044851463,3.713572066704308,3.6888794541139363,3.5263605246161616,3.828641396489095,3.9512437185814275,12,1.0,-2.4492935982947064e-16,0,3.4895537571244146,3.452470885665614,3.566688634774266,0.1874370860700558,0.2255968893696999,0.22126269267249726,0,0,8,2025-12-19T16:24:55.955899,3.4650979042053223
2017-12-11,11,0,1.0,0.0,345,0.941317317512847,-0.33752289959411347,14,33,0,0,False,1,3.258096538021482,3.713572066704308,3.4339872044851463,3.713572066704308,3.6888794541139363,3.5263605246161616,3.828641396489095,3.9512437185814275,12,1.0,-2.4492935982947064e-16,0,3.489553757124415,3.4524708856656146,3.566688634774266,0.18743708607006324,0.22559688936970704,0.2212626926724971,0,0,8,2025-12-19T16:24:56.007901,3.1028628
2017-12-12,12,1,0.6234898018587336,0.7818314824680298,346,0.9469877530760751,-0.32126966169236515,13,0,0,0,False,1,3.258096538021482,3.713572066704308,3.4339872044851463,3.713572066704308,3.6888794541139363,3.5263605246161616,3.828641396489095,3.9512437185814275,12,1.0,-2.4492935982947064e-16,0,3.4895537571244146,3.452470885665614,3.566688634774266,0.1874370860700558,0.2255968893696999,0.22126269267249726,0,0,8,2025-12-19T16:24:56.639238,3.2524819374084473
2017-12-13,13,2,-0.22252093395631434,0.9749279121818236,347,0.9523775757303973,-0.3049212246562894,12,44,0,0,False,1,3.258096538021482,3.713572066704308,3.4339872044851463,3.713572066704308,3.6888794541139363,3.5263605246161616,3.828641396489095,3.9512437185814275,12,1.0,-2.4492935982947064e-16,0,3.489553757124415,3.4524708856656146,3.566688634774266,0.18743708607006324,0.22559688936970704,0.2212626926724971,0,0,8,2025-12-19T16:24:56.708941,3.2541494
2017-12-14,14,3,-0.900968867902419,0.43388373911755823,348,0.9574851883550389,-0.2884824328806098,11,0,0,0,False,1,3.258096538021482,3.713572066704308,3.4339872044851463,3.713572066704308,3.6888794541139363,3.5263605246161616,3.828641396489095,3.9512437185814275,12,1.0,-2.4492935982947064e-16,0,3.4895537571244146,3.452470885665614,3.566688634774266,0.1874370860700558,0.2255968893696999,0.22126269267249726,0,0,8,2025-12-19T16:24:57.608302,3.321399211883545
2017-12-15,15,4,-0.9009688679024191,-0.433883739117558,349,0.9623090774541487,-0.27195815753410524,10,30,0,0,False,1,3.258096538021482,3.713572066704308,3.4339872044851463,3.713572066704308,3.6888794541139363,3.5263605246161616,3.828641396489095,3.9512437185814275,12,1.0,-2.4492935982947064e-16,0,3.489553757124415,3.4524708856656146,3.566688634774266,0.18743708607006324,0.22559688936970704,0.2212626926724971,0,0,8,2025-12-19T16:24:58.081768,3.4121368
2017-12-16,16,5,-0.2225209339563146,-0.9749279121818236,350,0.9668478136052773,-0.2553532951161881,9,0,0,0,True,1,3.258096538021482,3.713572066704308,3.4339872044851463,3.713572066704308,3.6888794541139363,3.5263605246161616,3.828641396489095,3.9512437185814275,12,1.0,-2.4492935982947064e-16,0,3.4895537571244146,3.452470885665614,3.566688634774266,0.1874370860700558,0.2255968893696999,0.22126269267249726,0,0,8,2025-12-19T16:24:58.121768,3.4699361324310303
2017-12-17,17,6,0.6234898018587334,-0.7818314824680299,351,0.9711000518829505,-0.23867276600594997,8,26,0,0,True,1,3.258096538021482,3.713572066704308,3.4339872044851463,3.713572066704308,3.6888794541139363,3.5263605246161616,3.828641396489095,3.9512437185814275,12,1.0,-2.4492935982947064e-16,0,3.489553757124415,3.4524708856656146,3.566688634774266,0.18743708607006324,0.22559688936970704,0.2212626926724971,0,0,8,2025-12-19T16:24:58.778527,3.528106
2017-12-18,18,0,1.0,0.0,352,0.9750645322571945,-0.22192151300416674,7,0,0,0,False,1,3.258096538021482,3.713572066704308,3.4339872044851463,3.713572066704308,3.6888794541139363,3.5263605246161616,3.828641396489095,3.9512437185814275,12,1.0,-2.4492935982947064e-16,0,3.4895537571244146,3.452470885665614,3.566688634774266,0.1874370860700558,0.2255968893696999,0.22126269267249726,0,0,8,2025-12-19T16:24:58.822529,3.15722918510437
2017-12-19,19,1,0.6234898018587336,0.7818314824680298,353,0.9787400799669153,-0.20510449986861926,6,21,0,0,False,1,3.258096538021482,3.713572066704308,3.4339872044851463,3.713572066704308,3.6888794541139363,3.5263605246161616,3.828641396489095,3.9512437185814275,12,1.0,-2.4492935982947064e-16,0,3.489553757124415,3.4524708856656146,3.566688634774266,0.18743708607006324,0.22559688936970704,0.2212626926724971,0,0,8,2025-12-19T16:24:59.717061,3.2890759
2017-12-20,20,2,-0.22252093395631434,0.9749279121818236,354,0.9821256058680006,-0.1882267098432439,5,0,0,0,False,1,3.258096538021482,3.713572066704308,3.4339872044851463,3.713572066704308,3.6888794541139363,3.5263605246161616,3.828641396489095,3.9512437185814275,12,1.0,-2.4492935982947064e-16,0,3.4895537571244146,3.452470885665614,3.566688634774266,0.1874370860700558,0.2255968893696999,0.22126269267249726,0,0,8,2025-12-19T16:25:00.201239,3.287585735321045
2017-12-21,21,3,-0.900968867902419,0.43388373911755823,355,0.9852201067560606,-0.1712931441814778,4,40,0,0,False,1,3.258096538021482,3.713572066704308,3.4339872044851463,3.713572066704308,3.6888794541139363,3.5263605246161616,3.828641396489095,3.9512437185814275,12,1.0,-2.4492935982947064e-16,0,3.489553757124415,3.4524708856656146,3.566688634774266,0.18743708607006324,0.22559688936970704,0.2212626926724971,0,0,8,2025-12-19T16:25:00.265242,3.3620133
2017-12-22,22,4,-0.9009688679024191,-0.433883739117558,356,0.9880226656636976,-0.154308820664281,3,0,0,0,False,1,3.258096538021482,3.713572066704308,3.4339872044851463,3.713572066704308,3.6888794541139363,3.5263605246161616,3.828641396489095,3.9512437185814275,12,1.0,-2.4492935982947064e-16,0,3.4895537571244146,3.452470885665614,3.566688634774266,0.1874370860700558,0.2255968893696999,0.22126269267249726,0,0,8,2025-12-19T16:25:00.902900,3.4529294967651367
2017-12-23,23,5,-0.2225209339563146,-0.9749279121818236,357,0.9905324521322227,-0.13727877211326517,2,18,0,0,True,1,3.258096538021482,3.713572066704308,3.4339872044851463,3.713572066704308,3.6888794541139363,3.5263605246161616,3.828641396489095,3.9512437185814275,12,1.0,-2.4492935982947064e-16,0,3.489553757124415,3.4524708856656146,3.566688634774266,0.18743708607006324,0.22559688936970704,0.2212626926724971,0,0,8,2025-12-19T16:25:00.948201,3.507006
2017-12-24,24,6,0.6234898018587334,-0.7818314824680299,358,0.9927487224577402,-0.12020804489935275,1,0,0,0,True,1,3.258096538021482,3.713572066704308,3.4339872044851463,3.713572066704308,3.6888794541139363,3.5263605246161616,3.828641396489095,3.9512437185814275,12,1.0,-2.4492935982947064e-16,0,3.4895537571244146,3.452470885665614,3.566688634774266,0.1874370860700558,0.2255968893696999,0.22126269267249726,0,0,8,2025-12-19T16:25:01.852742,3.5499448776245117
2017-12-25,25,0,1.0,0.0,359,0.9946708199115211,-0.10310169744743544,0,2,1,0,False,1,3.258096538021482,3.713572066704308,3.4339872044851463,3.713572066704308,3.6888794541139363,3.5263605246161616,3.828641396489095,3.9512437185814275,12,1.0,-2.4492935982947064e-16,14,3.489553757124415,3.4524708856656146,3.566688634774266,0.18743708607006324,0.22559688936970704,0.2212626926724971,0,0,8,2025-12-19T16:25:02.331815,3.19114
2017-12-26,26,1,0.6234898018587336,0.7818314824680298,360,0.9962981749346077,-0.0859647987374467,6,0,0,0,False,1,3.258096538021482,3.713572066704308,3.4339872044851463,3.713572066704308,3.6888794541139363,3.5263605246161616,3.828641396489095,3.9512437185814275,12,1.0,-2.4492935982947064e-16,0,3.4895537571244146,3.452470885665614,3.566688634774266,0.1874370860700558,0.2255968893696999,0.22126269267249726,0,0,8,2025-12-19T16:25:02.370815,3.334394931793213
2017-12-27,27,2,-0.22252093395631434,0.9749279121818236,361,0.9976303053065857,-0.06880242680232064,5,15,0,0,False,1,3.258096538021482,3.713572066704308,3.4339872044851463,3.713572066704308,3.6888794541139363,3.5263605246161616,3.828641396489095,3.9512437185814275,12,1.0,-2.4492935982947064e-16,1,3.489553757124415,3.4524708856656146,3.566688634774266,0.18743708607006324,0.22559688936970704,0.2212626926724971,0,0,8,2025-12-19T16:25:03.064607,3.3347926
2017-12-28,28,3,-0.900968867902419,0.43388373911755823,362,0.9986668162884759,-0.05161966722325418,4,0,0,0,False,1,3.258096538021482,3.713572066704308,3.4339872044851463,3.713572066704308,3.6888794541139363,3.5263605246161616,3.828641396489095,3.9512437185814275,12,1.0,-2.4492935982947064e-16,0,3.4895537571244146,3.452470885665614,3.566688634774266,0.1874370860700558,0.2255968893696999,0.22126269267249726,0,0,8,2025-12-19T16:25:03.077600,3.410048723220825
2017-12-29,29,4,-0.9009688679024191,-0.433883739117558,363,0.9994074007397048,-0.034421611622745804,3,40,0,0,False,1,3.258096538021482,3.713572066704308,3.4339872044851463,3.713572066704308,3.6888794541139363,3.5263605246161616,3.828641396489095,3.9512437185814275,12,1.0,-2.4492935982947064e-16,0,3.489553757124415,3.4524708856656146,3.566688634774266,0.18743708607006324,0.22559688936970704,0.2212626926724971,0,0,8,2025-12-19T16:25:03.994066,3.4958832
2017-12-30,30,5,-0.2225209339563146,-0.9749279121818236,364,0.9998518392091162,-0.01721335615583528,2,0,0,0,True,1,3.258096538021482,3.713572066704308,3.4339872044851463,3.713572066704308,3.6888794541139363,3.5263605246161616,3.828641396489095,3.9512437185814275,12,1.0,-2.4492935982947064e-16,0,3.4895537571244146,3.452470885665614,3.566688634774266,0.1874370860700558,0.2255968893696999,0.22126269267249726,0,0,8,2025-12-19T16:25:04.463645,3.545077085494995
2017-12-31,31,6,0.6234898018587334,-0.7818314824680299,365,1.0,6.432490598706546e-16,1,6,0,0,True,1,3.258096538021482,3.713572066704308,3.4339872044851463,3.713572066704308,3.6888794541139363,3.5263605246161616,3.828641396489095,3.9512437185814275,12,1.0,-2.4492935982947064e-16,10,3.489553757124415,3.4524708856656146,3.566688634774266,0.18743708607006324,0.22559688936970704,0.2212626926724971,0,0,8,2025-12-19T16:25:04.510055,3.5775518
2017-10-01,1,6,0.6234898018587334,-0.7818314824680299,274,0.004303538296243821,-0.9999907397361901,11,0,0,1,True,1,3.6109179126442243,3.332204510175204,3.5263605246161616,3.713572066704308,3.4657359027997265,3.258096538021482,3.4011973816621555,3.713572066704308,10,0.5000000000000001,-0.8660254037844386,0,3.3545350844577833,3.318282016290013,3.445398301691148,0.19432490632072533,0.26747134554333535,0.21992518938397895,0,0,9,2025-12-19T16:25:05.184437,3.4815893173217773
2017-10-02,2,0,1.0,0.0,275,0.021516097436222233,-0.9997685019798909,10,14,0,1,False,1,3.6109179126442243,3.332204510175204,3.5263605246161616,3.713572066704308,3.4657359027997265,3.258096538021482,3.4011973816621555,3.713572066704308,10,0.5000000000000001,-0.8660254037844386,2,3.3545350844577833,3.318282016290013,3.445398301691149,0.19432490632073374,0.26747134554332813,0.21992518938395492,0,0,9,2025-12-19T16:25:05.225424,3.0952492
2017-10-03,3,1,0.6234898018587336,0.7818314824680298,276,0.03872228089217399,-0.9992500112396835,9,0,0,1,False,1,3.6109179126442243,3.332204510175204,3.5263605246161616,3.713572066704308,3.4657359027997265,3.258096538021482,3.4011973816621555,3.713572066704308,10,0.5000000000000001,-0.8660254037844386,0,3.3545350844577833,3.318282016290013,3.445398301691148,0.19432490632072533,0.26747134554333535,0.21992518938397895,0,0,9,2025-12-19T16:25:06.109948,3.2391512393951416
2017-10-04,4,2,-0.22252093395631434,0.9749279121818236,277,0.05591699010060302,-0.9984354211555643,8,11,0,1,False,1,3.6109179126442243,3.332204510175204,3.5263605246161616,3.713572066704308,3.4657359027997265,3.258096538021482,3.4011973816621555,3.713572066704308,10,0.5000000000000001,-0.8660254037844386,5,3.3545350844577833,3.318282016290013,3.445398301691149,0.19432490632073374,0.26747134554332813,0.21992518938395492,0,0,9,2025-12-19T16:25:06.578125,3.2378376
2017-10-05,5,3,-0.900968867902419,0.43388373911755823,278,0.07309512989807776,-0.9973249731081555,7,0,0,1,False,1,3.6109179126442243,3.332204510175204,3.5263605246161616,3.713572066704308,3.4657359027997265,3.258096538021482,3.4011973816621555,3.713572066704308,10,0.5000000000000001,-0.8660254037844386,0,3.3545350844577833,3.318282016290013,3.445398301691148,0.19432490632072533,0.26747134554333535,0.21992518938397895,0,0,9,2025-12-19T16:25:06.619832,3.315329074859619
2017-10-07,7,5,-0.2225209339563146,-0.9749279121818236,280,0.10738134666416306,-0.994217906893952,5,0,0,1,True,1,3.6109179126442243,3.332204510175204,3.5263605246161616,3.713572066704308,3.4657359027997265,3.258096538021482,3.4011973816621555,3.713572066704308,10,0.5000000000000001,-0.8660254037844386,0,3.3545350844577833,3.318282016290013,3.445398301691148,0.19432490632072533,0.26747134554333535,0.21992518938397895,0,0,9,2025-12-19T16:25:07.356504,3.4274373054504395
2017-10-06,6,4,-0.9009688679024191,-0.433883739117558,279,0.0902516100310407,-0.9959189961471792,6,26,0,1,False,1,3.6109179126442243,3.332204510175204,3.5263605246161616,3.713572066704308,3.4657359027997265,3.258096538021482,3.4011973816621555,3.713572066704308,10,0.5000000000000001,-0.8660254037844386,0,3.3545350844577833,3.318282016290013,3.445398301691149,0.19432490632073374,0.26747134554332813,0.21992518938395492,0,0,9,2025-12-19T16:25:07.393505,3.3599365
2017-10-08,8,6,0.6234898018587334,-0.7818314824680299,281,0.12447926388678869,-0.9922222094179324,4,22,0,1,True,1,3.6109179126442243,3.332204510175204,3.5263605246161616,3.713572066704308,3.4657359027997265,3.258096538021482,3.4011973816621555,3.713572066704308,10,0.5000000000000001,-0.8660254037844386,0,3.3545350844577833,3.318282016290013,3.445398301691149,0.19432490632073374,0.26747134554332813,0.21992518938395492,0,0,9,2025-12-19T16:25:08.271496,3.4945834
2017-10-09,9,0,1.0,0.0,282,0.141540295217043,-0.989932495087353,3,0,0,1,False,1,3.6109179126442243,3.332204510175204,3.5263605246161616,3.713572066704308,3.4657359027997265,3.258096538021482,3.4011973816621555,3.713572066704308,10,0.5000000000000001,-0.8660254037844386,0,3.3545350844577833,3.318282016290013,3.445398301691148,0.19432490632072533,0.26747134554333535,0.21992518938397895,0,0,9,2025-12-19T16:25:08.671657,3.092390775680542
2017-10-10,10,1,0.6234898018587336,0.7818314824680298,283,0.15855938510313475,-0.9873494423939864,2,9,0,1,False,1,3.6109179126442243,3.332204510175204,3.5263605246161616,3.713572066704308,3.4657359027997265,3.258096538021482,3.4011973816621555,3.713572066704308,10,0.5000000000000001,-0.8660254037844386,7,3.3545350844577833,3.318282016290013,3.445398301691149,0.19432490632073374,0.26747134554332813,0.21992518938395492,0,0,9,2025-12-19T16:25:08.743224,3.2407966
2017-10-11,11,2,-0.22252093395631434,0.9749279121818236,284,0.17553149042142777,-0.9844738167520923,1,0,0,0,False,1,3.6109179126442243,3.332204510175204,3.5263605246161616,3.713572066704308,3.4657359027997265,3.258096538021482,3.4011973816621555,3.713572066704308,10,0.5000000000000001,-0.8660254037844386,0,3.3545350844577833,3.318282016290013,3.445398301691148,0.19432490632072533,0.26747134554333535,0.21992518938397895,0,0,9,2025-12-19T16:25:09.480737,3.2410762310028076
2017-10-12,12,3,-0.900968867902419,0.43388373911755823,285,0.19245158197082995,-0.9813064702716093,0,16,1,0,False,1,3.6109179126442243,3.332204510175204,3.5263605246161616,3.713572066704308,3.4657359027997265,3.258096538021482,3.4011973816621555,3.713572066704308,10,0.5000000000000001,-0.8660254037844386,0,3.3545350844577833,3.318282016290013,3.445398301691149,0.19432490632073374,0.26747134554332813,0.21992518938395492,0,0,9,2025-12-19T16:25:09.530741,3.3181071
2017-10-13,13,4,-0.9009688679024191,-0.433883739117558,286,0.20931464596304888,-0.9778483415056567,20,0,0,0,False,1,3.6109179126442243,3.332204510175204,3.5263605246161616,3.713572066704308,3.4657359027997265,3.258096538021482,3.4011973816621555,3.713572066704308,10,0.5000000000000001,-0.8660254037844386,0,3.3545350844577833,3.318282016290013,3.445398301691148,0.19432490632072533,0.26747134554333535,0.21992518938397895,0,0,9,2025-12-19T16:25:10.346092,3.3711555004119873
2017-10-15,15,6,0.6234898018587334,-0.7818314824680299,288,0.2428497220959358,-0.970063921851507,18,0,0,0,True,1,3.6109179126442243,3.332204510175204,3.5263605246161616,3.713572066704308,3.4657359027997265,3.258096538021482,3.4011973816621555,3.713572066704308,10,0.5000000000000001,-0.8660254037844386,0,3.3545350844577833,3.318282016290013,3.445398301691148,0.19432490632072533,0.26747134554333535,0.21992518938397895,0,0,9,2025-12-19T16:25:10.866737,3.502472162246704
2017-10-14,14,5,-0.2225209339563146,-0.9749279121818236,287,0.22611568550828803,-0.9741004551724206,19,36,0,0,True,1,3.6109179126442243,3.332204510175204,3.5263605246161616,3.713572066704308,3.4657359027997265,3.258096538021482,3.4011973816621555,3.713572066704308,10,0.5000000000000001,-0.8660254037844386,0,3.3545350844577833,3.318282016290013,3.445398301691149,0.19432490632073374,0.26747134554332813,0.21992518938395492,0,0,9,2025-12-19T16:25:10.911628,3.4366038
2017-10-16,16,0,1.0,0.0,289,0.25951179706979943,-0.965739937654855,17,43,0,0,False,1,3.6109179126442243,3.332204510175204,3.5263605246161616,3.713572066704308,3.4657359027997265,3.258096538021482,3.4011973816621555,3.713572066704308,10,0.5000000000000001,-0.8660254037844386,0,3.3545350844577833,3.318282016290013,3.445398301691149,0.19432490632073374,0.26747134554332813,0.21992518938395492,0,0,9,2025-12-19T16:25:11.602812,3.1059752
2017-10-17,17,1,0.6234898018587336,0.7818314824680298,290,0.27609697309746883,-0.9611297838723007,16,0,0,0,False,1,3.6109179126442243,3.332204510175204,3.5263605246161616,3.713572066704308,3.4657359027997265,3.258096538021482,3.4011973816621555,3.713572066704308,10,0.5000000000000001,-0.8660254037844386,0,3.3545350844577833,3.318282016290013,3.445398301691148,0.19432490632072533,0.26747134554333535,0.21992518938397895,0,0,9,2025-12-19T16:25:11.640577,3.2605035305023193
2017-10-18,18,2,-0.22252093395631434,0.9749279121818236,291,0.2926003356333479,-0.9562348265919058,15,7,0,0,False,1,3.6109179126442243,3.332204510175204,3.5263605246161616,3.713572066704308,3.4657359027997265,3.258096538021482,3.4011973816621555,3.713572066704308,10,0.5000000000000001,-0.8660254037844386,9,3.3545350844577833,3.318282016290013,3.445398301691149,0.19432490632073374,0.26747134554332813,0.21992518938395492,0,0,9,2025-12-19T16:25:12.486399,3.2608078
2017-10-19,19,3,-0.900968867902419,0.43388373911755823,292,0.30901699437494723,-0.9510565162951536,14,0,0,0,False,1,3.6109179126442243,3.332204510175204,3.5263605246161616,3.713572066704308,3.4657359027997265,3.258096538021482,3.4011973816621555,3.713572066704308,10,0.5000000000000001,-0.8660254037844386,0,3.3545350844577833,3.318282016290013,3.445398301691148,0.19432490632072533,0.26747134554333535,0.21992518938397895,0,0,9,2025-12-19T16:25:12.975705,3.3335702419281006
2017-10-20,20,4,-0.9009688679024191,-0.433883739117558,293,0.3253420847119795,-0.9455963874271428,13,21,0,0,False,1,3.6109179126442243,3.332204510175204,3.5263605246161616,3.713572066704308,3.4657359027997265,3.258096538021482,3.4011973816621555,3.713572066704308,10,0.5000000000000001,-0.8660254037844386,0,3.3545350844577833,3.318282016290013,3.445398301691149,0.19432490632073374,0.26747134554332813,0.21992518938395492,0,0,9,2025-12-19T16:25:13.040150,3.381985
2017-10-21,21,5,-0.2225209339563146,-0.9749279121818236,294,0.341570769167856,-0.9398560579418953,12,0,0,0,True,1,3.6109179126442243,3.332204510175204,3.5263605246161616,3.713572066704308,3.4657359027997265,3.258096538021482,3.4011973816621555,3.713572066704308,10,0.5000000000000001,-0.8660254037844386,0,3.3545350844577833,3.318282016290013,3.445398301691148,0.19432490632072533,0.26747134554333535,0.21992518938397895,0,0,9,2025-12-19T16:25:13.782447,3.45762300491333
2017-10-22,22,6,0.6234898018587334,-0.7818314824680299,295,0.35769823883312546,-0.9338372288229252,11,1,0,0,True,1,3.6109179126442243,3.332204510175204,3.5263605246161616,3.713572066704308,3.4657359027997265,3.258096538021482,3.4011973816621555,3.713572066704308,10,0.5000000000000001,-0.8660254037844386,15,3.3545350844577833,3.318282016290013,3.445398301691149,0.19432490632073374,0.26747134554332813,0.21992518938395492,0,0,9,2025-12-19T16:25:13.850122,3.5205364
2017-10-23,23,0,1.0,0.0,296,0.3737197147904692,-0.9275416835791965,10,0,0,0,False,1,3.6109179126442243,3.332204510175204,3.5263605246161616,3.713572066704308,3.4657359027997265,3.258096538021482,3.4011973816621555,3.713572066704308,10,0.5000000000000001,-0.8660254037844386,0,3.3545350844577833,3.318282016290013,3.445398301691148,0.19432490632072533,0.26747134554333535,0.21992518938397895,0,0,9,2025-12-19T16:25:14.608791,3.1244919300079346
2017-10-25,25,2,-0.22252093395631434,0.9749279121818236,298,0.4054257283599973,-0.9141279881853337,8,0,0,0,False,1,3.6109179126442243,3.332204510175204,3.5263605246161616,3.713572066704308,3.4657359027997265,3.258096538021482,3.4011973816621555,3.713572066704308,10,0.5000000000000001,-0.8660254037844386,0,3.3545350844577833,3.318282016290013,3.445398301691148,0.19432490632072533,0.26747134554333535,0.21992518938397895,0,0,9,2025-12-19T16:25:15.155380,3.2761244773864746
2017-10-24,24,1,0.6234898018587336,0.7818314824680298,297,0.38963044953078774,-0.9209712877166347,9,20,0,0,False,1,3.6109179126442243,3.332204510175204,3.5263605246161616,3.713572066704308,3.4657359027997265,3.258096538021482,3.4011973816621555,3.713572066704308,10,0.5000000000000001,-0.8660254037844386,0,3.3545350844577833,3.318282016290013,3.445398301691149,0.19432490632073374,0.26747134554332813,0.21992518938395492,0,0,9,2025-12-19T16:25:15.192584,3.278326
2017-10-26,26,3,-0.900968867902419,0.43388373911755823,299,0.42110087079608916,-0.9070138128026362,7,3,0,0,False,1,3.6109179126442243,3.332204510175204,3.5263605246161616,3.713572066704308,3.4657359027997265,3.258096538021482,3.4011973816621555,3.713572066704308,10,0.5000000000000001,-0.8660254037844386,13,3.3545350844577833,3.318282016290013,3.445398301691149,0.19432490632073374,0.26747134554332813,0.21992518938395492,0,0,9,2025-12-19T16:25:15.980118,3.3478463
2017-10-27,27,4,-0.9009688679024191,-0.433883739117558,300,0.4366512319560638,-0.8996308696522434,6,0,0,0,False,1,3.6109179126442243,3.332204510175204,3.5263605246161616,3.713572066704308,3.4657359027997265,3.258096538021482,3.4011973816621555,3.713572066704308,10,0.5000000000000001,-0.8660254037844386,0,3.3545350844577833,3.318282016290013,3.445398301691148,0.19432490632072533,0.26747134554333535,0.21992518938397895,0,0,9,2025-12-19T16:25:16.000115,3.3978466987609863
2017-10-28,28,5,-0.2225209339563146,-0.9749279121818236,301,0.45207220393230374,-0.8919813464595487,5,49,0,0,True,1,3.6109179126442243,3.332204510175204,3.5263605246161616,3.713572066704308,3.4657359027997265,3.258096538021482,3.4011973816621555,3.713572066704308,10,0.5000000000000001,-0.8660254037844386,0,3.3545350844577833,3.318282016290013,3.445398301691149,0.19432490632073374,0.26747134554332813,0.21992518938395492,0,0,9,2025-12-19T16:25:16.766433,3.465562
2017-10-29,29,6,0.6234898018587334,-0.7818314824680299,302,0.46735921715800205,-0.8840675099433637,4,0,0,0,True,1,3.6109179126442243,3.332204510175204,3.5263605246161616,3.713572066704308,3.4657359027997265,3.258096538021482,3.4011973816621555,3.713572066704308,10,0.5000000000000001,-0.8660254037844386,0,3.3545350844577833,3.318282016290013,3.445398301691148,0.19432490632072533,0.26747134554333535,0.21992518938397895,0,0,9,2025-12-19T16:25:17.255753,3.5314536094665527
2017-10-30,30,0,1.0,0.0,303,0.48250774176121763,-0.8758917051442433,3,42,0,0,False,1,3.6109179126442243,3.332204510175204,3.5263605246161616,3.713572066704308,3.4657359027997265,3.258096538021482,3.4011973816621555,3.713572066704308,10,0.5000000000000001,-0.8660254037844386,0,3.3545350844577833,3.318282016290013,3.445398301691149,0.19432490632073374,0.26747134554332813,0.21992518938395492,0,0,9,2025-12-19T16:25:17.317417,3.1386762
2017-10-31,31,1,0.6234898018587336,0.7818314824680298,304,0.4975132889071803,-0.8674563547295971,2,0,0,0,False,1,3.6109179126442243,3.332204510175204,3.5263605246161616,3.713572066704308,3.4657359027997265,3.258096538021482,3.4011973816621555,3.713572066704308,10,0.5000000000000001,-0.8660254037844386,0,3.3545350844577833,3.318282016290013,3.445398301691148,0.19432490632072533,0.26747134554333535,0.21992518938397895,0,0,9,2025-12-19T16:25:18.108454,3.2977659702301025
2017-11-01,1,2,-0.22252093395631434,0.9749279121818236,305,0.5123714121284235,-0.858763958275803,1,23,0,1,False,1,3.6109179126442243,3.332204510175204,3.5263605246161616,3.713572066704308,3.4657359027997265,3.258096538021482,3.4011973816621555,3.713572066704308,11,0.8660254037844384,-0.5000000000000004,0,3.3545350844577833,3.318282016290013,3.445398301691149,0.19432490632073374,0.26747134554332813,0.21992518938395492,0,0,9,2025-12-19T16:25:18.158110,3.372181
2017-11-02,2,3,-0.900968867902419,0.43388373911755823,306,0.5270777086423724,-0.8498170915275277,0,0,1,1,False,1,3.6109179126442243,3.332204510175204,3.5263605246161616,3.713572066704308,3.4657359027997265,3.258096538021482,3.4011973816621555,3.713572066704308,11,0.8660254037844384,-0.5000000000000004,0,3.3545350844577833,3.318282016290013,3.445398301691148,0.19432490632072533,0.26747134554333535,0.21992518938397895,0,0,9,2025-12-19T16:25:18.846358,3.4377503395080566
2017-11-03,3,4,-0.9009688679024191,-0.433883739117558,307,0.5416278206559811,-0.8406184056344783,12,22,0,1,False,1,3.6109179126442243,3.332204510175204,3.5263605246161616,3.713572066704308,3.4657359027997265,3.258096538021482,3.4011973816621555,3.713572066704308,11,0.8660254037844384,-0.5000000000000004,0,3.3545350844577833,3.318282016290013,3.445398301691149,0.19432490632073374,0.26747134554332813,0.21992518938395492,0,0,9,2025-12-19T16:25:19.368785,3.489719
2017-11-04,4,5,-0.2225209339563146,-0.9749279121818236,308,0.5560174366570446,-0.8311706263658079,11,0,0,1,True,1,3.6109179126442243,3.332204510175204,3.5263605246161616,3.713572066704308,3.4657359027997265,3.258096538021482,3.4011973816621555,3.713572066704308,11,0.8660254037844384,-0.5000000000000004,0,3.3545350844577833,3.318282016290013,3.445398301691148,0.19432490632072533,0.26747134554333535,0.21992518938397895,0,0,9,2025-12-19T16:25:19.414435,3.550664186477661
2017-11-06,6,0,1.0,0.0,310,0.5842981736283683,-0.8115390590073611,9,0,0,1,False,1,3.6109179126442243,3.332204510175204,3.5263605246161616,3.713572066704308,3.4657359027997265,3.258096538021482,3.4011973816621555,3.713572066704308,11,0.8660254037844384,-0.5000000000000004,0,3.3545350844577833,3.318282016290013,3.445398301691148,0.19432490632072533,0.26747134554333535,0.21992518938397895,0,0,9,2025-12-19T16:25:20.302307,3.201838970184326
2017-11-05,5,6,0.6234898018587334,-0.7818314824680299,309,0.5702422926917867,-0.8214765533024145,10,48,0,1,True,1,3.6109179126442243,3.332204510175204,3.5263605246161616,3.713572066704308,3.4657359027997265,3.258096538021482,3.4011973816621555,3.713572066704308,11,0.8660254037844384,-0.5000000000000004,0,3.3545350844577833,3.318282016290013,3.445398301691149,0.19432490632073374,0.26747134554332813,0.21992518938395492,0,0,9,2025-12-19T16:25:20.342941,3.6094415
2017-11-07,7,1,0.6234898018587336,0.7818314824680298,311,0.5981809144059158,-0.801361088174677,8,23,0,1,False,1,3.6109179126442243,3.332204510175204,3.5263605246161616,3.713572066704308,3.4657359027997265,3.258096538021482,3.4011973816621555,3.713572066704308,11,0.8660254037844384,-0.5000000000000004,0,3.3545350844577833,3.318282016290013,3.445398301691149,0.19432490632073374,0.26747134554332813,0.21992518938395492,0,0,9,2025-12-19T16:25:21.006847,3.3506966
2017-11-08,8,2,-0.22252093395631434,0.9749279121818236,312,0.6118864012687242,-0.7909456567567774,7,0,0,1,False,1,3.6109179126442243,3.332204510175204,3.5263605246161616,3.713572066704308,3.4657359027997265,3.258096538021482,3.4011973816621555,3.713572066704308,11,0.8660254037844384,-0.5000000000000004,0,3.3545350844577833,3.318282016290013,3.445398301691148,0.19432490632072533,0.26747134554333535,0.21992518938397895,0,0,9,2025-12-19T16:25:21.531024,3.3510661125183105
2017-11-09,9,3,-0.900968867902419,0.43388373911755823,313,0.6254105729852457,-0.780295851070776,6,4,0,1,False,1,3.6109179126442243,3.332204510175204,3.5263605246161616,3.713572066704308,3.4657359027997265,3.258096538021482,3.4011973816621555,3.713572066704308,11,0.8660254037844384,-0.5000000000000004,12,3.3545350844577833,3.318282016290013,3.445398301691149,0.19432490632073374,0.26747134554332813,0.21992518938395492,0,0,9,2025-12-19T16:25:21.580860,3.4187732
2017-11-10,10,4,-0.9009688679024191,-0.433883739117558,314,0.6387494220515268,-0.7694148268839381,5,0,0,1,False,1,3.6109179126442243,3.332204510175204,3.5263605246161616,3.713572066704308,3.4657359027997265,3.258096538021482,3.4011973816621555,3.713572066704308,11,0.8660254037844384,-0.5000000000000004,0,3.3545350844577833,3.318282016290013,3.445398301691148,0.19432490632072533,0.26747134554333535,0.21992518938397895,0,0,9,2025-12-19T16:25:22.382423,3.47452449798584
2017-11-11,11,5,-0.2225209339563146,-0.9749279121818236,315,0.6518989958787125,-0.7583058084785625,4,9,0,0,True,1,3.6109179126442243,3.332204510175204,3.5263605246161616,3.713572066704308,3.4657359027997265,3.258096538021482,3.4011973816621555,3.713572066704308,11,0.8660254037844384,-0.5000000000000004,7,3.3545350844577833,3.318282016290013,3.445398301691149,0.19432490632073374,0.26747134554332813,0.21992518938395492,0,0,9,2025-12-19T16:25:22.467366,3.5339487
2017-11-12,12,6,0.6234898018587334,-0.7818314824680299,316,0.6648553979642866,-0.7469720876965551,3,0,0,0,True,1,3.6109179126442243,3.332204510175204,3.5263605246161616,3.713572066704308,3.4657359027997265,3.258096538021482,3.4011973816621555,3.713572066704308,11,0.8660254037844384,-0.5000000000000004,0,3.3545350844577833,3.318282016290013,3.445398301691148,0.19432490632072533,0.26747134554333535,0.21992518938397895,0,0,9,2025-12-19T16:25:23.127161,3.597914457321167
2017-11-13,13,0,1.0,0.0,317,0.6776147890466887,-0.7354170229639858,2,38,0,0,False,1,3.6109179126442243,3.332204510175204,3.5263605246161616,3.713572066704308,3.4657359027997265,3.258096538021482,3.4011973816621555,3.713572066704308,11,0.8660254037844384,-0.5000000000000004,0,3.3545350844577833,3.318282016290013,3.445398301691149,0.19432490632073374,0.26747134554332813,0.21992518938395492,0,0,9,2025-12-19T16:25:23.664203,3.1963656
2017-11-14,14,1,0.6234898018587336,0.7818314824680298,318,0.690173388242972,-0.7236440382959124,1,0,0,0,False,1,3.6109179126442243,3.332204510175204,3.5263605246161616,3.713572066704308,3.4657359027997265,3.258096538021482,3.4011973816621555,3.713572066704308,11,0.8660254037844384,-0.5000000000000004,0,3.3545350844577833,3.318282016290013,3.445398301691148,0.19432490632072533,0.26747134554333535,0.21992518938397895,0,0,9,2025-12-19T16:25:23.699449,3.3510072231292725
2017-11-15,15,2,-0.22252093395631434,0.9749279121818236,319,0.7025274741691566,-0.711656622281775,0,47,1,0,False,1,3.6109179126442243,3.332204510175204,3.5263605246161616,3.713572066704308,3.4657359027997265,3.258096538021482,3.4011973816621555,3.713572066704308,11,0.8660254037844384,-0.5000000000000004,0,3.3545350844577833,3.318282016290013,3.445398301691149,0.19432490632073374,0.26747134554332813,0.21992518938395492,0,0,9,2025-12-19T16:25:24.493604,3.353892
2017-11-16,16,3,-0.900968867902419,0.43388373911755823,320,0.7146733860429608,-0.6994583270516471,39,0,0,0,False,1,3.6109179126442243,3.332204510175204,3.5263605246161616,3.713572066704308,3.4657359027997265,3.258096538021482,3.4011973816621555,3.713572066704308,11,0.8660254037844384,-0.5000000000000004,0,3.3545350844577833,3.318282016290013,3.445398301691148,0.19432490632072533,0.26747134554333535,0.21992518938397895,0,0,9,2025-12-19T16:25:24.597201,3.4198834896087646
2017-11-17,17,4,-0.9009688679024191,-0.433883739117558,321,0.7266075247685652,-0.6870527672236675,38,23,0,0,False,1,3.6109179126442243,3.332204510175204,3.5263605246161616,3.713572066704308,3.4657359027997265,3.258096538021482,3.4011973816621555,3.713572066704308,11,0.8660254037844384,-0.5000000000000004,0,3.3545350844577833,3.318282016290013,3.445398301691149,0.19432490632073374,0.26747134554332813,0.21992518938395492,0,0,9,2025-12-19T16:25:25.305187,3.4771054
2017-11-18,18,5,-0.2225209339563146,-0.9749279121818236,322,0.7383263540031063,-0.6744436188329457,37,0,0,0,True,1,3.6109179126442243,3.332204510175204,3.5263605246161616,3.713572066704308,3.4657359027997265,3.258096538021482,3.4011973816621555,3.713572066704308,11,0.8660254037844384,-0.5000000000000004,0,3.3545350844577833,3.318282016290013,3.445398301691148,0.19432490632072533,0.26747134554333535,0.21992518938397895,0,0,9,2025-12-19T16:25:25.801081,3.5403106212615967
2017-11-19,19,6,0.6234898018587334,-0.7818314824680299,323,0.749826401204568,-0.661634618242279,36,7,0,0,True,1,3.6109179126442243,3.332204510175204,3.5263605246161616,3.713572066704308,3.4657359027997265,3.258096538021482,3.4011973816621555,3.713572066704308,11,0.8660254037844384,-0.5000000000000004,9,3.3545350844577833,3.318282016290013,3.445398301691149,0.19432490632073374,0.26747134554332813,0.21992518938395492,0,0,9,2025-12-19T16:25:25.850077,3.6010585
2017-11-20,20,0,1.0,0.0,324,0.7611042586607742,-0.6486295610349818,35,0,0,0,False,1,3.6109179126442243,3.332204510175204,3.5263605246161616,3.713572066704308,3.4657359027997265,3.258096538021482,3.4011973816621555,3.713572066704308,11,0.8660254037844384,-0.5000000000000004,0,3.3545350844577833,3.318282016290013,3.445398301691148,0.19432490632072533,0.26747134554333535,0.21992518938397895,0,0,9,2025-12-19T16:25:26.629554,3.200603485107422
2017-11-21,21,1,0.6234898018587336,0.7818314824680298,325,0.7721565844991641,-0.6354323008901775,34,29,0,0,False,1,3.6109179126442243,3.332204510175204,3.5263605246161616,3.713572066704308,3.4657359027997265,3.258096538021482,3.4011973816621555,3.713572066704308,11,0.8660254037844384,-0.5000000000000004,0,3.3545350844577833,3.318282016290013,3.445398301691149,0.19432490632073374,0.26747134554332813,0.21992518938395492,0,0,9,2025-12-19T16:25:26.734743,3.3500712
2017-11-22,22,2,-0.22252093395631434,0.9749279121818236,326,0.7829801036770624,-0.622046748440868,33,0,0,0,False,1,3.6109179126442243,3.332204510175204,3.5263605246161616,3.713572066704308,3.4657359027997265,3.258096538021482,3.4011973816621555,3.713572066704308,11,0.8660254037844384,-0.5000000000000004,0,3.3545350844577833,3.318282016290013,3.445398301691148,0.19432490632072533,0.26747134554333535,0.21992518938397895,0,0,9,2025-12-19T16:25:27.437944,3.348928451538086
2017-11-24,24,4,-0.9009688679024191,-0.433883739117558,328,0.8039279618328208,-0.594726686960764,31,0,0,0,False,1,3.6109179126442243,3.332204510175204,3.5263605246161616,3.713572066704308,3.4657359027997265,3.258096538021482,3.4011973816621555,3.713572066704308,11,0.8660254037844384,-0.5000000000000004,0,3.3545350844577833,3.318282016290013,3.445398301691148,0.19432490632072533,0.26747134554333535,0.21992518938397895,0,0,9,2025-12-19T16:25:27.972060,3.4734556674957275
2017-11-23,23,3,-0.900968867902419,0.43388373911755823,327,0.7935716089521472,-0.6084768701151264,32,32,0,0,False,1,3.6109179126442243,3.332204510175204,3.5263605246161616,3.713572066704308,3.4657359027997265,3.258096538021482,3.4011973816621555,3.713572066704308,11,0.8660254037844384,-0.5000000000000004,0,3.3545350844577833,3.318282016290013,3.445398301691149,0.19432490632073374,0.26747134554332813,0.21992518938395492,0,0,9,2025-12-19T16:25:28.042345,3.419303
2017-11-25,25,5,-0.2225209339563146,-0.9749279121818236,329,0.8140460935082175,-0.5808002734538013,30,35,0,0,True,1,3.6109179126442243,3.332204510175204,3.5263605246161616,3.713572066704308,3.4657359027997265,3.258096538021482,3.4011973816621555,3.713572066704308,11,0.8660254037844384,-0.5000000000000004,0,3.3545350844577833,3.318282016290013,3.445398301691149,0.19432490632073374,0.26747134554332813,0.21992518938395492,0,0,9,2025-12-19T16:25:28.753252,3.5338778
2017-11-26,26,6,0.6234898018587334,-0.7818314824680299,330,0.8239230057575536,-0.5667017562911184,29,0,0,0,True,1,3.6109179126442243,3.332204510175204,3.5263605246161616,3.713572066704308,3.4657359027997265,3.258096538021482,3.4011973816621555,3.713572066704308,11,0.8660254037844384,-0.5000000000000004,0,3.3545350844577833,3.318282016290013,3.445398301691148,0.19432490632072533,0.26747134554333535,0.21992518938397895,0,0,9,2025-12-19T16:25:28.835635,3.5836126804351807
2017-11-27,27,0,1.0,0.0,331,0.8335557718385695,-0.5524353131676203,28,18,0,0,False,1,3.6109179126442243,3.332204510175204,3.5263605246161616,3.713572066704308,3.4657359027997265,3.258096538021482,3.4011973816621555,3.713572066704308,11,0.8660254037844384,-0.5000000000000004,0,3.3545350844577833,3.318282016290013,3.445398301691149,0.19432490632073374,0.26747134554332813,0.21992518938395492,0,0,9,2025-12-19T16:25:29.544767,3.189204
2017-11-28,28,1,0.6234898018587336,0.7818314824680298,332,0.8429415373547832,-0.5380051715382992,27,0,0,0,False,1,3.6109179126442243,3.332204510175204,3.5263605246161616,3.713572066704308,3.4657359027997265,3.258096538021482,3.4011973816621555,3.713572066704308,11,0.8660254037844384,-0.5000000000000004,0,3.3545350844577833,3.318282016290013,3.445398301691148,0.19432490632072533,0.26747134554333535,0.21992518938397895,0,0,9,2025-12-19T16:25:30.097236,3.342233419418335
2017-11-29,29,2,-0.22252093395631434,0.9749279121818236,333,0.8520775211013093,-0.5234156073655503,26,36,0,0,False,1,3.6109179126442243,3.332204510175204,3.5263605246161616,3.713572066704308,3.4657359027997265,3.258096538021482,3.4011973816621555,3.713572066704308,11,0.8660254037844384,-0.5000000000000004,0,3.3545350844577833,3.318282016290013,3.445398301691149,0.19432490632073374,0.26747134554332813,0.21992518938395492,0,0,9,2025-12-19T16:25:30.166487,3.3430786
2017-11-30,30,3,-0.900968867902419,0.43388373911755823,334,0.8609610158889945,-0.5086709438521042,25,0,0,0,False,1,3.6109179126442243,3.332204510175204,3.5263605246161616,3.713572066704308,3.4657359027997265,3.258096538021482,3.4011973816621555,3.713572066704308,11,0.8660254037844384,-0.5000000000000004,0,3.3545350844577833,3.318282016290013,3.445398301691148,0.19432490632072533,0.26747134554333535,0.21992518938397895,0,0,9,2025-12-19T16:25:30.850554,3.4158945083618164
2017-12-01,1,4,-0.9009688679024191,-0.433883739117558,335,0.8695893893466109,-0.49377555015997737,24,18,0,1,False,1,3.6109179126442243,3.332204510175204,3.5263605246161616,3.713572066704308,3.4657359027997265,3.258096538021482,3.4011973816621555,3.713572066704308,12,1.0,-2.4492935982947064e-16,0,3.3545350844577833,3.318282016290013,3.445398301691149,0.19432490632073374,0.26747134554332813,0.21992518938395492,0,0,9,2025-12-19T16:25:30.954139,3.1161022
2017-12-02,2,5,-0.2225209339563146,-0.9749279121818236,336,0.8779600847008883,-0.4787338401157883,23,0,0,1,True,1,3.6109179126442243,3.332204510175204,3.5263605246161616,3.713572066704308,3.4657359027997265,3.258096538021482,3.4011973816621555,3.713572066704308,12,1.0,-2.4492935982947064e-16,0,3.3545350844577833,3.318282016290013,3.445398301691148,0.19432490632072533,0.26747134554333535,0.21992518938397895,0,0,9,2025-12-19T16:25:31.663652,3.1699929237365723
2017-12-03,3,6,0.6234898018587334,-0.7818314824680299,337,0.8860706215341378,-0.4635502709028512,22,12,0,1,True,1,3.6109179126442243,3.332204510175204,3.5263605246161616,3.713572066704308,3.4657359027997265,3.258096538021482,3.4011973816621555,3.713572066704308,12,1.0,-2.4492935982947064e-16,4,3.3545350844577833,3.318282016290013,3.445398301691149,0.19432490632073374,0.26747134554332813,0.21992518938395492,0,0,9,2025-12-19T16:25:32.229396,3.2178185
2017-12-04,4,0,1.0,0.0,338,0.893918596519257,-0.4482293417404106,21,0,0,1,False,1,3.6109179126442243,3.332204510175204,3.5263605246161616,3.713572066704308,3.4657359027997265,3.258096538021482,3.4011973816621555,3.713572066704308,12,1.0,-2.4492935982947064e-16,0,3.3545350844577833,3.318282016290013,3.445398301691148,0.19432490632072533,0.26747134554333535,0.21992518938397895,0,0,9,2025-12-19T16:25:32.272791,2.929810047149658
2017-12-05,5,1,0.6234898018587336,0.7818314824680298,339,0.9015016841318838,-0.4327755925504317,20,1,0,1,False,1,3.6109179126442243,3.332204510175204,3.5263605246161616,3.713572066704308,3.4657359027997265,3.258096538021482,3.4011973816621555,3.713572066704308,12,1.0,-2.4492935982947064e-16,15,3.3545350844577833,3.318282016290013,3.445398301691149,0.19432490632073374,0.26747134554332813,0.21992518938395492,0,0,9,2025-12-19T16:25:33.010763,3.0604596
2017-12-06,6,2,-0.22252093395631434,0.9749279121818236,340,0.9088176373395028,-0.41719360261231697,19,0,0,1,False,1,3.6109179126442243,3.332204510175204,3.5263605246161616,3.713572066704308,3.4657359027997265,3.258096538021482,3.4011973816621555,3.713572066704308,12,1.0,-2.4492935982947064e-16,0,3.3545350844577833,3.318282016290013,3.445398301691148,0.19432490632072533,0.26747134554333535,0.21992518938397895,0,0,9,2025-12-19T16:25:33.065015,3.056088924407959
2017-12-07,7,3,-0.900968867902419,0.43388373911755823,341,0.9158642882672868,-0.4014879892059737,18,36,0,1,False,1,3.6109179126442243,3.332204510175204,3.5263605246161616,3.713572066704308,3.4657359027997265,3.258096538021482,3.4011973816621555,3.713572066704308,12,1.0,-2.4492935982947064e-16,0,3.3545350844577833,3.318282016290013,3.445398301691149,0.19432490632073374,0.26747134554332813,0.21992518938395492,0,0,9,2025-12-19T16:25:33.838990,3.1161675
2017-12-08,8,4,-0.9009688679024191,-0.433883739117558,342,0.9226395488404875,-0.38566340624360745,17,0,0,1,False,1,3.6109179126442243,3.332204510175204,3.5263605246161616,3.713572066704308,3.4657359027997265,3.258096538021482,3.4011973816621555,3.713572066704308,12,1.0,-2.4492935982947064e-16,0,3.3545350844577833,3.318282016290013,3.445398301691148,0.19432490632072533,0.26747134554333535,0.21992518938397895,0,0,9,2025-12-19T16:25:34.355419,3.1861929893493652
2017-12-09,9,5,-0.2225209339563146,-0.9749279121818236,343,0.9291414114031743,-0.3697245428906732,16,8,0,1,True,1,3.6109179126442243,3.332204510175204,3.5263605246161616,3.713572066704308,3.4657359027997265,3.258096538021482,3.4011973816621555,3.713572066704308,12,1.0,-2.4492935982947064e-16,8,3.3545350844577833,3.318282016290013,3.445398301691149,0.19432490632073374,0.26747134554332813,0.21992518938395492,0,0,9,2025-12-19T16:25:34.416209,3.2424798
2017-12-10,10,6,0.6234898018587334,-0.7818314824680299,344,0.935367949313148,-0.3536761221763721,15,0,0,1,True,1,3.6109179126442243,3.332204510175204,3.5263605246161616,3.713572066704308,3.4657359027997265,3.258096538021482,3.4011973816621555,3.713572066704308,12,1.0,-2.4492935982947064e-16,0,3.3545350844577833,3.318282016290013,3.445398301691148,0.19432490632072533,0.26747134554333535,0.21992518938397895,0,0,9,2025-12-19T16:25:35.134189,3.307056427001953
2017-12-11,11,0,1.0,0.0,345,0.941317317512847,-0.33752289959411347,14,1,0,0,False,1,3.6109179126442243,3.332204510175204,3.5263605246161616,3.713572066704308,3.4657359027997265,3.258096538021482,3.4011973816621555,3.713572066704308,12,1.0,-2.4492935982947064e-16,14,3.3545350844577833,3.318282016290013,3.445398301691149,0.19432490632073374,0.26747134554332813,0.21992518938395492,0,0,9,2025-12-19T16:25:35.184192,2.9590156
2017-12-12,12,1,0.6234898018587336,0.7818314824680298,346,0.9469877530760751,-0.32126966169236515,13,0,0,0,False,1,3.6109179126442243,3.332204510175204,3.5263605246161616,3.713572066704308,3.4657359027997265,3.258096538021482,3.4011973816621555,3.713572066704308,12,1.0,-2.4492935982947064e-16,0,3.3545350844577833,3.318282016290013,3.445398301691148,0.19432490632072533,0.26747134554333535,0.21992518938397895,0,0,9,2025-12-19T16:25:35.990797,3.0999679565429688
2017-12-13,13,2,-0.22252093395631434,0.9749279121818236,347,0.9523775757303973,-0.3049212246562894,12,43,0,0,False,1,3.6109179126442243,3.332204510175204,3.5263605246161616,3.713572066704308,3.4657359027997265,3.258096538021482,3.4011973816621555,3.713572066704308,12,1.0,-2.4492935982947064e-16,0,3.3545350844577833,3.318282016290013,3.445398301691149,0.19432490632073374,0.26747134554332813,0.21992518938395492,0,0,9,2025-12-19T16:25:36.462736,3.1003711
2017-12-14,14,3,-0.900968867902419,0.43388373911755823,348,0.9574851883550389,-0.2884824328806098,11,0,0,0,False,1,3.6109179126442243,3.332204510175204,3.5263605246161616,3.713572066704308,3.4657359027997265,3.258096538021482,3.4011973816621555,3.713572066704308,12,1.0,-2.4492935982947064e-16,0,3.3545350844577833,3.318282016290013,3.445398301691148,0.19432490632072533,0.26747134554333535,0.21992518938397895,0,0,9,2025-12-19T16:25:36.520762,3.1808736324310303
2017-12-15,15,4,-0.9009688679024191,-0.433883739117558,349,0.9623090774541487,-0.27195815753410524,10,22,0,0,False,1,3.6109179126442243,3.332204510175204,3.5263605246161616,3.713572066704308,3.4657359027997265,3.258096538021482,3.4011973816621555,3.713572066704308,12,1.0,-2.4492935982947064e-16,0,3.3545350844577833,3.318282016290013,3.445398301691149,0.19432490632073374,0.26747134554332813,0.21992518938395492,0,0,9,2025-12-19T16:25:37.314292,3.247593
2017-12-16,16,5,-0.2225209339563146,-0.9749279121818236,350,0.9668478136052773,-0.2553532951161881,9,0,0,0,True,1,3.6109179126442243,3.332204510175204,3.5263605246161616,3.713572066704308,3.4657359027997265,3.258096538021482,3.4011973816621555,3.713572066704308,12,1.0,-2.4492935982947064e-16,0,3.3545350844577833,3.318282016290013,3.445398301691148,0.19432490632072533,0.26747134554333535,0.21992518938397895,0,0,9,2025-12-19T16:25:37.310185,3.3086469173431396
2017-12-17,17,6,0.6234898018587334,-0.7818314824680299,351,0.9711000518829505,-0.23867276600594997,8,24,0,0,True,1,3.6109179126442243,3.332204510175204,3.5263605246161616,3.713572066704308,3.4657359027997265,3.258096538021482,3.4011973816621555,3.713572066704308,12,1.0,-2.4492935982947064e-16,0,3.3545350844577833,3.318282016290013,3.445398301691149,0.19432490632073374,0.26747134554332813,0.21992518938395492,0,0,9,2025-12-19T16:25:38.137713,3.3728306
2017-12-18,18,0,1.0,0.0,352,0.9750645322571945,-0.22192151300416674,7,0,0,0,False,1,3.6109179126442243,3.332204510175204,3.5263605246161616,3.713572066704308,3.4657359027997265,3.258096538021482,3.4011973816621555,3.713572066704308,12,1.0,-2.4492935982947064e-16,0,3.3545350844577833,3.318282016290013,3.445398301691148,0.19432490632072533,0.26747134554333535,0.21992518938397895,0,0,9,2025-12-19T16:25:38.542097,2.9878463745117188
2017-12-19,19,1,0.6234898018587336,0.7818314824680298,353,0.9787400799669153,-0.20510449986861926,6,45,0,0,False,1,3.6109179126442243,3.332204510175204,3.5263605246161616,3.713572066704308,3.4657359027997265,3.258096538021482,3.4011973816621555,3.713572066704308,12,1.0,-2.4492935982947064e-16,0,3.3545350844577833,3.318282016290013,3.445398301691149,0.19432490632073374,0.26747134554332813,0.21992518938395492,0,0,9,2025-12-19T16:25:38.640527,3.1165638
2017-12-20,20,2,-0.22252093395631434,0.9749279121818236,354,0.9821256058680006,-0.1882267098432439,5,0,0,0,False,1,3.6109179126442243,3.332204510175204,3.5263605246161616,3.713572066704308,3.4657359027997265,3.258096538021482,3.4011973816621555,3.713572066704308,12,1.0,-2.4492935982947064e-16,0,3.3545350844577833,3.318282016290013,3.445398301691148,0.19432490632072533,0.26747134554333535,0.21992518938397895,0,0,9,2025-12-19T16:25:39.413466,3.1177988052368164
2017-12-21,21,3,-0.900968867902419,0.43388373911755823,355,0.9852201067560606,-0.1712931441814778,4,46,0,0,False,1,3.6109179126442243,3.332204510175204,3.5263605246161616,3.713572066704308,3.4657359027997265,3.258096538021482,3.4011973816621555,3.713572066704308,12,1.0,-2.4492935982947064e-16,0,3.3545350844577833,3.318282016290013,3.445398301691149,0.19432490632073374,0.26747134554332813,0.21992518938395492,0,0,9,2025-12-19T16:25:39.478464,3.207276
2017-12-22,22,4,-0.9009688679024191,-0.433883739117558,356,0.9880226656636976,-0.154308820664281,3,0,0,0,False,1,3.6109179126442243,3.332204510175204,3.5263605246161616,3.713572066704308,3.4657359027997265,3.258096538021482,3.4011973816621555,3.713572066704308,12,1.0,-2.4492935982947064e-16,0,3.3545350844577833,3.318282016290013,3.445398301691148,0.19432490632072533,0.26747134554333535,0.21992518938397895,0,0,9,2025-12-19T16:25:40.287327,3.2849154472351074
2017-12-23,23,5,-0.2225209339563146,-0.9749279121818236,357,0.9905324521322227,-0.13727877211326517,2,0,0,0,True,1,3.6109179126442243,3.332204510175204,3.5263605246161616,3.713572066704308,3.4657359027997265,3.258096538021482,3.4011973816621555,3.713572066704308,12,1.0,-2.4492935982947064e-16,16,3.3545350844577833,3.318282016290013,3.445398301691149,0.19432490632073374,0.26747134554332813,0.21992518938395492,0,0,9,2025-12-19T16:25:40.719674,3.3343573
2017-12-24,24,6,0.6234898018587334,-0.7818314824680299,358,0.9927487224577402,-0.12020804489935275,1,0,0,0,True,1,3.6109179126442243,3.332204510175204,3.5263605246161616,3.713572066704308,3.4657359027997265,3.258096538021482,3.4011973816621555,3.713572066704308,12,1.0,-2.4492935982947064e-16,0,3.3545350844577833,3.318282016290013,3.445398301691148,0.19432490632072533,0.26747134554333535,0.21992518938397895,0,0,9,2025-12-19T16:25:40.762742,3.4146502017974854
2017-12-26,26,1,0.6234898018587336,0.7818314824680298,360,0.9962981749346077,-0.0859647987374467,6,0,0,0,False,1,3.6109179126442243,3.332204510175204,3.5263605246161616,3.713572066704308,3.4657359027997265,3.258096538021482,3.4011973816621555,3.713572066704308,12,1.0,-2.4492935982947064e-16,0,3.3545350844577833,3.318282016290013,3.445398301691148,0.19432490632072533,0.26747134554333535,0.21992518938397895,0,0,9,2025-12-19T16:25:41.606128,3.1660947799682617
2017-12-25,25,0,1.0,0.0,359,0.9946708199115211,-0.10310169744743544,0,11,1,0,False,1,3.6109179126442243,3.332204510175204,3.5263605246161616,3.713572066704308,3.4657359027997265,3.258096538021482,3.4011973816621555,3.713572066704308,12,1.0,-2.4492935982947064e-16,5,3.3545350844577833,3.318282016290013,3.445398301691149,0.19432490632073374,0.26747134554332813,0.21992518938395492,0,0,9,2025-12-19T16:25:41.630163,3.0446157
2017-12-27,27,2,-0.22252093395631434,0.9749279121818236,361,0.9976303053065857,-0.06880242680232064,5,15,0,0,False,1,3.6109179126442243,3.332204510175204,3.5263605246161616,3.713572066704308,3.4657359027997265,3.258096538021482,3.4011973816621555,3.713572066704308,12,1.0,-2.4492935982947064e-16,1,3.3545350844577833,3.318282016290013,3.445398301691149,0.19432490632073374,0.26747134554332813,0.21992518938395492,0,0,9,2025-12-19T16:25:42.445216,3.1666327
2017-12-28,28,3,-0.900968867902419,0.43388373911755823,362,0.9986668162884759,-0.05161966722325418,4,0,0,0,False,1,3.6109179126442243,3.332204510175204,3.5263605246161616,3.713572066704308,3.4657359027997265,3.258096538021482,3.4011973816621555,3.713572066704308,12,1.0,-2.4492935982947064e-16,0,3.3545350844577833,3.318282016290013,3.445398301691148,0.19432490632072533,0.26747134554333535,0.21992518938397895,0,0,9,2025-12-19T16:25:42.851536,3.2551937103271484
2017-12-29,29,4,-0.9009688679024191,-0.433883739117558,363,0.9994074007397048,-0.034421611622745804,3,41,0,0,False,1,3.6109179126442243,3.332204510175204,3.5263605246161616,3.713572066704308,3.4657359027997265,3.258096538021482,3.4011973816621555,3.713572066704308,12,1.0,-2.4492935982947064e-16,0,3.3545350844577833,3.318282016290013,3.445398301691149,0.19432490632073374,0.26747134554332813,0.21992518938395492,0,0,9,2025-12-19T16:25:42.903124,3.3254592
2017-12-30,30,5,-0.2225209339563146,-0.9749279121818236,364,0.9998518392091162,-0.01721335615583528,2,0,0,0,True,1,3.6109179126442243,3.332204510175204,3.5263605246161616,3.713572066704308,3.4657359027997265,3.258096538021482,3.4011973816621555,3.713572066704308,12,1.0,-2.4492935982947064e-16,0,3.3545350844577833,3.318282016290013,3.445398301691148,0.19432490632072533,0.26747134554333535,0.21992518938397895,0,0,9,2025-12-19T16:25:43.742315,3.3682403564453125
2017-12-31,31,6,0.6234898018587334,-0.7818314824680299,365,1.0,6.432490598706546e-16,1,45,0,0,True,1,3.6109179126442243,3.332204510175204,3.5263605246161616,3.713572066704308,3.4657359027997265,3.258096538021482,3.4011973816621555,3.713572066704308,12,1.0,-2.4492935982947064e-16,0,3.3545350844577833,3.318282016290013,3.445398301691149,0.19432490632073374,0.26747134554332813,0.21992518938395492,0,0,9,2025-12-19T16:25:43.787830,3.4119384
2017-10-01,1,6,0.6234898018587334,-0.7818314824680299,274,0.004303538296243821,-0.9999907397361901,11,0,0,1,True,1,3.4965075614664802,3.6888794541139363,3.1354942159291497,3.4965075614664802,3.871201010907891,2.995732273553991,3.367295829986474,3.713572066704308,10,0.5000000000000001,-0.8660254037844386,0,3.3620981759078394,3.216206145001685,3.4596917821452076,0.21399517885143343,0.17971832899121862,0.2363591618863998,0,0,10,2025-12-19T16:25:44.573381,3.511888265609741
2017-10-02,2,0,1.0,0.0,275,0.021516097436222233,-0.9997685019798909,10,48,0,1,False,1,3.4965075614664802,3.6888794541139363,3.1354942159291497,3.4965075614664802,3.871201010907891,2.995732273553991,3.367295829986474,3.713572066704308,10,0.5000000000000001,-0.8660254037844386,0,3.362098175907839,3.2162061450016846,3.459691782145208,0.2139951788514289,0.17971832899122284,0.2363591618863994,0,0,10,2025-12-19T16:25:44.990140,3.111729
2017-10-03,3,1,0.6234898018587336,0.7818314824680298,276,0.03872228089217399,-0.9992500112396835,9,0,0,1,False,1,3.4965075614664802,3.6888794541139363,3.1354942159291497,3.4965075614664802,3.871201010907891,2.995732273553991,3.367295829986474,3.713572066704308,10,0.5000000000000001,-0.8660254037844386,0,3.3620981759078394,3.216206145001685,3.4596917821452076,0.21399517885143343,0.17971832899121862,0.2363591618863998,0,0,10,2025-12-19T16:25:45.028669,3.2665233612060547
2017-10-04,4,2,-0.22252093395631434,0.9749279121818236,277,0.05591699010060302,-0.9984354211555643,8,17,0,1,False,1,3.4965075614664802,3.6888794541139363,3.1354942159291497,3.4965075614664802,3.871201010907891,2.995732273553991,3.367295829986474,3.713572066704308,10,0.5000000000000001,-0.8660254037844386,0,3.362098175907839,3.2162061450016846,3.459691782145208,0.2139951788514289,0.17971832899122284,0.2363591618863994,0,0,10,2025-12-19T16:25:45.879372,3.2603853
2017-10-05,5,3,-0.900968867902419,0.43388373911755823,278,0.07309512989807776,-0.9973249731081555,7,0,0,1,False,1,3.4965075614664802,3.6888794541139363,3.1354942159291497,3.4965075614664802,3.871201010907891,2.995732273553991,3.367295829986474,3.713572066704308,10,0.5000000000000001,-0.8660254037844386,0,3.3620981759078394,3.216206145001685,3.4596917821452076,0.21399517885143343,0.17971832899121862,0.2363591618863998,0,0,10,2025-12-19T16:25:45.912372,3.351318836212158
2017-10-06,6,4,-0.9009688679024191,-0.433883739117558,279,0.0902516100310407,-0.9959189961471792,6,43,0,1,False,1,3.4965075614664802,3.6888794541139363,3.1354942159291497,3.4965075614664802,3.871201010907891,2.995732273553991,3.367295829986474,3.713572066704308,10,0.5000000000000001,-0.8660254037844386,0,3.362098175907839,3.2162061450016846,3.459691782145208,0.2139951788514289,0.17971832899122284,0.2363591618863994,0,0,10,2025-12-19T16:25:46.750979,3.3957005
2017-10-07,7,5,-0.2225209339563146,-0.9749279121818236,280,0.10738134666416306,-0.994217906893952,5,0,0,1,True,1,3.4965075614664802,3.6888794541139363,3.1354942159291497,3.4965075614664802,3.871201010907891,2.995732273553991,3.367295829986474,3.713572066704308,10,0.5000000000000001,-0.8660254037844386,0,3.3620981759078394,3.216206145001685,3.4596917821452076,0.21399517885143343,0.17971832899121862,0.2363591618863998,0,0,10,2025-12-19T16:25:47.152438,3.4511611461639404
2017-10-08,8,6,0.6234898018587334,-0.7818314824680299,281,0.12447926388678869,-0.9922222094179324,4,43,0,1,True,1,3.4965075614664802,3.6888794541139363,3.1354942159291497,3.4965075614664802,3.871201010907891,2.995732273553991,3.367295829986474,3.713572066704308,10,0.5000000000000001,-0.8660254037844386,0,3.362098175907839,3.2162061450016846,3.459691782145208,0.2139951788514289,0.17971832899122284,0.2363591618863994,0,0,10,2025-12-19T16:25:47.194466,3.5305605
2017-10-09,9,0,1.0,0.0,282,0.141540295217043,-0.989932495087353,3,0,0,1,False,1,3.4965075614664802,3.6888794541139363,3.1354942159291497,3.4965075614664802,3.871201010907891,2.995732273553991,3.367295829986474,3.713572066704308,10,0.5000000000000001,-0.8660254037844386,0,3.3620981759078394,3.216206145001685,3.4596917821452076,0.21399517885143343,0.17971832899121862,0.2363591618863998,0,0,10,2025-12-19T16:25:48.024798,3.1151394844055176
2017-10-10,10,1,0.6234898018587336,0.7818314824680298,283,0.15855938510313475,-0.9873494423939864,2,3,0,1,False,1,3.4965075614664802,3.6888794541139363,3.1354942159291497,3.4965075614664802,3.871201010907891,2.995732273553991,3.367295829986474,3.713572066704308,10,0.5000000000000001,-0.8660254037844386,13,3.362098175907839,3.2162061450016846,3.459691782145208,0.2139951788514289,0.17971832899122284,0.2363591618863994,0,0,10,2025-12-19T16:25:48.074805,3.2720878
2017-10-11,11,2,-0.22252093395631434,0.9749279121818236,284,0.17553149042142777,-0.9844738167520923,1,0,0,0,False,1,3.4965075614664802,3.6888794541139363,3.1354942159291497,3.4965075614664802,3.871201010907891,2.995732273553991,3.367295829986474,3.713572066704308,10,0.5000000000000001,-0.8660254037844386,0,3.3620981759078394,3.216206145001685,3.4596917821452076,0.21399517885143343,0.17971832899121862,0.2363591618863998,0,0,10,2025-12-19T16:25:48.845229,3.265402317047119
2017-10-12,12,3,-0.900968867902419,0.43388373911755823,285,0.19245158197082995,-0.9813064702716093,0,42,1,0,False,1,3.4965075614664802,3.6888794541139363,3.1354942159291497,3.4965075614664802,3.871201010907891,2.995732273553991,3.367295829986474,3.713572066704308,10,0.5000000000000001,-0.8660254037844386,0,3.362098175907839,3.2162061450016846,3.459691782145208,0.2139951788514289,0.17971832899122284,0.2363591618863994,0,0,10,2025-12-19T16:25:49.245498,3.351014
2017-10-13,13,4,-0.9009688679024191,-0.433883739117558,286,0.20931464596304888,-0.9778483415056567,20,0,0,0,False,1,3.4965075614664802,3.6888794541139363,3.1354942159291497,3.4965075614664802,3.871201010907891,2.995732273553991,3.367295829986474,3.713572066704308,10,0.5000000000000001,-0.8660254037844386,0,3.3620981759078394,3.216206145001685,3.4596917821452076,0.21399517885143343,0.17971832899121862,0.2363591618863998,0,0,10,2025-12-19T16:25:49.291502,3.413325786590576
2017-10-15,15,6,0.6234898018587334,-0.7818314824680299,288,0.2428497220959358,-0.970063921851507,18,0,0,0,True,1,3.4965075614664802,3.6888794541139363,3.1354942159291497,3.4965075614664802,3.871201010907891,2.995732273553991,3.367295829986474,3.713572066704308,10,0.5000000000000001,-0.8660254037844386,0,3.3620981759078394,3.216206145001685,3.4596917821452076,0.21399517885143343,0.17971832899121862,0.2363591618863998,0,0,10,2025-12-19T16:25:50.162735,3.540681838989258
2017-10-14,14,5,-0.2225209339563146,-0.9749279121818236,287,0.22611568550828803,-0.9741004551724206,19,10,0,0,True,1,3.4965075614664802,3.6888794541139363,3.1354942159291497,3.4965075614664802,3.871201010907891,2.995732273553991,3.367295829986474,3.713572066704308,10,0.5000000000000001,-0.8660254037844386,6,3.362098175907839,3.2162061450016846,3.459691782145208,0.2139951788514289,0.17971832899122284,0.2363591618863994,0,0,10,2025-12-19T16:25:50.200051,3.4688196
2017-10-16,16,0,1.0,0.0,289,0.25951179706979943,-0.965739937654855,17,39,0,0,False,1,3.4965075614664802,3.6888794541139363,3.1354942159291497,3.4965075614664802,3.871201010907891,2.995732273553991,3.367295829986474,3.713572066704308,10,0.5000000000000001,-0.8660254037844386,0,3.362098175907839,3.2162061450016846,3.459691782145208,0.2139951788514289,0.17971832899122284,0.2363591618863994,0,0,10,2025-12-19T16:25:50.981375,3.1347077
2017-10-17,17,1,0.6234898018587336,0.7818314824680298,290,0.27609697309746883,-0.9611297838723007,16,0,0,0,False,1,3.4965075614664802,3.6888794541139363,3.1354942159291497,3.4965075614664802,3.871201010907891,2.995732273553991,3.367295829986474,3.713572066704308,10,0.5000000000000001,-0.8660254037844386,0,3.3620981759078394,3.216206145001685,3.4596917821452076,0.21399517885143343,0.17971832899121862,0.2363591618863998,0,0,10,2025-12-19T16:25:51.363627,3.2972359657287598
2017-10-18,18,2,-0.22252093395631434,0.9749279121818236,291,0.2926003356333479,-0.9562348265919058,15,27,0,0,False,1,3.4965075614664802,3.6888794541139363,3.1354942159291497,3.4965075614664802,3.871201010907891,2.995732273553991,3.367295829986474,3.713572066704308,10,0.5000000000000001,-0.8660254037844386,0,3.362098175907839,3.2162061450016846,3.459691782145208,0.2139951788514289,0.17971832899122284,0.2363591618863994,0,0,10,2025-12-19T16:25:51.421916,3.2955425
2017-10-19,19,3,-0.900968867902419,0.43388373911755823,292,0.30901699437494723,-0.9510565162951536,14,0,0,0,False,1,3.4965075614664802,3.6888794541139363,3.1354942159291497,3.4965075614664802,3.871201010907891,2.995732273553991,3.367295829986474,3.713572066704308,10,0.5000000000000001,-0.8660254037844386,0,3.3620981759078394,3.216206145001685,3.4596917821452076,0.21399517885143343,0.17971832899121862,0.2363591618863998,0,0,10,2025-12-19T16:25:52.339290,3.3810441493988037
2017-10-20,20,4,-0.9009688679024191,-0.433883739117558,293,0.3253420847119795,-0.9455963874271428,13,49,0,0,False,1,3.4965075614664802,3.6888794541139363,3.1354942159291497,3.4965075614664802,3.871201010907891,2.995732273553991,3.367295829986474,3.713572066704308,10,0.5000000000000001,-0.8660254037844386,0,3.362098175907839,3.2162061450016846,3.459691782145208,0.2139951788514289,0.17971832899122284,0.2363591618863994,0,0,10,2025-12-19T16:25:52.387261,3.4320712
2017-10-21,21,5,-0.2225209339563146,-0.9749279121818236,294,0.341570769167856,-0.9398560579418953,12,0,0,0,True,1,3.4965075614664802,3.6888794541139363,3.1354942159291497,3.4965075614664802,3.871201010907891,2.995732273553991,3.367295829986474,3.713572066704308,10,0.5000000000000001,-0.8660254037844386,0,3.3620981759078394,3.216206145001685,3.4596917821452076,0.21399517885143343,0.17971832899121862,0.2363591618863998,0,0,10,2025-12-19T16:25:53.048284,3.4937634468078613
2017-10-22,22,6,0.6234898018587334,-0.7818314824680299,295,0.35769823883312546,-0.9338372288229252,11,18,0,0,True,1,3.4965075614664802,3.6888794541139363,3.1354942159291497,3.4965075614664802,3.871201010907891,2.995732273553991,3.367295829986474,3.713572066704308,10,0.5000000000000001,-0.8660254037844386,0,3.362098175907839,3.2162061450016846,3.459691782145208,0.2139951788514289,0.17971832899122284,0.2363591618863994,0,0,10,2025-12-19T16:25:53.454231,3.5561762
2017-10-23,23,0,1.0,0.0,296,0.3737197147904692,-0.9275416835791965,10,0,0,0,False,1,3.4965075614664802,3.6888794541139363,3.1354942159291497,3.4965075614664802,3.871201010907891,2.995732273553991,3.367295829986474,3.713572066704308,10,0.5000000000000001,-0.8660254037844386,0,3.3620981759078394,3.216206145001685,3.4596917821452076,0.21399517885143343,0.17971832899121862,0.2363591618863998,0,0,10,2025-12-19T16:25:53.567200,3.1478843688964844
2017-10-25,25,2,-0.22252093395631434,0.9749279121818236,298,0.4054257283599973,-0.9141279881853337,8,0,0,0,False,1,3.4965075614664802,3.6888794541139363,3.1354942159291497,3.4965075614664802,3.871201010907891,2.995732273553991,3.367295829986474,3.713572066704308,10,0.5000000000000001,-0.8660254037844386,0,3.3620981759078394,3.216206145001685,3.4596917821452076,0.21399517885143343,0.17971832899121862,0.2363591618863998,0,0,10,2025-12-19T16:25:54.474708,3.3108227252960205
2017-10-24,24,1,0.6234898018587336,0.7818314824680298,297,0.38963044953078774,-0.9209712877166347,9,36,0,0,False,1,3.4965075614664802,3.6888794541139363,3.1354942159291497,3.4965075614664802,3.871201010907891,2.995732273553991,3.367295829986474,3.713572066704308,10,0.5000000000000001,-0.8660254037844386,0,3.362098175907839,3.2162061450016846,3.459691782145208,0.2139951788514289,0.17971832899122284,0.2363591618863994,0,0,10,2025-12-19T16:25:54.493710,3.3127623
2017-10-26,26,3,-0.900968867902419,0.43388373911755823,299,0.42110087079608916,-0.9070138128026362,7,38,0,0,False,1,3.4965075614664802,3.6888794541139363,3.1354942159291497,3.4965075614664802,3.871201010907891,2.995732273553991,3.367295829986474,3.713572066704308,10,0.5000000000000001,-0.8660254037844386,0,3.362098175907839,3.2162061450016846,3.459691782145208,0.2139951788514289,0.17971832899122284,0.2363591618863994,0,0,10,2025-12-19T16:25:55.170442,3.3920598
2017-10-27,27,4,-0.9009688679024191,-0.433883739117558,300,0.4366512319560638,-0.8996308696522434,6,0,0,0,False,1,3.4965075614664802,3.6888794541139363,3.1354942159291497,3.4965075614664802,3.871201010907891,2.995732273553991,3.367295829986474,3.713572066704308,10,0.5000000000000001,-0.8660254037844386,0,3.3620981759078394,3.216206145001685,3.4596917821452076,0.21399517885143343,0.17971832899121862,0.2363591618863998,0,0,10,2025-12-19T16:25:55.550642,3.4453799724578857
2017-10-28,28,5,-0.2225209339563146,-0.9749279121818236,301,0.45207220393230374,-0.8919813464595487,5,37,0,0,True,1,3.4965075614664802,3.6888794541139363,3.1354942159291497,3.4965075614664802,3.871201010907891,2.995732273553991,3.367295829986474,3.713572066704308,10,0.5000000000000001,-0.8660254037844386,0,3.362098175907839,3.2162061450016846,3.459691782145208,0.2139951788514289,0.17971832899122284,0.2363591618863994,0,0,10,2025-12-19T16:25:55.693181,3.5010195
2017-10-29,29,6,0.6234898018587334,-0.7818314824680299,302,0.46735921715800205,-0.8840675099433637,4,0,0,0,True,1,3.4965075614664802,3.6888794541139363,3.1354942159291497,3.4965075614664802,3.871201010907891,2.995732273553991,3.367295829986474,3.713572066704308,10,0.5000000000000001,-0.8660254037844386,0,3.3620981759078394,3.216206145001685,3.4596917821452076,0.21399517885143343,0.17971832899121862,0.2363591618863998,0,0,10,2025-12-19T16:25:56.605701,3.5695950984954834
2017-10-30,30,0,1.0,0.0,303,0.48250774176121763,-0.8758917051442433,3,12,0,0,False,1,3.4965075614664802,3.6888794541139363,3.1354942159291497,3.4965075614664802,3.871201010907891,2.995732273553991,3.367295829986474,3.713572066704308,10,0.5000000000000001,-0.8660254037844386,4,3.362098175907839,3.2162061450016846,3.459691782145208,0.2139951788514289,0.17971832899122284,0.2363591618863994,0,0,10,2025-12-19T16:25:56.664703,3.165001
2017-10-31,31,1,0.6234898018587336,0.7818314824680298,304,0.4975132889071803,-0.8674563547295971,2,0,0,0,False,1,3.4965075614664802,3.6888794541139363,3.1354942159291497,3.4965075614664802,3.871201010907891,2.995732273553991,3.367295829986474,3.713572066704308,10,0.5000000000000001,-0.8660254037844386,0,3.3620981759078394,3.216206145001685,3.4596917821452076,0.21399517885143343,0.17971832899121862,0.2363591618863998,0,0,10,2025-12-19T16:25:57.255041,3.335202217102051
2017-11-01,1,2,-0.22252093395631434,0.9749279121818236,305,0.5123714121284235,-0.858763958275803,1,43,0,1,False,1,3.4965075614664802,3.6888794541139363,3.1354942159291497,3.4965075614664802,3.871201010907891,2.995732273553991,3.367295829986474,3.713572066704308,11,0.8660254037844384,-0.5000000000000004,0,3.362098175907839,3.2162061450016846,3.459691782145208,0.2139951788514289,0.17971832899122284,0.2363591618863994,0,0,10,2025-12-19T16:25:57.682339,3.3995478
2017-11-02,2,3,-0.900968867902419,0.43388373911755823,306,0.5270777086423724,-0.8498170915275277,0,0,1,1,False,1,3.4965075614664802,3.6888794541139363,3.1354942159291497,3.4965075614664802,3.871201010907891,2.995732273553991,3.367295829986474,3.713572066704308,11,0.8660254037844384,-0.5000000000000004,0,3.3620981759078394,3.216206145001685,3.4596917821452076,0.21399517885143343,0.17971832899121862,0.2363591618863998,0,0,10,2025-12-19T16:25:57.783897,3.4714460372924805
2017-11-04,4,5,-0.2225209339563146,-0.9749279121818236,308,0.5560174366570446,-0.8311706263658079,11,0,0,1,True,1,3.4965075614664802,3.6888794541139363,3.1354942159291497,3.4965075614664802,3.871201010907891,2.995732273553991,3.367295829986474,3.713572066704308,11,0.8660254037844384,-0.5000000000000004,0,3.3620981759078394,3.216206145001685,3.4596917821452076,0.21399517885143343,0.17971832899121862,0.2363591618863998,0,0,10,2025-12-19T16:25:58.783002,3.5740818977355957
2017-11-03,3,4,-0.9009688679024191,-0.433883739117558,307,0.5416278206559811,-0.8406184056344783,12,4,0,1,False,1,3.4965075614664802,3.6888794541139363,3.1354942159291497,3.4965075614664802,3.871201010907891,2.995732273553991,3.367295829986474,3.713572066704308,11,0.8660254037844384,-0.5000000000000004,12,3.362098175907839,3.2162061450016846,3.459691782145208,0.2139951788514289,0.17971832899122284,0.2363591618863994,0,0,10,2025-12-19T16:25:58.828013,3.5216515
2017-11-05,5,6,0.6234898018587334,-0.7818314824680299,309,0.5702422926917867,-0.8214765533024145,10,38,0,1,True,1,3.4965075614664802,3.6888794541139363,3.1354942159291497,3.4965075614664802,3.871201010907891,2.995732273553991,3.367295829986474,3.713572066704308,11,0.8660254037844384,-0.5000000000000004,0,3.362098175907839,3.2162061450016846,3.459691782145208,0.2139951788514289,0.17971832899122284,0.2363591618863994,0,0,10,2025-12-19T16:25:59.413583,3.6384788
2017-11-06,6,0,1.0,0.0,310,0.5842981736283683,-0.8115390590073611,9,0,0,1,False,1,3.4965075614664802,3.6888794541139363,3.1354942159291497,3.4965075614664802,3.871201010907891,2.995732273553991,3.367295829986474,3.713572066704308,11,0.8660254037844384,-0.5000000000000004,0,3.3620981759078394,3.216206145001685,3.4596917821452076,0.21399517885143343,0.17971832899121862,0.2363591618863998,0,0,10,2025-12-19T16:25:59.795143,3.219647169113159
2017-11-07,7,1,0.6234898018587336,0.7818314824680298,311,0.5981809144059158,-0.801361088174677,8,12,0,1,False,1,3.4965075614664802,3.6888794541139363,3.1354942159291497,3.4965075614664802,3.871201010907891,2.995732273553991,3.367295829986474,3.713572066704308,11,0.8660254037844384,-0.5000000000000004,4,3.362098175907839,3.2162061450016846,3.459691782145208,0.2139951788514289,0.17971832899122284,0.2363591618863994,0,0,10,2025-12-19T16:25:59.951651,3.3775978
2017-11-08,8,2,-0.22252093395631434,0.9749279121818236,312,0.6118864012687242,-0.7909456567567774,7,0,0,1,False,1,3.4965075614664802,3.6888794541139363,3.1354942159291497,3.4965075614664802,3.871201010907891,2.995732273553991,3.367295829986474,3.713572066704308,11,0.8660254037844384,-0.5000000000000004,0,3.3620981759078394,3.216206145001685,3.4596917821452076,0.21399517885143343,0.17971832899121862,0.2363591618863998,0,0,10,2025-12-19T16:26:00.972838,3.377401351928711
2017-11-09,9,3,-0.900968867902419,0.43388373911755823,313,0.6254105729852457,-0.780295851070776,6,28,0,1,False,1,3.4965075614664802,3.6888794541139363,3.1354942159291497,3.4965075614664802,3.871201010907891,2.995732273553991,3.367295829986474,3.713572066704308,11,0.8660254037844384,-0.5000000000000004,0,3.362098175907839,3.2162061450016846,3.459691782145208,0.2139951788514289,0.17971832899122284,0.2363591618863994,0,0,10,2025-12-19T16:26:01.020144,3.453441
2017-11-10,10,4,-0.9009688679024191,-0.433883739117558,314,0.6387494220515268,-0.7694148268839381,5,0,0,1,False,1,3.4965075614664802,3.6888794541139363,3.1354942159291497,3.4965075614664802,3.871201010907891,2.995732273553991,3.367295829986474,3.713572066704308,11,0.8660254037844384,-0.5000000000000004,0,3.3620981759078394,3.216206145001685,3.4596917821452076,0.21399517885143343,0.17971832899121862,0.2363591618863998,0,0,10,2025-12-19T16:26:01.496166,3.5038459300994873
2017-11-11,11,5,-0.2225209339563146,-0.9749279121818236,315,0.6518989958787125,-0.7583058084785625,4,34,0,0,True,1,3.4965075614664802,3.6888794541139363,3.1354942159291497,3.4965075614664802,3.871201010907891,2.995732273553991,3.367295829986474,3.713572066704308,11,0.8660254037844384,-0.5000000000000004,0,3.362098175907839,3.2162061450016846,3.459691782145208,0.2139951788514289,0.17971832899122284,0.2363591618863994,0,0,10,2025-12-19T16:26:01.918361,3.5565135
2017-11-12,12,6,0.6234898018587334,-0.7818314824680299,316,0.6648553979642866,-0.7469720876965551,3,0,0,0,True,1,3.4965075614664802,3.6888794541139363,3.1354942159291497,3.4965075614664802,3.871201010907891,2.995732273553991,3.367295829986474,3.713572066704308,11,0.8660254037844384,-0.5000000000000004,0,3.3620981759078394,3.216206145001685,3.4596917821452076,0.21399517885143343,0.17971832899121862,0.2363591618863998,0,0,10,2025-12-19T16:26:02.046958,3.6231305599212646
2017-11-13,13,0,1.0,0.0,317,0.6776147890466887,-0.7354170229639858,2,20,0,0,False,1,3.4965075614664802,3.6888794541139363,3.1354942159291497,3.4965075614664802,3.871201010907891,2.995732273553991,3.367295829986474,3.713572066704308,11,0.8660254037844384,-0.5000000000000004,0,3.362098175907839,3.2162061450016846,3.459691782145208,0.2139951788514289,0.17971832899122284,0.2363591618863994,0,0,10,2025-12-19T16:26:03.111045,3.2125826
2017-11-14,14,1,0.6234898018587336,0.7818314824680298,318,0.690173388242972,-0.7236440382959124,1,0,0,0,False,1,3.4965075614664802,3.6888794541139363,3.1354942159291497,3.4965075614664802,3.871201010907891,2.995732273553991,3.367295829986474,3.713572066704308,11,0.8660254037844384,-0.5000000000000004,0,3.3620981759078394,3.216206145001685,3.4596917821452076,0.21399517885143343,0.17971832899121862,0.2363591618863998,0,0,10,2025-12-19T16:26:03.153309,3.3735592365264893
2017-11-15,15,2,-0.22252093395631434,0.9749279121818236,319,0.7025274741691566,-0.711656622281775,0,41,1,0,False,1,3.4965075614664802,3.6888794541139363,3.1354942159291497,3.4965075614664802,3.871201010907891,2.995732273553991,3.367295829986474,3.713572066704308,11,0.8660254037844384,-0.5000000000000004,0,3.362098175907839,3.2162061450016846,3.459691782145208,0.2139951788514289,0.17971832899122284,0.2363591618863994,0,0,10,2025-12-19T16:26:03.645945,3.3711038
2017-11-16,16,3,-0.900968867902419,0.43388373911755823,320,0.7146733860429608,-0.6994583270516471,39,0,0,0,False,1,3.4965075614664802,3.6888794541139363,3.1354942159291497,3.4965075614664802,3.871201010907891,2.995732273553991,3.367295829986474,3.713572066704308,11,0.8660254037844384,-0.5000000000000004,0,3.3620981759078394,3.216206145001685,3.4596917821452076,0.21399517885143343,0.17971832899121862,0.2363591618863998,0,0,10,2025-12-19T16:26:04.023925,3.453268051147461
2017-11-17,17,4,-0.9009688679024191,-0.433883739117558,321,0.7266075247685652,-0.6870527672236675,38,40,0,0,False,1,3.4965075614664802,3.6888794541139363,3.1354942159291497,3.4965075614664802,3.871201010907891,2.995732273553991,3.367295829986474,3.713572066704308,11,0.8660254037844384,-0.5000000000000004,0,3.362098175907839,3.2162061450016846,3.459691782145208,0.2139951788514289,0.17971832899122284,0.2363591618863994,0,0,10,2025-12-19T16:26:04.181127,3.505861
2017-11-18,18,5,-0.2225209339563146,-0.9749279121818236,322,0.7383263540031063,-0.6744436188329457,37,0,0,0,True,1,3.4965075614664802,3.6888794541139363,3.1354942159291497,3.4965075614664802,3.871201010907891,2.995732273553991,3.367295829986474,3.713572066704308,11,0.8660254037844384,-0.5000000000000004,0,3.3620981759078394,3.216206145001685,3.4596917821452076,0.21399517885143343,0.17971832899121862,0.2363591618863998,0,0,10,2025-12-19T16:26:05.243109,3.5585525035858154
2017-11-19,19,6,0.6234898018587334,-0.7818314824680299,323,0.749826401204568,-0.661634618242279,36,17,0,0,True,1,3.4965075614664802,3.6888794541139363,3.1354942159291497,3.4965075614664802,3.871201010907891,2.995732273553991,3.367295829986474,3.713572066704308,11,0.8660254037844384,-0.5000000000000004,0,3.362098175907839,3.2162061450016846,3.459691782145208,0.2139951788514289,0.17971832899122284,0.2363591618863994,0,0,10,2025-12-19T16:26:05.304489,3.6219873
2017-11-20,20,0,1.0,0.0,324,0.7611042586607742,-0.6486295610349818,35,0,0,0,False,1,3.4965075614664802,3.6888794541139363,3.1354942159291497,3.4965075614664802,3.871201010907891,2.995732273553991,3.367295829986474,3.713572066704308,11,0.8660254037844384,-0.5000000000000004,0,3.3620981759078394,3.216206145001685,3.4596917821452076,0.21399517885143343,0.17971832899121862,0.2363591618863998,0,0,10,2025-12-19T16:26:05.781119,3.2121856212615967
2017-11-21,21,1,0.6234898018587336,0.7818314824680298,325,0.7721565844991641,-0.6354323008901775,34,22,0,0,False,1,3.4965075614664802,3.6888794541139363,3.1354942159291497,3.4965075614664802,3.871201010907891,2.995732273553991,3.367295829986474,3.713572066704308,11,0.8660254037844384,-0.5000000000000004,0,3.362098175907839,3.2162061450016846,3.459691782145208,0.2139951788514289,0.17971832899122284,0.2363591618863994,0,0,10,2025-12-19T16:26:06.194176,3.372767
2017-11-22,22,2,-0.22252093395631434,0.9749279121818236,326,0.7829801036770624,-0.622046748440868,33,0,0,0,False,1,3.4965075614664802,3.6888794541139363,3.1354942159291497,3.4965075614664802,3.871201010907891,2.995732273553991,3.367295829986474,3.713572066704308,11,0.8660254037844384,-0.5000000000000004,0,3.3620981759078394,3.216206145001685,3.4596917821452076,0.21399517885143343,0.17971832899121862,0.2363591618863998,0,0,10,2025-12-19T16:26:06.302908,3.3670153617858887
2017-11-23,23,3,-0.900968867902419,0.43388373911755823,327,0.7935716089521472,-0.6084768701151264,32,19,0,0,False,1,3.4965075614664802,3.6888794541139363,3.1354942159291497,3.4965075614664802,3.871201010907891,2.995732273553991,3.367295829986474,3.713572066704308,11,0.8660254037844384,-0.5000000000000004,0,3.362098175907839,3.2162061450016846,3.459691782145208,0.2139951788514289,0.17971832899122284,0.2363591618863994,0,0,10,2025-12-19T16:26:07.412433,3.4500306
2017-11-24,24,4,-0.9009688679024191,-0.433883739117558,328,0.8039279618328208,-0.594726686960764,31,0,0,0,False,1,3.4965075614664802,3.6888794541139363,3.1354942159291497,3.4965075614664802,3.871201010907891,2.995732273553991,3.367295829986474,3.713572066704308,11,0.8660254037844384,-0.5000000000000004,0,3.3620981759078394,3.216206145001685,3.4596917821452076,0.21399517885143343,0.17971832899121862,0.2363591618863998,0,0,10,2025-12-19T16:26:07.457156,3.498887062072754
2017-11-25,25,5,-0.2225209339563146,-0.9749279121818236,329,0.8140460935082175,-0.5808002734538013,30,36,0,0,True,1,3.4965075614664802,3.6888794541139363,3.1354942159291497,3.4965075614664802,3.871201010907891,2.995732273553991,3.367295829986474,3.713572066704308,11,0.8660254037844384,-0.5000000000000004,0,3.362098175907839,3.2162061450016846,3.459691782145208,0.2139951788514289,0.17971832899122284,0.2363591618863994,0,0,10,2025-12-19T16:26:07.898127,3.5471678
2017-11-26,26,6,0.6234898018587334,-0.7818314824680299,330,0.8239230057575536,-0.5667017562911184,29,0,0,0,True,1,3.4965075614664802,3.6888794541139363,3.1354942159291497,3.4965075614664802,3.871201010907891,2.995732273553991,3.367295829986474,3.713572066704308,11,0.8660254037844384,-0.5000000000000004,0,3.3620981759078394,3.216206145001685,3.4596917821452076,0.21399517885143343,0.17971832899121862,0.2363591618863998,0,0,10,2025-12-19T16:26:08.286972,3.596588611602783
2017-11-27,27,0,1.0,0.0,331,0.8335557718385695,-0.5524353131676203,28,21,0,0,False,1,3.4965075614664802,3.6888794541139363,3.1354942159291497,3.4965075614664802,3.871201010907891,2.995732273553991,3.367295829986474,3.713572066704308,11,0.8660254037844384,-0.5000000000000004,0,3.362098175907839,3.2162061450016846,3.459691782145208,0.2139951788514289,0.17971832899122284,0.2363591618863994,0,0,10,2025-12-19T16:26:08.450045,3.2001421
2017-11-28,28,1,0.6234898018587336,0.7818314824680298,332,0.8429415373547832,-0.5380051715382992,27,0,0,0,False,1,3.4965075614664802,3.6888794541139363,3.1354942159291497,3.4965075614664802,3.871201010907891,2.995732273553991,3.367295829986474,3.713572066704308,11,0.8660254037844384,-0.5000000000000004,0,3.3620981759078394,3.216206145001685,3.4596917821452076,0.21399517885143343,0.17971832899121862,0.2363591618863998,0,0,10,2025-12-19T16:26:09.571617,3.3644535541534424
2017-11-29,29,2,-0.22252093395631434,0.9749279121818236,333,0.8520775211013093,-0.5234156073655503,26,14,0,0,False,1,3.4965075614664802,3.6888794541139363,3.1354942159291497,3.4965075614664802,3.871201010907891,2.995732273553991,3.367295829986474,3.713572066704308,11,0.8660254037844384,-0.5000000000000004,2,3.362098175907839,3.2162061450016846,3.459691782145208,0.2139951788514289,0.17971832899122284,0.2363591618863994,0,0,10,2025-12-19T16:26:09.618778,3.3609326
2017-11-30,30,3,-0.900968867902419,0.43388373911755823,334,0.8609610158889945,-0.5086709438521042,25,0,0,0,False,1,3.4965075614664802,3.6888794541139363,3.1354942159291497,3.4965075614664802,3.871201010907891,2.995732273553991,3.367295829986474,3.713572066704308,11,0.8660254037844384,-0.5000000000000004,0,3.3620981759078394,3.216206145001685,3.4596917821452076,0.21399517885143343,0.17971832899121862,0.2363591618863998,0,0,10,2025-12-19T16:26:10.019339,3.448997974395752
2017-12-01,1,4,-0.9009688679024191,-0.433883739117558,335,0.8695893893466109,-0.49377555015997737,24,43,0,1,False,1,3.4965075614664802,3.6888794541139363,3.1354942159291497,3.4965075614664802,3.871201010907891,2.995732273553991,3.367295829986474,3.713572066704308,12,1.0,-2.4492935982947064e-16,0,3.362098175907839,3.2162061450016846,3.459691782145208,0.2139951788514289,0.17971832899122284,0.2363591618863994,0,0,10,2025-12-19T16:26:10.432668,3.1522567
2017-12-02,2,5,-0.2225209339563146,-0.9749279121818236,336,0.8779600847008883,-0.4787338401157883,23,0,0,1,True,1,3.4965075614664802,3.6888794541139363,3.1354942159291497,3.4965075614664802,3.871201010907891,2.995732273553991,3.367295829986474,3.713572066704308,12,1.0,-2.4492935982947064e-16,0,3.3620981759078394,3.216206145001685,3.4596917821452076,0.21399517885143343,0.17971832899121862,0.2363591618863998,0,0,10,2025-12-19T16:26:10.559577,3.179460287094116
2017-12-03,3,6,0.6234898018587334,-0.7818314824680299,337,0.8860706215341378,-0.4635502709028512,22,46,0,1,True,1,3.4965075614664802,3.6888794541139363,3.1354942159291497,3.4965075614664802,3.871201010907891,2.995732273553991,3.367295829986474,3.713572066704308,12,1.0,-2.4492935982947064e-16,0,3.362098175907839,3.2162061450016846,3.459691782145208,0.2139951788514289,0.17971832899122284,0.2363591618863994,0,0,10,2025-12-19T16:26:11.723713,3.2549753
2017-12-04,4,0,1.0,0.0,338,0.893918596519257,-0.4482293417404106,21,0,0,1,False,1,3.4965075614664802,3.6888794541139363,3.1354942159291497,3.4965075614664802,3.871201010907891,2.995732273553991,3.367295829986474,3.713572066704308,12,1.0,-2.4492935982947064e-16,0,3.3620981759078394,3.216206145001685,3.4596917821452076,0.21399517885143343,0.17971832899121862,0.2363591618863998,0,0,10,2025-12-19T16:26:11.760596,2.9643821716308594
2017-12-05,5,1,0.6234898018587336,0.7818314824680298,339,0.9015016841318838,-0.4327755925504317,20,18,0,1,False,1,3.4965075614664802,3.6888794541139363,3.1354942159291497,3.4965075614664802,3.871201010907891,2.995732273553991,3.367295829986474,3.713572066704308,12,1.0,-2.4492935982947064e-16,0,3.362098175907839,3.2162061450016846,3.459691782145208,0.2139951788514289,0.17971832899122284,0.2363591618863994,0,0,10,2025-12-19T16:26:12.194434,3.1213794
2017-12-06,6,2,-0.22252093395631434,0.9749279121818236,340,0.9088176373395028,-0.41719360261231697,19,0,0,1,False,1,3.4965075614664802,3.6888794541139363,3.1354942159291497,3.4965075614664802,3.871201010907891,2.995732273553991,3.367295829986474,3.713572066704308,12,1.0,-2.4492935982947064e-16,0,3.3620981759078394,3.216206145001685,3.4596917821452076,0.21399517885143343,0.17971832899121862,0.2363591618863998,0,0,10,2025-12-19T16:26:12.512829,3.1177024841308594
2017-12-07,7,3,-0.900968867902419,0.43388373911755823,341,0.9158642882672868,-0.4014879892059737,18,48,0,1,False,1,3.4965075614664802,3.6888794541139363,3.1354942159291497,3.4965075614664802,3.871201010907891,2.995732273553991,3.367295829986474,3.713572066704308,12,1.0,-2.4492935982947064e-16,0,3.362098175907839,3.2162061450016846,3.459691782145208,0.2139951788514289,0.17971832899122284,0.2363591618863994,0,0,10,2025-12-19T16:26:12.725004,3.189068
2017-12-08,8,4,-0.9009688679024191,-0.433883739117558,342,0.9226395488404875,-0.38566340624360745,17,0,0,1,False,1,3.4965075614664802,3.6888794541139363,3.1354942159291497,3.4965075614664802,3.871201010907891,2.995732273553991,3.367295829986474,3.713572066704308,12,1.0,-2.4492935982947064e-16,0,3.3620981759078394,3.216206145001685,3.4596917821452076,0.21399517885143343,0.17971832899121862,0.2363591618863998,0,0,10,2025-12-19T16:26:13.849737,3.2507941722869873
2017-12-09,9,5,-0.2225209339563146,-0.9749279121818236,343,0.9291414114031743,-0.3697245428906732,16,28,0,1,True,1,3.4965075614664802,3.6888794541139363,3.1354942159291497,3.4965075614664802,3.871201010907891,2.995732273553991,3.367295829986474,3.713572066704308,12,1.0,-2.4492935982947064e-16,0,3.362098175907839,3.2162061450016846,3.459691782145208,0.2139951788514289,0.17971832899122284,0.2363591618863994,0,0,10,2025-12-19T16:26:13.923942,3.2918422
2017-12-10,10,6,0.6234898018587334,-0.7818314824680299,344,0.935367949313148,-0.3536761221763721,15,0,0,1,True,1,3.4965075614664802,3.6888794541139363,3.1354942159291497,3.4965075614664802,3.871201010907891,2.995732273553991,3.367295829986474,3.713572066704308,12,1.0,-2.4492935982947064e-16,0,3.3620981759078394,3.216206145001685,3.4596917821452076,0.21399517885143343,0.17971832899121862,0.2363591618863998,0,0,10,2025-12-19T16:26:14.299786,3.355609893798828
2017-12-11,11,0,1.0,0.0,345,0.941317317512847,-0.33752289959411347,14,12,0,0,False,1,3.4965075614664802,3.6888794541139363,3.1354942159291497,3.4965075614664802,3.871201010907891,2.995732273553991,3.367295829986474,3.713572066704308,12,1.0,-2.4492935982947064e-16,3,3.362098175907839,3.2162061450016846,3.459691782145208,0.2139951788514289,0.17971832899122284,0.2363591618863994,0,0,10,2025-12-19T16:26:14.634242,2.9988296
2017-12-12,12,1,0.6234898018587336,0.7818314824680298,346,0.9469877530760751,-0.32126966169236515,13,0,0,0,False,1,3.4965075614664802,3.6888794541139363,3.1354942159291497,3.4965075614664802,3.871201010907891,2.995732273553991,3.367295829986474,3.713572066704308,12,1.0,-2.4492935982947064e-16,0,3.3620981759078394,3.216206145001685,3.4596917821452076,0.21399517885143343,0.17971832899121862,0.2363591618863998,0,0,10,2025-12-19T16:26:14.809849,3.1307528018951416
2017-12-13,13,2,-0.22252093395631434,0.9749279121818236,347,0.9523775757303973,-0.3049212246562894,12,3,0,0,False,1,3.4965075614664802,3.6888794541139363,3.1354942159291497,3.4965075614664802,3.871201010907891,2.995732273553991,3.367295829986474,3.713572066704308,12,1.0,-2.4492935982947064e-16,13,3.362098175907839,3.2162061450016846,3.459691782145208,0.2139951788514289,0.17971832899122284,0.2363591618863994,0,0,10,2025-12-19T16:26:16.000791,3.1306145
2017-12-14,14,3,-0.900968867902419,0.43388373911755823,348,0.9574851883550389,-0.2884824328806098,11,0,0,0,False,1,3.4965075614664802,3.6888794541139363,3.1354942159291497,3.4965075614664802,3.871201010907891,2.995732273553991,3.367295829986474,3.713572066704308,12,1.0,-2.4492935982947064e-16,0,3.3620981759078394,3.216206145001685,3.4596917821452076,0.21399517885143343,0.17971832899121862,0.2363591618863998,0,0,10,2025-12-19T16:26:16.046879,3.2242045402526855
2017-12-15,15,4,-0.9009688679024191,-0.433883739117558,349,0.9623090774541487,-0.27195815753410524,10,2,0,0,False,1,3.4965075614664802,3.6888794541139363,3.1354942159291497,3.4965075614664802,3.871201010907891,2.995732273553991,3.367295829986474,3.713572066704308,12,1.0,-2.4492935982947064e-16,14,3.362098175907839,3.2162061450016846,3.459691782145208,0.2139951788514289,0.17971832899122284,0.2363591618863994,0,0,10,2025-12-19T16:26:16.450706,3.2923214
2017-12-16,16,5,-0.2225209339563146,-0.9749279121818236,350,0.9668478136052773,-0.2553532951161881,9,0,0,0,True,1,3.4965075614664802,3.6888794541139363,3.1354942159291497,3.4965075614664802,3.871201010907891,2.995732273553991,3.367295829986474,3.713572066704308,12,1.0,-2.4492935982947064e-16,0,3.3620981759078394,3.216206145001685,3.4596917821452076,0.21399517885143343,0.17971832899121862,0.2363591618863998,0,0,10,2025-12-19T16:26:16.794279,3.3366641998291016
2017-12-17,17,6,0.6234898018587334,-0.7818314824680299,351,0.9711000518829505,-0.23867276600594997,8,41,0,0,True,1,3.4965075614664802,3.6888794541139363,3.1354942159291497,3.4965075614664802,3.871201010907891,2.995732273553991,3.367295829986474,3.713572066704308,12,1.0,-2.4492935982947064e-16,0,3.362098175907839,3.2162061450016846,3.459691782145208,0.2139951788514289,0.17971832899122284,0.2363591618863994,0,0,10,2025-12-19T16:26:16.931950,3.4011745
2017-12-18,18,0,1.0,0.0,352,0.9750645322571945,-0.22192151300416674,7,0,0,0,False,1,3.4965075614664802,3.6888794541139363,3.1354942159291497,3.4965075614664802,3.871201010907891,2.995732273553991,3.367295829986474,3.713572066704308,12,1.0,-2.4492935982947064e-16,0,3.3620981759078394,3.216206145001685,3.4596917821452076,0.21399517885143343,0.17971832899121862,0.2363591618863998,0,0,10,2025-12-19T16:26:18.142380,3.01274037361145
2017-12-19,19,1,0.6234898018587336,0.7818314824680298,353,0.9787400799669153,-0.20510449986861926,6,27,0,0,False,1,3.4965075614664802,3.6888794541139363,3.1354942159291497,3.4965075614664802,3.871201010907891,2.995732273553991,3.367295829986474,3.713572066704308,12,1.0,-2.4492935982947064e-16,0,3.362098175907839,3.2162061450016846,3.459691782145208,0.2139951788514289,0.17971832899122284,0.2363591618863994,0,0,10,2025-12-19T16:26:18.216732,3.1466672
2017-12-20,20,2,-0.22252093395631434,0.9749279121818236,354,0.9821256058680006,-0.1882267098432439,5,0,0,0,False,1,3.4965075614664802,3.6888794541139363,3.1354942159291497,3.4965075614664802,3.871201010907891,2.995732273553991,3.367295829986474,3.713572066704308,12,1.0,-2.4492935982947064e-16,0,3.3620981759078394,3.216206145001685,3.4596917821452076,0.21399517885143343,0.17971832899121862,0.2363591618863998,0,0,10,2025-12-19T16:26:18.595277,3.147042989730835
2017-12-21,21,3,-0.900968867902419,0.43388373911755823,355,0.9852201067560606,-0.1712931441814778,4,0,0,0,False,1,3.4965075614664802,3.6888794541139363,3.1354942159291497,3.4965075614664802,3.871201010907891,2.995732273553991,3.367295829986474,3.713572066704308,12,1.0,-2.4492935982947064e-16,16,3.362098175907839,3.2162061450016846,3.459691782145208,0.2139951788514289,0.17971832899122284,0.2363591618863994,0,0,10,2025-12-19T16:26:18.910037,3.2510662
2017-12-22,22,4,-0.9009688679024191,-0.433883739117558,356,0.9880226656636976,-0.154308820664281,3,0,0,0,False,1,3.4965075614664802,3.6888794541139363,3.1354942159291497,3.4965075614664802,3.871201010907891,2.995732273553991,3.367295829986474,3.713572066704308,12,1.0,-2.4492935982947064e-16,0,3.3620981759078394,3.216206145001685,3.4596917821452076,0.21399517885143343,0.17971832899121862,0.2363591618863998,0,0,10,2025-12-19T16:26:19.067151,3.322119951248169
2017-12-23,23,5,-0.2225209339563146,-0.9749279121818236,357,0.9905324521322227,-0.13727877211326517,2,34,0,0,True,1,3.4965075614664802,3.6888794541139363,3.1354942159291497,3.4965075614664802,3.871201010907891,2.995732273553991,3.367295829986474,3.713572066704308,12,1.0,-2.4492935982947064e-16,0,3.362098175907839,3.2162061450016846,3.459691782145208,0.2139951788514289,0.17971832899122284,0.2363591618863994,0,0,10,2025-12-19T16:26:20.290455,3.358286
2017-12-24,24,6,0.6234898018587334,-0.7818314824680299,358,0.9927487224577402,-0.12020804489935275,1,0,0,0,True,1,3.4965075614664802,3.6888794541139363,3.1354942159291497,3.4965075614664802,3.871201010907891,2.995732273553991,3.367295829986474,3.713572066704308,12,1.0,-2.4492935982947064e-16,0,3.3620981759078394,3.216206145001685,3.4596917821452076,0.21399517885143343,0.17971832899121862,0.2363591618863998,0,0,10,2025-12-19T16:26:20.333242,3.4442310333251953
2017-12-25,25,0,1.0,0.0,359,0.9946708199115211,-0.10310169744743544,0,22,1,0,False,1,3.4965075614664802,3.6888794541139363,3.1354942159291497,3.4965075614664802,3.871201010907891,2.995732273553991,3.367295829986474,3.713572066704308,12,1.0,-2.4492935982947064e-16,0,3.362098175907839,3.2162061450016846,3.459691782145208,0.2139951788514289,0.17971832899122284,0.2363591618863994,0,0,10,2025-12-19T16:26:20.725180,3.0653765
2017-12-26,26,1,0.6234898018587336,0.7818314824680298,360,0.9962981749346077,-0.0859647987374467,6,0,0,0,False,1,3.4965075614664802,3.6888794541139363,3.1354942159291497,3.4965075614664802,3.871201010907891,2.995732273553991,3.367295829986474,3.713572066704308,12,1.0,-2.4492935982947064e-16,0,3.3620981759078394,3.216206145001685,3.4596917821452076,0.21399517885143343,0.17971832899121862,0.2363591618863998,0,0,10,2025-12-19T16:26:21.012786,3.19793438911438
2017-12-27,27,2,-0.22252093395631434,0.9749279121818236,361,0.9976303053065857,-0.06880242680232064,5,26,0,0,False,1,3.4965075614664802,3.6888794541139363,3.1354942159291497,3.4965075614664802,3.871201010907891,2.995732273553991,3.367295829986474,3.713572066704308,12,1.0,-2.4492935982947064e-16,0,3.362098175907839,3.2162061450016846,3.459691782145208,0.2139951788514289,0.17971832899122284,0.2363591618863994,0,0,10,2025-12-19T16:26:21.175282,3.19719
2017-12-28,28,3,-0.900968867902419,0.43388373911755823,362,0.9986668162884759,-0.05161966722325418,4,0,0,0,False,1,3.4965075614664802,3.6888794541139363,3.1354942159291497,3.4965075614664802,3.871201010907891,2.995732273553991,3.367295829986474,3.713572066704308,12,1.0,-2.4492935982947064e-16,0,3.3620981759078394,3.216206145001685,3.4596917821452076,0.21399517885143343,0.17971832899121862,0.2363591618863998,0,0,10,2025-12-19T16:26:22.467245,3.2985966205596924
2017-12-29,29,4,-0.9009688679024191,-0.433883739117558,363,0.9994074007397048,-0.034421611622745804,3,8,0,0,False,1,3.4965075614664802,3.6888794541139363,3.1354942159291497,3.4965075614664802,3.871201010907891,2.995732273553991,3.367295829986474,3.713572066704308,12,1.0,-2.4492935982947064e-16,8,3.362098175907839,3.2162061450016846,3.459691782145208,0.2139951788514289,0.17971832899122284,0.2363591618863994,0,0,10,2025-12-19T16:26:22.514751,3.3597105
2017-12-30,30,5,-0.2225209339563146,-0.9749279121818236,364,0.9998518392091162,-0.01721335615583528,2,0,0,0,True,1,3.4965075614664802,3.6888794541139363,3.1354942159291497,3.4965075614664802,3.871201010907891,2.995732273553991,3.367295829986474,3.713572066704308,12,1.0,-2.4492935982947064e-16,0,3.3620981759078394,3.216206145001685,3.4596917821452076,0.21399517885143343,0.17971832899121862,0.2363591618863998,0,0,10,2025-12-19T16:26:22.856874,3.3988916873931885
2017-12-31,31,6,0.6234898018587334,-0.7818314824680299,365,1.0,6.432490598706546e-16,1,14,0,0,True,1,3.4965075614664802,3.6888794541139363,3.1354942159291497,3.4965075614664802,3.871201010907891,2.995732273553991,3.367295829986474,3.713572066704308,12,1.0,-2.4492935982947064e-16,2,3.362098175907839,3.2162061450016846,3.459691782145208,0.2139951788514289,0.17971832899122284,0.2363591618863994,0,0,10,2025-12-19T16:26:23.152270,3.4740636
2017-10-01,1,6,0.6234898018587334,-0.7818314824680299,274,0.004303538296243821,-0.9999907397361901,11,0,0,1,True,2,4.382026634673881,4.07753744390572,4.204692619390966,4.174387269895637,4.477336814478207,4.02535169073515,4.30406509320417,4.59511985013459,10,0.5000000000000001,-0.8660254037844386,0,4.153585700434254,4.145105205574832,4.231908052171768,0.16500680579530078,0.1638645392420106,0.20004571881487776,0,0,1,2025-12-19T16:26:23.295983,4.256158828735352
2017-10-03,3,1,0.6234898018587336,0.7818314824680298,276,0.03872228089217399,-0.9992500112396835,9,0,0,1,False,2,4.382026634673881,4.07753744390572,4.204692619390966,4.174387269895637,4.477336814478207,4.02535169073515,4.30406509320417,4.59511985013459,10,0.5000000000000001,-0.8660254037844386,0,4.153585700434254,4.145105205574832,4.231908052171768,0.16500680579530078,0.1638645392420106,0.20004571881487776,0,0,1,2025-12-19T16:26:24.636148,4.050601959228516
2017-10-02,2,0,1.0,0.0,275,0.021516097436222233,-0.9997685019798909,10,28,0,1,False,2,4.382026634673881,4.07753744390572,4.204692619390966,4.174387269895637,4.477336814478207,4.02535169073515,4.30406509320417,4.59511985013459,10,0.5000000000000001,-0.8660254037844386,0,4.153585700434254,4.145105205574832,4.231908052171768,0.1650068057953192,0.16386453924201386,0.2000457188148996,0,0,1,2025-12-19T16:26:24.675679,3.905736
2017-10-04,4,2,-0.22252093395631434,0.9749279121818236,277,0.05591699010060302,-0.9984354211555643,8,39,0,1,False,2,4.382026634673881,4.07753744390572,4.204692619390966,4.174387269895637,4.477336814478207,4.02535169073515,4.30406509320417,4.59511985013459,10,0.5000000000000001,-0.8660254037844386,0,4.153585700434254,4.145105205574832,4.231908052171768,0.1650068057953192,0.16386453924201386,0.2000457188148996,0,0,1,2025-12-19T16:26:25.002529,4.0501423
2017-10-05,5,3,-0.900968867902419,0.43388373911755823,278,0.07309512989807776,-0.9973249731081555,7,0,0,1,False,2,4.382026634673881,4.07753744390572,4.204692619390966,4.174387269895637,4.477336814478207,4.02535169073515,4.30406509320417,4.59511985013459,10,0.5000000000000001,-0.8660254037844386,0,4.153585700434254,4.145105205574832,4.231908052171768,0.16500680579530078,0.1638645392420106,0.20004571881487776,0,0,1,2025-12-19T16:26:25.265614,4.11510705947876
2017-10-06,6,4,-0.9009688679024191,-0.433883739117558,279,0.0902516100310407,-0.9959189961471792,6,8,0,1,False,2,4.382026634673881,4.07753744390572,4.204692619390966,4.174387269895637,4.477336814478207,4.02535169073515,4.30406509320417,4.59511985013459,10,0.5000000000000001,-0.8660254037844386,9,4.153585700434254,4.145105205574832,4.231908052171768,0.1650068057953192,0.16386453924201386,0.2000457188148996,0,0,1,2025-12-19T16:26:25.423244,4.1726427
2017-10-07,7,5,-0.2225209339563146,-0.9749279121818236,280,0.10738134666416306,-0.994217906893952,5,0,0,1,True,2,4.382026634673881,4.07753744390572,4.204692619390966,4.174387269895637,4.477336814478207,4.02535169073515,4.30406509320417,4.59511985013459,10,0.5000000000000001,-0.8660254037844386,0,4.153585700434254,4.145105205574832,4.231908052171768,0.16500680579530078,0.1638645392420106,0.20004571881487776,0,0,1,2025-12-19T16:26:26.746299,4.235536575317383
2017-10-08,8,6,0.6234898018587334,-0.7818314824680299,281,0.12447926388678869,-0.9922222094179324,4,36,0,1,True,2,4.382026634673881,4.07753744390572,4.204692619390966,4.174387269895637,4.477336814478207,4.02535169073515,4.30406509320417,4.59511985013459,10,0.5000000000000001,-0.8660254037844386,0,4.153585700434254,4.145105205574832,4.231908052171768,0.1650068057953192,0.16386453924201386,0.2000457188148996,0,0,1,2025-12-19T16:26:26.821843,4.2824454
2017-10-09,9,0,1.0,0.0,282,0.141540295217043,-0.989932495087353,3,0,0,1,False,2,4.382026634673881,4.07753744390572,4.204692619390966,4.174387269895637,4.477336814478207,4.02535169073515,4.30406509320417,4.59511985013459,10,0.5000000000000001,-0.8660254037844386,0,4.153585700434254,4.145105205574832,4.231908052171768,0.16500680579530078,0.1638645392420106,0.20004571881487776,0,0,1,2025-12-19T16:26:27.107001,3.92494535446167
2017-10-10,10,1,0.6234898018587336,0.7818314824680298,283,0.15855938510313475,-0.9873494423939864,2,35,0,1,False,2,4.382026634673881,4.07753744390572,4.204692619390966,4.174387269895637,4.477336814478207,4.02535169073515,4.30406509320417,4.59511985013459,10,0.5000000000000001,-0.8660254037844386,0,4.153585700434254,4.145105205574832,4.231908052171768,0.1650068057953192,0.16386453924201386,0.2000457188148996,0,0,1,2025-12-19T16:26:27.410807,4.0691175
2017-10-11,11,2,-0.22252093395631434,0.9749279121818236,284,0.17553149042142777,-0.9844738167520923,1,0,0,0,False,2,4.382026634673881,4.07753744390572,4.204692619390966,4.174387269895637,4.477336814478207,4.02535169073515,4.30406509320417,4.59511985013459,10,0.5000000000000001,-0.8660254037844386,0,4.153585700434254,4.145105205574832,4.231908052171768,0.16500680579530078,0.1638645392420106,0.20004571881487776,0,0,1,2025-12-19T16:26:27.515781,4.0751166343688965
2017-10-12,12,3,-0.900968867902419,0.43388373911755823,285,0.19245158197082995,-0.9813064702716093,0,45,1,0,False,2,4.382026634673881,4.07753744390572,4.204692619390966,4.174387269895637,4.477336814478207,4.02535169073515,4.30406509320417,4.59511985013459,10,0.5000000000000001,-0.8660254037844386,0,4.153585700434254,4.145105205574832,4.231908052171768,0.1650068057953192,0.16386453924201386,0.2000457188148996,0,0,1,2025-12-19T16:26:28.877178,4.139759
2017-10-13,13,4,-0.9009688679024191,-0.433883739117558,286,0.20931464596304888,-0.9778483415056567,20,0,0,0,False,2,4.382026634673881,4.07753744390572,4.204692619390966,4.174387269895637,4.477336814478207,4.02535169073515,4.30406509320417,4.59511985013459,10,0.5000000000000001,-0.8660254037844386,0,4.153585700434254,4.145105205574832,4.231908052171768,0.16500680579530078,0.1638645392420106,0.20004571881487776,0,0,1,2025-12-19T16:26:28.920804,4.190930366516113
2017-10-14,14,5,-0.2225209339563146,-0.9749279121818236,287,0.22611568550828803,-0.9741004551724206,19,38,0,0,True,2,4.382026634673881,4.07753744390572,4.204692619390966,4.174387269895637,4.477336814478207,4.02535169073515,4.30406509320417,4.59511985013459,10,0.5000000000000001,-0.8660254037844386,0,4.153585700434254,4.145105205574832,4.231908052171768,0.1650068057953192,0.16386453924201386,0.2000457188148996,0,0,1,2025-12-19T16:26:29.263895,4.248831
2017-10-15,15,6,0.6234898018587334,-0.7818314824680299,288,0.2428497220959358,-0.970063921851507,18,0,0,0,True,2,4.382026634673881,4.07753744390572,4.204692619390966,4.174387269895637,4.477336814478207,4.02535169073515,4.30406509320417,4.59511985013459,10,0.5000000000000001,-0.8660254037844386,0,4.153585700434254,4.145105205574832,4.231908052171768,0.16500680579530078,0.1638645392420106,0.20004571881487776,0,0,1,2025-12-19T16:26:29.529586,4.298315048217773
2017-10-16,16,0,1.0,0.0,289,0.25951179706979943,-0.965739937654855,17,19,0,0,False,2,4.382026634673881,4.07753744390572,4.204692619390966,4.174387269895637,4.477336814478207,4.02535169073515,4.30406509320417,4.59511985013459,10,0.5000000000000001,-0.8660254037844386,0,4.153585700434254,4.145105205574832,4.231908052171768,0.1650068057953192,0.16386453924201386,0.2000457188148996,0,0,1,2025-12-19T16:26:29.629516,3.9439595
2017-10-17,17,1,0.6234898018587336,0.7818314824680298,290,0.27609697309746883,-0.9611297838723007,16,0,0,0,False,2,4.382026634673881,4.07753744390572,4.204692619390966,4.174387269895637,4.477336814478207,4.02535169073515,4.30406509320417,4.59511985013459,10,0.5000000000000001,-0.8660254037844386,0,4.153585700434254,4.145105205574832,4.231908052171768,0.16500680579530078,0.1638645392420106,0.20004571881487776,0,0,1,2025-12-19T16:26:31.052887,4.087841033935547
2017-10-18,18,2,-0.22252093395631434,0.9749279121818236,291,0.2926003356333479,-0.9562348265919058,15,12,0,0,False,2,4.382026634673881,4.07753744390572,4.204692619390966,4.174387269895637,4.477336814478207,4.02535169073515,4.30406509320417,4.59511985013459,10,0.5000000000000001,-0.8660254037844386,5,4.153585700434254,4.145105205574832,4.231908052171768,0.1650068057953192,0.16386453924201386,0.2000457188148996,0,0,1,2025-12-19T16:26:31.102926,4.085581
2017-10-19,19,3,-0.900968867902419,0.43388373911755823,292,0.30901699437494723,-0.9510565162951536,14,0,0,0,False,2,4.382026634673881,4.07753744390572,4.204692619390966,4.174387269895637,4.477336814478207,4.02535169073515,4.30406509320417,4.59511985013459,10,0.5000000000000001,-0.8660254037844386,0,4.153585700434254,4.145105205574832,4.231908052171768,0.16500680579530078,0.1638645392420106,0.20004571881487776,0,0,1,2025-12-19T16:26:31.397146,4.153652667999268
2017-10-20,20,4,-0.9009688679024191,-0.433883739117558,293,0.3253420847119795,-0.9455963874271428,13,7,0,0,False,2,4.382026634673881,4.07753744390572,4.204692619390966,4.174387269895637,4.477336814478207,4.02535169073515,4.30406509320417,4.59511985013459,10,0.5000000000000001,-0.8660254037844386,10,4.153585700434254,4.145105205574832,4.231908052171768,0.1650068057953192,0.16386453924201386,0.2000457188148996,0,0,1,2025-12-19T16:26:31.728784,4.207318
2017-10-21,21,5,-0.2225209339563146,-0.9749279121818236,294,0.341570769167856,-0.9398560579418953,12,0,0,0,True,2,4.382026634673881,4.07753744390572,4.204692619390966,4.174387269895637,4.477336814478207,4.02535169073515,4.30406509320417,4.59511985013459,10,0.5000000000000001,-0.8660254037844386,0,4.153585700434254,4.145105205574832,4.231908052171768,0.16500680579530078,0.1638645392420106,0.20004571881487776,0,0,1,2025-12-19T16:26:31.760931,4.270211219787598
2017-10-22,22,6,0.6234898018587334,-0.7818314824680299,295,0.35769823883312546,-0.9338372288229252,11,40,0,0,True,2,4.382026634673881,4.07753744390572,4.204692619390966,4.174387269895637,4.477336814478207,4.02535169073515,4.30406509320417,4.59511985013459,10,0.5000000000000001,-0.8660254037844386,0,4.153585700434254,4.145105205574832,4.231908052171768,0.1650068057953192,0.16386453924201386,0.2000457188148996,0,0,1,2025-12-19T16:26:33.180826,4.3130507
2017-10-23,23,0,1.0,0.0,296,0.3737197147904692,-0.9275416835791965,10,0,0,0,False,2,4.382026634673881,4.07753744390572,4.204692619390966,4.174387269895637,4.477336814478207,4.02535169073515,4.30406509320417,4.59511985013459,10,0.5000000000000001,-0.8660254037844386,0,4.153585700434254,4.145105205574832,4.231908052171768,0.16500680579530078,0.1638645392420106,0.20004571881487776,0,0,1,2025-12-19T16:26:33.226727,3.962480068206787
2017-10-24,24,1,0.6234898018587336,0.7818314824680298,297,0.38963044953078774,-0.9209712877166347,9,24,0,0,False,2,4.382026634673881,4.07753744390572,4.204692619390966,4.174387269895637,4.477336814478207,4.02535169073515,4.30406509320417,4.59511985013459,10,0.5000000000000001,-0.8660254037844386,0,4.153585700434254,4.145105205574832,4.231908052171768,0.1650068057953192,0.16386453924201386,0.2000457188148996,0,0,1,2025-12-19T16:26:33.503693,4.1073813
2017-10-25,25,2,-0.22252093395631434,0.9749279121818236,298,0.4054257283599973,-0.9141279881853337,8,0,0,0,False,2,4.382026634673881,4.07753744390572,4.204692619390966,4.174387269895637,4.477336814478207,4.02535169073515,4.30406509320417,4.59511985013459,10,0.5000000000000001,-0.8660254037844386,0,4.153585700434254,4.145105205574832,4.231908052171768,0.16500680579530078,0.1638645392420106,0.20004571881487776,0,0,1,2025-12-19T16:26:33.867398,4.104532241821289
2017-10-26,26,3,-0.900968867902419,0.43388373911755823,299,0.42110087079608916,-0.9070138128026362,7,12,0,0,False,2,4.382026634673881,4.07753744390572,4.204692619390966,4.174387269895637,4.477336814478207,4.02535169073515,4.30406509320417,4.59511985013459,10,0.5000000000000001,-0.8660254037844386,5,4.153585700434254,4.145105205574832,4.231908052171768,0.1650068057953192,0.16386453924201386,0.2000457188148996,0,0,1,2025-12-19T16:26:33.917562,4.166278
2017-10-27,27,4,-0.9009688679024191,-0.433883739117558,300,0.4366512319560638,-0.8996308696522434,6,0,0,0,False,2,4.382026634673881,4.07753744390572,4.204692619390966,4.174387269895637,4.477336814478207,4.02535169073515,4.30406509320417,4.59511985013459,10,0.5000000000000001,-0.8660254037844386,0,4.153585700434254,4.145105205574832,4.231908052171768,0.16500680579530078,0.1638645392420106,0.20004571881487776,0,0,1,2025-12-19T16:26:35.315274,4.222815036773682
2017-10-28,28,5,-0.2225209339563146,-0.9749279121818236,301,0.45207220393230374,-0.8919813464595487,5,39,0,0,True,2,4.382026634673881,4.07753744390572,4.204692619390966,4.174387269895637,4.477336814478207,4.02535169073515,4.30406509320417,4.59511985013459,10,0.5000000000000001,-0.8660254037844386,0,4.153585700434254,4.145105205574832,4.231908052171768,0.1650068057953192,0.16386453924201386,0.2000457188148996,0,0,1,2025-12-19T16:26:35.361281,4.2837434
2017-10-29,29,6,0.6234898018587334,-0.7818314824680299,302,0.46735921715800205,-0.8840675099433637,4,0,0,0,True,2,4.382026634673881,4.07753744390572,4.204692619390966,4.174387269895637,4.477336814478207,4.02535169073515,4.30406509320417,4.59511985013459,10,0.5000000000000001,-0.8660254037844386,0,4.153585700434254,4.145105205574832,4.231908052171768,0.16500680579530078,0.1638645392420106,0.20004571881487776,0,0,1,2025-12-19T16:26:35.591164,4.327418804168701
2017-10-31,31,1,0.6234898018587336,0.7818314824680298,304,0.4975132889071803,-0.8674563547295971,2,0,0,0,False,2,4.382026634673881,4.07753744390572,4.204692619390966,4.174387269895637,4.477336814478207,4.02535169073515,4.30406509320417,4.59511985013459,10,0.5000000000000001,-0.8660254037844386,0,4.153585700434254,4.145105205574832,4.231908052171768,0.16500680579530078,0.1638645392420106,0.20004571881487776,0,0,1,2025-12-19T16:26:36.026570,4.1228179931640625
2017-10-30,30,0,1.0,0.0,303,0.48250774176121763,-0.8758917051442433,3,11,0,0,False,2,4.382026634673881,4.07753744390572,4.204692619390966,4.174387269895637,4.477336814478207,4.02535169073515,4.30406509320417,4.59511985013459,10,0.5000000000000001,-0.8660254037844386,5,4.153585700434254,4.145105205574832,4.231908052171768,0.1650068057953192,0.16386453924201386,0.2000457188148996,0,0,1,2025-12-19T16:26:36.064576,3.976249
2017-11-02,2,3,-0.900968867902419,0.43388373911755823,306,0.5270777086423724,-0.8498170915275277,0,0,1,1,False,2,4.382026634673881,4.07753744390572,4.204692619390966,4.174387269895637,4.477336814478207,4.02535169073515,4.30406509320417,4.59511985013459,11,0.8660254037844384,-0.5000000000000004,0,4.153585700434254,4.145105205574832,4.231908052171768,0.16500680579530078,0.1638645392420106,0.20004571881487776,0,0,1,2025-12-19T16:26:37.490672,4.241570949554443
2017-11-01,1,2,-0.22252093395631434,0.9749279121818236,305,0.5123714121284235,-0.858763958275803,1,32,0,1,False,2,4.382026634673881,4.07753744390572,4.204692619390966,4.174387269895637,4.477336814478207,4.02535169073515,4.30406509320417,4.59511985013459,11,0.8660254037844384,-0.5000000000000004,0,4.153585700434254,4.145105205574832,4.231908052171768,0.1650068057953192,0.16386453924201386,0.2000457188148996,0,0,1,2025-12-19T16:26:37.530606,4.1854253
2017-11-03,3,4,-0.9009688679024191,-0.433883739117558,307,0.5416278206559811,-0.8406184056344783,12,31,0,1,False,2,4.382026634673881,4.07753744390572,4.204692619390966,4.174387269895637,4.477336814478207,4.02535169073515,4.30406509320417,4.59511985013459,11,0.8660254037844384,-0.5000000000000004,0,4.153585700434254,4.145105205574832,4.231908052171768,0.1650068057953192,0.16386453924201386,0.2000457188148996,0,0,1,2025-12-19T16:26:37.728455,4.2888784
2017-11-04,4,5,-0.2225209339563146,-0.9749279121818236,308,0.5560174366570446,-0.8311706263658079,11,0,0,1,True,2,4.382026634673881,4.07753744390572,4.204692619390966,4.174387269895637,4.477336814478207,4.02535169073515,4.30406509320417,4.59511985013459,11,0.8660254037844384,-0.5000000000000004,0,4.153585700434254,4.145105205574832,4.231908052171768,0.16500680579530078,0.1638645392420106,0.20004571881487776,0,0,1,2025-12-19T16:26:38.206990,4.349296569824219
2017-11-05,5,6,0.6234898018587334,-0.7818314824680299,309,0.5702422926917867,-0.8214765533024145,10,23,0,1,True,2,4.382026634673881,4.07753744390572,4.204692619390966,4.174387269895637,4.477336814478207,4.02535169073515,4.30406509320417,4.59511985013459,11,0.8660254037844384,-0.5000000000000004,0,4.153585700434254,4.145105205574832,4.231908052171768,0.1650068057953192,0.16386453924201386,0.2000457188148996,0,0,1,2025-12-19T16:26:38.256975,4.3904147
2017-11-06,6,0,1.0,0.0,310,0.5842981736283683,-0.8115390590073611,9,0,0,1,False,2,4.382026634673881,4.07753744390572,4.204692619390966,4.174387269895637,4.477336814478207,4.02535169073515,4.30406509320417,4.59511985013459,11,0.8660254037844384,-0.5000000000000004,0,4.153585700434254,4.145105205574832,4.231908052171768,0.16500680579530078,0.1638645392420106,0.20004571881487776,0,0,1,2025-12-19T16:26:39.566975,4.025087833404541
2017-11-07,7,1,0.6234898018587336,0.7818314824680298,311,0.5981809144059158,-0.801361088174677,8,36,0,1,False,2,4.382026634673881,4.07753744390572,4.204692619390966,4.174387269895637,4.477336814478207,4.02535169073515,4.30406509320417,4.59511985013459,11,0.8660254037844384,-0.5000000000000004,0,4.153585700434254,4.145105205574832,4.231908052171768,0.1650068057953192,0.16386453924201386,0.2000457188148996,0,0,1,2025-12-19T16:26:39.652976,4.1620774
2017-11-08,8,2,-0.22252093395631434,0.9749279121818236,312,0.6118864012687242,-0.7909456567567774,7,0,0,1,False,2,4.382026634673881,4.07753744390572,4.204692619390966,4.174387269895637,4.477336814478207,4.02535169073515,4.30406509320417,4.59511985013459,11,0.8660254037844384,-0.5000000000000004,0,4.153585700434254,4.145105205574832,4.231908052171768,0.16500680579530078,0.1638645392420106,0.20004571881487776,0,0,1,2025-12-19T16:26:39.929638,4.158614158630371
2017-11-09,9,3,-0.900968867902419,0.43388373911755823,313,0.6254105729852457,-0.780295851070776,6,15,0,1,False,2,4.382026634673881,4.07753744390572,4.204692619390966,4.174387269895637,4.477336814478207,4.02535169073515,4.30406509320417,4.59511985013459,11,0.8660254037844384,-0.5000000000000004,2,4.153585700434254,4.145105205574832,4.231908052171768,0.1650068057953192,0.16386453924201386,0.2000457188148996,0,0,1,2025-12-19T16:26:40.341174,4.216401
2017-11-10,10,4,-0.9009688679024191,-0.433883739117558,314,0.6387494220515268,-0.7694148268839381,5,0,0,1,False,2,4.382026634673881,4.07753744390572,4.204692619390966,4.174387269895637,4.477336814478207,4.02535169073515,4.30406509320417,4.59511985013459,11,0.8660254037844384,-0.5000000000000004,0,4.153585700434254,4.145105205574832,4.231908052171768,0.16500680579530078,0.1638645392420106,0.20004571881487776,0,0,1,2025-12-19T16:26:40.381206,4.269486427307129
2017-11-11,11,5,-0.2225209339563146,-0.9749279121818236,315,0.6518989958787125,-0.7583058084785625,4,7,0,0,True,2,4.382026634673881,4.07753744390572,4.204692619390966,4.174387269895637,4.477336814478207,4.02535169073515,4.30406509320417,4.59511985013459,11,0.8660254037844384,-0.5000000000000004,10,4.153585700434254,4.145105205574832,4.231908052171768,0.1650068057953192,0.16386453924201386,0.2000457188148996,0,0,1,2025-12-19T16:26:41.672671,4.329109
2017-11-12,12,6,0.6234898018587334,-0.7818314824680299,316,0.6648553979642866,-0.7469720876965551,3,0,0,0,True,2,4.382026634673881,4.07753744390572,4.204692619390966,4.174387269895637,4.477336814478207,4.02535169073515,4.30406509320417,4.59511985013459,11,0.8660254037844384,-0.5000000000000004,0,4.153585700434254,4.145105205574832,4.231908052171768,0.16500680579530078,0.1638645392420106,0.20004571881487776,0,0,1,2025-12-19T16:26:41.731143,4.370498180389404
2017-11-13,13,0,1.0,0.0,317,0.6776147890466887,-0.7354170229639858,2,47,0,0,False,2,4.382026634673881,4.07753744390572,4.204692619390966,4.174387269895637,4.477336814478207,4.02535169073515,4.30406509320417,4.59511985013459,11,0.8660254037844384,-0.5000000000000004,0,4.153585700434254,4.145105205574832,4.231908052171768,0.1650068057953192,0.16386453924201386,0.2000457188148996,0,0,1,2025-12-19T16:26:42.080552,4.009958
2017-11-14,14,1,0.6234898018587336,0.7818314824680298,318,0.690173388242972,-0.7236440382959124,1,0,0,0,False,2,4.382026634673881,4.07753744390572,4.204692619390966,4.174387269895637,4.477336814478207,4.02535169073515,4.30406509320417,4.59511985013459,11,0.8660254037844384,-0.5000000000000004,0,4.153585700434254,4.145105205574832,4.231908052171768,0.16500680579530078,0.1638645392420106,0.20004571881487776,0,0,1,2025-12-19T16:26:42.498814,4.156299114227295
2017-11-15,15,2,-0.22252093395631434,0.9749279121818236,319,0.7025274741691566,-0.711656622281775,0,18,1,0,False,2,4.382026634673881,4.07753744390572,4.204692619390966,4.174387269895637,4.477336814478207,4.02535169073515,4.30406509320417,4.59511985013459,11,0.8660254037844384,-0.5000000000000004,0,4.153585700434254,4.145105205574832,4.231908052171768,0.1650068057953192,0.16386453924201386,0.2000457188148996,0,0,1,2025-12-19T16:26:42.552449,4.1509023
2017-11-16,16,3,-0.900968867902419,0.43388373911755823,320,0.7146733860429608,-0.6994583270516471,39,0,0,0,False,2,4.382026634673881,4.07753744390572,4.204692619390966,4.174387269895637,4.477336814478207,4.02535169073515,4.30406509320417,4.59511985013459,11,0.8660254037844384,-0.5000000000000004,0,4.153585700434254,4.145105205574832,4.231908052171768,0.16500680579530078,0.1638645392420106,0.20004571881487776,0,0,1,2025-12-19T16:26:43.824505,4.211482048034668
2017-11-17,17,4,-0.9009688679024191,-0.433883739117558,321,0.7266075247685652,-0.6870527672236675,38,23,0,0,False,2,4.382026634673881,4.07753744390572,4.204692619390966,4.174387269895637,4.477336814478207,4.02535169073515,4.30406509320417,4.59511985013459,11,0.8660254037844384,-0.5000000000000004,0,4.153585700434254,4.145105205574832,4.231908052171768,0.1650068057953192,0.16386453924201386,0.2000457188148996,0,0,1,2025-12-19T16:26:43.869056,4.263697
2017-11-18,18,5,-0.2225209339563146,-0.9749279121818236,322,0.7383263540031063,-0.6744436188329457,37,0,0,0,True,2,4.382026634673881,4.07753744390572,4.204692619390966,4.174387269895637,4.477336814478207,4.02535169073515,4.30406509320417,4.59511985013459,11,0.8660254037844384,-0.5000000000000004,0,4.153585700434254,4.145105205574832,4.231908052171768,0.16500680579530078,0.1638645392420106,0.20004571881487776,0,0,1,2025-12-19T16:26:44.233750,4.325045108795166
2017-11-19,19,6,0.6234898018587334,-0.7818314824680299,323,0.749826401204568,-0.661634618242279,36,7,0,0,True,2,4.382026634673881,4.07753744390572,4.204692619390966,4.174387269895637,4.477336814478207,4.02535169073515,4.30406509320417,4.59511985013459,11,0.8660254037844384,-0.5000000000000004,10,4.153585700434254,4.145105205574832,4.231908052171768,0.1650068057953192,0.16386453924201386,0.2000457188148996,0,0,1,2025-12-19T16:26:44.598664,4.3640823
2017-11-20,20,0,1.0,0.0,324,0.7611042586607742,-0.6486295610349818,35,0,0,0,False,2,4.382026634673881,4.07753744390572,4.204692619390966,4.174387269895637,4.477336814478207,4.02535169073515,4.30406509320417,4.59511985013459,11,0.8660254037844384,-0.5000000000000004,0,4.153585700434254,4.145105205574832,4.231908052171768,0.16500680579530078,0.1638645392420106,0.20004571881487776,0,0,1,2025-12-19T16:26:44.646637,4.00248908996582
2017-11-21,21,1,0.6234898018587336,0.7818314824680298,325,0.7721565844991641,-0.6354323008901775,34,32,0,0,False,2,4.382026634673881,4.07753744390572,4.204692619390966,4.174387269895637,4.477336814478207,4.02535169073515,4.30406509320417,4.59511985013459,11,0.8660254037844384,-0.5000000000000004,0,4.153585700434254,4.145105205574832,4.231908052171768,0.1650068057953192,0.16386453924201386,0.2000457188148996,0,0,1,2025-12-19T16:26:45.973423,4.1473093
2017-11-22,22,2,-0.22252093395631434,0.9749279121818236,326,0.7829801036770624,-0.622046748440868,33,0,0,0,False,2,4.382026634673881,4.07753744390572,4.204692619390966,4.174387269895637,4.477336814478207,4.02535169073515,4.30406509320417,4.59511985013459,11,0.8660254037844384,-0.5000000000000004,0,4.153585700434254,4.145105205574832,4.231908052171768,0.16500680579530078,0.1638645392420106,0.20004571881487776,0,0,1,2025-12-19T16:26:45.997476,4.142276763916016
2017-11-23,23,3,-0.900968867902419,0.43388373911755823,327,0.7935716089521472,-0.6084768701151264,32,48,0,0,False,2,4.382026634673881,4.07753744390572,4.204692619390966,4.174387269895637,4.477336814478207,4.02535169073515,4.30406509320417,4.59511985013459,11,0.8660254037844384,-0.5000000000000004,0,4.153585700434254,4.145105205574832,4.231908052171768,0.1650068057953192,0.16386453924201386,0.2000457188148996,0,0,1,2025-12-19T16:26:46.366211,4.206723
2017-11-24,24,4,-0.9009688679024191,-0.433883739117558,328,0.8039279618328208,-0.594726686960764,31,0,0,0,False,2,4.382026634673881,4.07753744390572,4.204692619390966,4.174387269895637,4.477336814478207,4.02535169073515,4.30406509320417,4.59511985013459,11,0.8660254037844384,-0.5000000000000004,0,4.153585700434254,4.145105205574832,4.231908052171768,0.16500680579530078,0.1638645392420106,0.20004571881487776,0,0,1,2025-12-19T16:26:46.702496,4.2579264640808105
2017-11-25,25,5,-0.2225209339563146,-0.9749279121818236,329,0.8140460935082175,-0.5808002734538013,30,45,0,0,True,2,4.382026634673881,4.07753744390572,4.204692619390966,4.174387269895637,4.477336814478207,4.02535169073515,4.30406509320417,4.59511985013459,11,0.8660254037844384,-0.5000000000000004,0,4.153585700434254,4.145105205574832,4.231908052171768,0.1650068057953192,0.16386453924201386,0.2000457188148996,0,0,1,2025-12-19T16:26:46.764202,4.3195558
2017-11-26,26,6,0.6234898018587334,-0.7818314824680299,330,0.8239230057575536,-0.5667017562911184,29,0,0,0,True,2,4.382026634673881,4.07753744390572,4.204692619390966,4.174387269895637,4.477336814478207,4.02535169073515,4.30406509320417,4.59511985013459,11,0.8660254037844384,-0.5000000000000004,0,4.153585700434254,4.145105205574832,4.231908052171768,0.16500680579530078,0.1638645392420106,0.20004571881487776,0,0,1,2025-12-19T16:26:48.108076,4.357444763183594
2017-11-27,27,0,1.0,0.0,331,0.8335557718385695,-0.5524353131676203,28,12,0,0,False,2,4.382026634673881,4.07753744390572,4.204692619390966,4.174387269895637,4.477336814478207,4.02535169073515,4.30406509320417,4.59511985013459,11,0.8660254037844384,-0.5000000000000004,4,4.153585700434254,4.145105205574832,4.231908052171768,0.1650068057953192,0.16386453924201386,0.2000457188148996,0,0,1,2025-12-19T16:26:48.153081,3.997639
2017-11-28,28,1,0.6234898018587336,0.7818314824680298,332,0.8429415373547832,-0.5380051715382992,27,0,0,0,False,2,4.382026634673881,4.07753744390572,4.204692619390966,4.174387269895637,4.477336814478207,4.02535169073515,4.30406509320417,4.59511985013459,11,0.8660254037844384,-0.5000000000000004,0,4.153585700434254,4.145105205574832,4.231908052171768,0.16500680579530078,0.1638645392420106,0.20004571881487776,0,0,1,2025-12-19T16:26:48.456048,4.144007682800293
2017-11-30,30,3,-0.900968867902419,0.43388373911755823,334,0.8609610158889945,-0.5086709438521042,25,0,0,0,False,2,4.382026634673881,4.07753744390572,4.204692619390966,4.174387269895637,4.477336814478207,4.02535169073515,4.30406509320417,4.59511985013459,11,0.8660254037844384,-0.5000000000000004,0,4.153585700434254,4.145105205574832,4.231908052171768,0.16500680579530078,0.1638645392420106,0.20004571881487776,0,0,1,2025-12-19T16:26:48.867888,4.189549446105957
2017-11-29,29,2,-0.22252093395631434,0.9749279121818236,333,0.8520775211013093,-0.5234156073655503,26,48,0,0,False,2,4.382026634673881,4.07753744390572,4.204692619390966,4.174387269895637,4.477336814478207,4.02535169073515,4.30406509320417,4.59511985013459,11,0.8660254037844384,-0.5000000000000004,0,4.153585700434254,4.145105205574832,4.231908052171768,0.1650068057953192,0.16386453924201386,0.2000457188148996,0,0,1,2025-12-19T16:26:48.913076,4.1409907
2017-12-01,1,4,-0.9009688679024191,-0.433883739117558,335,0.8695893893466109,-0.49377555015997737,24,37,0,1,False,2,4.382026634673881,4.07753744390572,4.204692619390966,4.174387269895637,4.477336814478207,4.02535169073515,4.30406509320417,4.59511985013459,12,1.0,-2.4492935982947064e-16,0,4.153585700434254,4.145105205574832,4.231908052171768,0.1650068057953192,0.16386453924201386,0.2000457188148996,0,0,1,2025-12-19T16:26:50.269461,3.9921463
2017-12-02,2,5,-0.2225209339563146,-0.9749279121818236,336,0.8779600847008883,-0.4787338401157883,23,0,0,1,True,2,4.382026634673881,4.07753744390572,4.204692619390966,4.174387269895637,4.477336814478207,4.02535169073515,4.30406509320417,4.59511985013459,12,1.0,-2.4492935982947064e-16,0,4.153585700434254,4.145105205574832,4.231908052171768,0.16500680579530078,0.1638645392420106,0.20004571881487776,0,0,1,2025-12-19T16:26:50.307703,4.078324317932129
2017-12-03,3,6,0.6234898018587334,-0.7818314824680299,337,0.8860706215341378,-0.4635502709028512,22,22,0,1,True,2,4.382026634673881,4.07753744390572,4.204692619390966,4.174387269895637,4.477336814478207,4.02535169073515,4.30406509320417,4.59511985013459,12,1.0,-2.4492935982947064e-16,0,4.153585700434254,4.145105205574832,4.231908052171768,0.1650068057953192,0.16386453924201386,0.2000457188148996,0,0,1,2025-12-19T16:26:50.601041,4.145581
2017-12-04,4,0,1.0,0.0,338,0.893918596519257,-0.4482293417404106,21,0,0,1,False,2,4.382026634673881,4.07753744390572,4.204692619390966,4.174387269895637,4.477336814478207,4.02535169073515,4.30406509320417,4.59511985013459,12,1.0,-2.4492935982947064e-16,0,4.153585700434254,4.145105205574832,4.231908052171768,0.16500680579530078,0.1638645392420106,0.20004571881487776,0,0,1,2025-12-19T16:26:50.994045,3.761777639389038
2017-12-05,5,1,0.6234898018587336,0.7818314824680298,339,0.9015016841318838,-0.4327755925504317,20,29,0,1,False,2,4.382026634673881,4.07753744390572,4.204692619390966,4.174387269895637,4.477336814478207,4.02535169073515,4.30406509320417,4.59511985013459,12,1.0,-2.4492935982947064e-16,0,4.153585700434254,4.145105205574832,4.231908052171768,0.1650068057953192,0.16386453924201386,0.2000457188148996,0,0,1,2025-12-19T16:26:51.054991,3.9281845
2017-12-06,6,2,-0.22252093395631434,0.9749279121818236,340,0.9088176373395028,-0.41719360261231697,19,0,0,1,False,2,4.382026634673881,4.07753744390572,4.204692619390966,4.174387269895637,4.477336814478207,4.02535169073515,4.30406509320417,4.59511985013459,12,1.0,-2.4492935982947064e-16,0,4.153585700434254,4.145105205574832,4.231908052171768,0.16500680579530078,0.1638645392420106,0.20004571881487776,0,0,1,2025-12-19T16:26:52.443296,3.9218475818634033
2017-12-07,7,3,-0.900968867902419,0.43388373911755823,341,0.9158642882672868,-0.4014879892059737,18,10,0,1,False,2,4.382026634673881,4.07753744390572,4.204692619390966,4.174387269895637,4.477336814478207,4.02535169073515,4.30406509320417,4.59511985013459,12,1.0,-2.4492935982947064e-16,7,4.153585700434254,4.145105205574832,4.231908052171768,0.1650068057953192,0.16386453924201386,0.2000457188148996,0,0,1,2025-12-19T16:26:52.532300,4.0044966
2017-12-08,8,4,-0.9009688679024191,-0.433883739117558,342,0.9226395488404875,-0.38566340624360745,17,0,0,1,False,2,4.382026634673881,4.07753744390572,4.204692619390966,4.174387269895637,4.477336814478207,4.02535169073515,4.30406509320417,4.59511985013459,12,1.0,-2.4492935982947064e-16,0,4.153585700434254,4.145105205574832,4.231908052171768,0.16500680579530078,0.1638645392420106,0.20004571881487776,0,0,1,2025-12-19T16:26:52.688336,4.087882995605469
2017-12-09,9,5,-0.2225209339563146,-0.9749279121818236,343,0.9291414114031743,-0.3697245428906732,16,43,0,1,True,2,4.382026634673881,4.07753744390572,4.204692619390966,4.174387269895637,4.477336814478207,4.02535169073515,4.30406509320417,4.59511985013459,12,1.0,-2.4492935982947064e-16,0,4.153585700434254,4.145105205574832,4.231908052171768,0.1650068057953192,0.16386453924201386,0.2000457188148996,0,0,1,2025-12-19T16:26:53.136950,4.144516
2017-12-10,10,6,0.6234898018587334,-0.7818314824680299,344,0.935367949313148,-0.3536761221763721,15,0,0,1,True,2,4.382026634673881,4.07753744390572,4.204692619390966,4.174387269895637,4.477336814478207,4.02535169073515,4.30406509320417,4.59511985013459,12,1.0,-2.4492935982947064e-16,0,4.153585700434254,4.145105205574832,4.231908052171768,0.16500680579530078,0.1638645392420106,0.20004571881487776,0,0,1,2025-12-19T16:26:53.167917,4.181491851806641
2017-12-11,11,0,1.0,0.0,345,0.941317317512847,-0.33752289959411347,14,0,0,0,False,2,4.382026634673881,4.07753744390572,4.204692619390966,4.174387269895637,4.477336814478207,4.02535169073515,4.30406509320417,4.59511985013459,12,1.0,-2.4492935982947064e-16,16,4.153585700434254,4.145105205574832,4.231908052171768,0.1650068057953192,0.16386453924201386,0.2000457188148996,0,0,1,2025-12-19T16:26:54.577446,3.8192337
2017-12-12,12,1,0.6234898018587336,0.7818314824680298,346,0.9469877530760751,-0.32126966169236515,13,0,0,0,False,2,4.382026634673881,4.07753744390572,4.204692619390966,4.174387269895637,4.477336814478207,4.02535169073515,4.30406509320417,4.59511985013459,12,1.0,-2.4492935982947064e-16,0,4.153585700434254,4.145105205574832,4.231908052171768,0.16500680579530078,0.1638645392420106,0.20004571881487776,0,0,1,2025-12-19T16:26:54.643213,3.9772114753723145
2017-12-13,13,2,-0.22252093395631434,0.9749279121818236,347,0.9523775757303973,-0.3049212246562894,12,31,0,0,False,2,4.382026634673881,4.07753744390572,4.204692619390966,4.174387269895637,4.477336814478207,4.02535169073515,4.30406509320417,4.59511985013459,12,1.0,-2.4492935982947064e-16,0,4.153585700434254,4.145105205574832,4.231908052171768,0.1650068057953192,0.16386453924201386,0.2000457188148996,0,0,1,2025-12-19T16:26:54.833585,3.9732547
2017-12-14,14,3,-0.900968867902419,0.43388373911755823,348,0.9574851883550389,-0.2884824328806098,11,0,0,0,False,2,4.382026634673881,4.07753744390572,4.204692619390966,4.174387269895637,4.477336814478207,4.02535169073515,4.30406509320417,4.59511985013459,12,1.0,-2.4492935982947064e-16,0,4.153585700434254,4.145105205574832,4.231908052171768,0.16500680579530078,0.1638645392420106,0.20004571881487776,0,0,1,2025-12-19T16:26:55.262925,4.045224189758301
2017-12-15,15,4,-0.9009688679024191,-0.433883739117558,349,0.9623090774541487,-0.27195815753410524,10,16,0,0,False,2,4.382026634673881,4.07753744390572,4.204692619390966,4.174387269895637,4.477336814478207,4.02535169073515,4.30406509320417,4.59511985013459,12,1.0,-2.4492935982947064e-16,1,4.153585700434254,4.145105205574832,4.231908052171768,0.1650068057953192,0.16386453924201386,0.2000457188148996,0,0,1,2025-12-19T16:26:55.317139,4.118019
2017-12-16,16,5,-0.2225209339563146,-0.9749279121818236,350,0.9668478136052773,-0.2553532951161881,9,0,0,0,True,2,4.382026634673881,4.07753744390572,4.204692619390966,4.174387269895637,4.477336814478207,4.02535169073515,4.30406509320417,4.59511985013459,12,1.0,-2.4492935982947064e-16,0,4.153585700434254,4.145105205574832,4.231908052171768,0.16500680579530078,0.1638645392420106,0.20004571881487776,0,0,1,2025-12-19T16:26:56.677080,4.176117420196533
2017-12-17,17,6,0.6234898018587334,-0.7818314824680299,351,0.9711000518829505,-0.23867276600594997,8,50,0,0,True,2,4.382026634673881,4.07753744390572,4.204692619390966,4.174387269895637,4.477336814478207,4.02535169073515,4.30406509320417,4.59511985013459,12,1.0,-2.4492935982947064e-16,0,4.153585700434254,4.145105205574832,4.231908052171768,0.1650068057953192,0.16386453924201386,0.2000457188148996,0,0,1,2025-12-19T16:26:56.799080,4.2161927
2017-12-18,18,0,1.0,0.0,352,0.9750645322571945,-0.22192151300416674,7,0,0,0,False,2,4.382026634673881,4.07753744390572,4.204692619390966,4.174387269895637,4.477336814478207,4.02535169073515,4.30406509320417,4.59511985013459,12,1.0,-2.4492935982947064e-16,0,4.153585700434254,4.145105205574832,4.231908052171768,0.16500680579530078,0.1638645392420106,0.20004571881487776,0,0,1,2025-12-19T16:26:56.949482,3.8433990478515625
2017-12-19,19,1,0.6234898018587336,0.7818314824680298,353,0.9787400799669153,-0.20510449986861926,6,3,0,0,False,2,4.382026634673881,4.07753744390572,4.204692619390966,4.174387269895637,4.477336814478207,4.02535169073515,4.30406509320417,4.59511985013459,12,1.0,-2.4492935982947064e-16,13,4.153585700434254,4.145105205574832,4.231908052171768,0.1650068057953192,0.16386453924201386,0.2000457188148996,0,0,1,2025-12-19T16:26:57.429091,3.9986534
2024-01-15,15,0,1.0,0.0,15,0.9668478136052775,0.255353295116187,74,0,0,0,False,25,4.48863636973214,4.59511985013459,4.477336814478207,4.59511985013459,4.663439094112067,4.406719247264253,4.68213122712422,4.709530201312334,1,0.8660254037844387,0.49999999999999994,0,4.463595541325947,4.453493615461432,4.546840982703313,0.12605749553497622,0.11424322894960665,0.16617662021209664,0,0,1,2025-12-19T19:54:05.399177,4.335534572601318
2018-01-01,1,0,1.0,0.0,1,0.9998518392091162,0.017213356155834685,0,0,1,1,False,1,3.4339872044851463,3.4339872044851463,3.367295829986474,3.4339872044851463,3.1780538303479458,3.1780538303479458,3.2188758248682006,3.6635616461296463,1,0.8660254037844387,0.49999999999999994,0,3.188463555765254,3.168986625733089,3.2697709932975503,0.2607527153992202,0.2587299443281496,0.24576239152649595,0,0,1,2025-12-19T22:41:06.705380,2.88736891746521
2024-01-15,15,0,1.0,0.0,15,0.9668478136052775,0.255353295116187,74,10,0,0,False,25,4.48863636973214,4.59511985013459,4.477336814478207,4.59511985013459,4.663439094112067,4.406719247264253,4.68213122712422,4.709530201312334,1,0.8660254037844387,0.49999999999999994,7,4.4635955413259465,4.453493615461433,4.546840982703313,0.1260574955349619,0.11424322894960116,0.16617662021207588,0,0,1,2025-12-19T22:41:36.766483,4.3355346
2024-01-15,15,0,1.0,0.0,15,0.9668478136052775,0.255353295116187,74,5,0,0,False,30,3.970291913552122,3.9512437185814275,3.6635616461296463,3.9318256327243257,3.7376696182833684,3.9889840465642745,3.970291913552122,3.9512437185814275,1,0.8660254037844387,0.49999999999999994,11,3.7815237405129247,3.7478435583655014,3.879401084893614,0.18535167945809028,0.23625105431515103,0.2018589216578871,0,0,1,2025-12-19T22:41:36.766483,3.4910505
